StartDate,EndDate,Block,Treatment,Plot,Replicate,SamplingMethod,Family,Genus,Species,Males,Females,Immature
20080718,20080728,Valley,Girdled,1,5,Litter_sifting,LINYPHIIDAE,Ceraticelus,laetabilis,0,2,0
20080519,20080529,Valley,Girdled,1,3,Litter_sifting,SALTICIDAE,immSalt,sp.,0,0,2
20080922,20081002,Valley,Girdled,1,1,Litter_sifting,LINYPHIIDAE,immLiny,sp.,0,0,16
20080718,20080728,Valley,Girdled,1,5,Litter_sifting,AMAUROBIIDAE,immAmau,sp.,0,0,4
20080718,20080728,Valley,Girdled,1,5,Litter_sifting,THOMISIDAE,immThom,sp.,0,0,1
20080718,20080728,Valley,Girdled,1,5,Litter_sifting,HAHNIIDAE,Neoantistea,magna,1,0,0
20080922,20081002,Valley,Girdled,1,1,Litter_sifting,CORINNIDAE,immCori,sp.,0,0,2
20080718,20080728,Valley,Girdled,1,5,Litter_sifting,LINYPHIIDAE,Ceratinella,brunnea,1,1,0
20080922,20081002,Valley,Girdled,1,1,Litter_sifting,LIOCRANIDAE,immLioc,sp.,0,0,1
20080718,20080728,Valley,Girdled,1,5,Litter_sifting,LINYPHIIDAE,Collinsia,oxypaederotipus,0,2,0
20080519,20080529,Valley,Girdled,1,3,Litter_sifting,LINYPHIIDAE,Ceratinella,brunnea,1,1,0
20080519,20080529,Valley,Girdled,1,3,Litter_sifting,LINYPHIIDAE,Tapinocyba,minuta,0,3,0
20080519,20080529,Valley,Girdled,1,3,Litter_sifting,LINYPHIIDAE,Ceraticelus,fissiceps,1,1,0
20080519,20080529,Valley,Girdled,1,3,Litter_sifting,LINYPHIIDAE,Ceraticelus,laetabilis,1,0,0
20080922,20081002,Valley,Girdled,1,5,Litter_sifting,LIOCRANIDAE,Agroeca,ornata,1,0,0
20080718,20080728,Valley,Girdled,1,5,Litter_sifting,LINYPHIIDAE,Tapinocyba,minuta,0,1,0
20080922,20081002,Valley,Girdled,1,2,Litter_sifting,DICTYNIDAE,immDict,sp.,0,0,2
20080922,20081002,Valley,Girdled,1,2,Litter_sifting,LINYPHIIDAE,Sisicottus,montanus,1,0,0
20080922,20081002,Valley,Girdled,1,2,Litter_sifting,LINYPHIIDAE,Walckenaeria,pallida,1,0,0
20080922,20081002,Valley,Girdled,1,2,Litter_sifting,LYCOSIDAE,immLyco,sp.,0,0,5
20080922,20081002,Valley,Girdled,1,2,Litter_sifting,CORINNIDAE,immCori,sp.,0,0,4
20080922,20081002,Valley,Girdled,1,2,Litter_sifting,SALTICIDAE,immSalt,sp.,0,0,10
20080922,20081002,Valley,Girdled,1,1,Litter_sifting,AMAUROBIIDAE,immAmau,sp.,0,0,4
20080922,20081002,Valley,Girdled,1,2,Litter_sifting,LINYPHIIDAE,immLiny,sp.,0,0,37
20080519,20080529,Valley,Girdled,1,3,Litter_sifting,HAHNIDAE,immHahn,sp.,0,0,1
20080922,20081002,Valley,Girdled,1,1,Litter_sifting,HAHNIIDAE,Neoantistea,magna,0,1,0
20080922,20081002,Valley,Girdled,1,1,Litter_sifting,LINYPHIIDAE,Ceratinella,brunnea,2,2,0
20080922,20081002,Valley,Girdled,1,1,Litter_sifting,LINYPHIIDAE,Tapinocyba,minuta,2,2,0
20080922,20081002,Valley,Girdled,1,1,Litter_sifting,LINYPHIIDAE,Ceratinops,annulipes,0,1,0
20080922,20081002,Valley,Girdled,1,1,Litter_sifting,SALTICIDAE,immSalt,sp.,0,0,5
20080922,20081002,Valley,Girdled,1,1,Litter_sifting,AGELENIDAE,immAgel,sp.,0,0,1
20080922,20081002,Valley,Girdled,1,2,Litter_sifting,AMAUROBIIDAE,immAmau,sp.,0,0,25
20080922,20081002,Valley,Girdled,1,3,Litter_sifting,LINYPHIIDAE,immLiny,sp.,0,0,21
20080519,20080529,Valley,Girdled,1,3,Litter_sifting,AMAUROBIIDAE,immAmau,sp.,0,0,2
20080922,20081002,Valley,Girdled,1,3,Litter_sifting,HAHNIIDAE,Hahnia,cinerea,1,0,0
20080922,20081002,Valley,Girdled,1,3,Litter_sifting,LYCOSIDAE,Pirata,montanus,1,0,0
20080922,20081002,Valley,Girdled,1,3,Litter_sifting,ARANEIDAE,immAran,sp.,0,0,1
20080922,20081002,Valley,Girdled,1,3,Litter_sifting,SALTICIDAE,immSalt,sp.,0,0,10
20080922,20081002,Valley,Girdled,1,3,Litter_sifting,LINYPHIIDAE,Tenuiphantes,zebra,1,0,0
20080922,20081002,Valley,Girdled,1,3,Litter_sifting,AMAUROBIIDAE,immAmau,sp.,0,0,20
20080922,20081002,Valley,Girdled,1,3,Litter_sifting,LINYPHIIDAE,Eperigone,brevidentata,0,1,0
20080922,20081002,Valley,Girdled,1,3,Litter_sifting,UNKNOWN,immUnkn,sp.,0,0,5
20080922,20081002,Valley,Girdled,1,5,Litter_sifting,LINYPHIIDAE,Ceratinella,brunnea,0,4,0
20080922,20081002,Valley,Girdled,1,5,Litter_sifting,LINYPHIIDAE,Ceraticelus,laetabilis,0,1,0
20080922,20081002,Valley,Girdled,1,5,Litter_sifting,LINYPHIIDAE,Walckenaeria,pallida,1,1,0
20080922,20081002,Valley,Girdled,1,5,Litter_sifting,LINYPHIIDAE,Walckenaeria,minuta,1,0,0
20080922,20081002,Valley,Girdled,1,5,Litter_sifting,LINYPHIIDAE,Sisicus,penifusifer,1,1,0
20080922,20081002,Valley,Girdled,1,3,Litter_sifting,CORINNIDAE,immCori,sp.,0,0,3
20080922,20081002,Valley,Girdled,1,4,Litter_sifting,LINYPHIIDAE,immLiny,sp.,0,0,2
20080519,20080529,Valley,Girdled,1,3,Litter_sifting,LINYPHIIDAE,immLiny,sp.,0,0,23
20080922,20081002,Valley,Girdled,1,4,Litter_sifting,DICTYNIDAE,Cicurina,arcuata,0,1,0
20080922,20081002,Valley,Girdled,1,4,Litter_sifting,LINYPHIIDAE,Sisicus,penifusifer,1,0,0
20080922,20081002,Valley,Girdled,1,4,Litter_sifting,LINYPHIIDAE,Tenuiphantes,zebra,1,0,0
20080922,20081002,Valley,Girdled,1,4,Litter_sifting,CORINNIDAE,immCori,sp.,0,0,1
20080922,20081002,Valley,Girdled,1,3,Litter_sifting,LINYPHIIDAE,Microneta,viaria,1,0,0
20080922,20081002,Valley,Girdled,1,4,Litter_sifting,AMAUROBIIDAE,immAmau,sp.,0,0,3
20080922,20081002,Valley,Girdled,1,2,Litter_sifting,AMAUROBIIDAE,Amaurobius,borealis,0,2,0
20080922,20081002,Valley,Girdled,1,4,Litter_sifting,SALTICIDAE,immSalt,sp.,0,0,1
20080922,20081002,Valley,Girdled,1,3,Litter_sifting,HAHNIIDAE,Neoantistea,magna,0,1,0
20080922,20081002,Valley,Girdled,1,3,Litter_sifting,AMAUROBIIDAE,Amaurobius,borealis,0,1,0
20080922,20081002,Valley,Girdled,1,3,Litter_sifting,LINYPHIIDAE,Ceratinella,brunnea,2,3,0
20080922,20081002,Valley,Girdled,1,3,Litter_sifting,LINYPHIIDAE,Ceraticelus,laetabilis,2,2,0
20080922,20081002,Valley,Girdled,1,3,Litter_sifting,LINYPHIIDAE,Tapinocyba,simplex,0,1,0
20080922,20081002,Valley,Girdled,1,4,Litter_sifting,LYCOSIDAE,immLyco,sp.,0,0,1
20080519,20080529,Valley,Girdled,1,2,Litter_sifting,GNAPHOSIDAE,Zelotes,fratris,1,0,0
20080922,20081002,Valley,Girdled,1,2,Litter_sifting,DICTYNIDAE,Cicurina,brevis,1,0,0
20080718,20080728,Valley,Girdled,1,2,Litter_sifting,LINYPHIIDAE,LinyToID,ms_bracket_(species5),0,1,0
20080718,20080728,Valley,Girdled,1,2,Litter_sifting,LINYPHIIDAE,Eperigone,brevidentata,1,2,0
20080519,20080529,Valley,Girdled,1,2,Litter_sifting,AMAUROBIIDAE,immAmau,sp.,0,0,2
20080519,20080529,Valley,Girdled,1,2,Litter_sifting,LINYPHIIDAE,immLiny,sp.,0,0,13
20080718,20080728,Valley,Girdled,1,2,Litter_sifting,LYCOSIDAE,immLyco,sp.,0,0,2
20080519,20080529,Valley,Girdled,1,2,Litter_sifting,HAHNIDAE,immHahn,sp.,0,0,2
20080718,20080728,Valley,Girdled,1,2,Litter_sifting,AGELENIDAE,immAgel,sp.,0,0,2
20080519,20080529,Valley,Girdled,1,2,Litter_sifting,CORINNIDAE,Phrurotimpus,borealis,1,0,0
20080519,20080529,Valley,Girdled,1,2,Litter_sifting,LINYPHIIDAE,Tapinocyba,minuta,1,0,0
20080519,20080529,Valley,Girdled,1,2,Litter_sifting,SALTICIDAE,Neon,nelli,0,1,0
20080519,20080529,Valley,Girdled,1,2,Litter_sifting,THERIDIIDAE,Pholcomma,hirsutum,0,1,0
20080519,20080529,Valley,Girdled,1,2,Litter_sifting,LINYPHIIDAE,Ceraticelus,minutus,0,1,0
20080519,20080529,Valley,Girdled,1,2,Litter_sifting,LINYPHIIDAE,Ceraticelus,laetabilis,1,1,0
20080519,20080529,Valley,Girdled,1,2,Litter_sifting,CORINNIDAE,immCori,sp.,0,0,4
20080922,20081002,Valley,Girdled,1,5,Pitfall,LINYPHIIDAE,Eperigone,maculata,0,1,0
20080922,20081002,Valley,Girdled,1,1,Pitfall,HAHNIIDAE,Neoantistea,magna,1,0,0
20080922,20081002,Valley,Girdled,1,1,Pitfall,AMAUROBIIDAE,Wadotes,hybridus,1,0,0
20080922,20081002,Valley,Girdled,1,3,Pitfall,HAHNIIDAE,Neoantistea,magna,1,0,0
20080922,20081002,Valley,Girdled,1,3,Pitfall,AMAUROBIIDAE,Wadotes,hybridus,1,0,0
20080922,20081002,Valley,Girdled,1,2,Pitfall,LYCOSIDAE,immLyco,sp.,0,0,1
20080718,20080728,Valley,Girdled,1,2,Litter_sifting,CORINNIDAE,immCori,sp.,0,0,2
20080922,20081002,Valley,Girdled,1,5,Pitfall,DICTYNIDAE,immDict,sp.,0,0,1
20080718,20080728,Valley,Girdled,1,2,Litter_sifting,CORINNIDAE,Phrurotimpus,borealis,0,1,0
20080718,20080728,Valley,Girdled,1,2,Litter_sifting,UNKNOWN,immUnkn,sp.,0,0,4
20080718,20080728,Valley,Girdled,1,2,Litter_sifting,LINYPHIIDAE,immLiny,sp.,0,0,13
20080718,20080728,Valley,Girdled,1,2,Litter_sifting,HAHNIDAE,immHahn,sp.,0,0,1
20080718,20080728,Valley,Girdled,1,2,Litter_sifting,LIOCRANIDAE,immLioc,sp.,0,0,1
20080718,20080728,Valley,Girdled,1,2,Litter_sifting,GNAPHOSIDAE,immGnap,sp.,0,0,3
20080718,20080728,Valley,Girdled,1,2,Litter_sifting,AMAUROBIIDAE,immAmau,sp.,0,0,13
20080922,20081002,Valley,Girdled,1,2,Pitfall,AMAUROBIIDAE,Wadotes,hybridus,2,0,0
20080718,20080728,Valley,Girdled,1,4,Litter_sifting,LINYPHIIDAE,Ceratinella,brunnea,0,2,0
20080718,20080728,Valley,Girdled,1,3,Litter_sifting,LYCOSIDAE,immLyco,sp.,0,0,1
20080718,20080728,Valley,Girdled,1,3,Litter_sifting,AMAUROBIIDAE,immAmau,sp.,0,0,8
20080718,20080728,Valley,Girdled,1,3,Litter_sifting,LINYPHIIDAE,Tapinocyba,minuta,1,9,0
20080718,20080728,Valley,Girdled,1,3,Litter_sifting,LINYPHIIDAE,Meioneta,simplex,0,2,0
20080718,20080728,Valley,Girdled,1,3,Litter_sifting,LINYPHIIDAE,Ceratinella,brunnea,0,3,0
20080718,20080728,Valley,Girdled,1,2,Litter_sifting,LINYPHIIDAE,Microneta,viaria,0,1,0
20080718,20080728,Valley,Girdled,1,4,Litter_sifting,LINYPHIIDAE,immLiny,sp.,0,0,4
20080519,20080529,Valley,Girdled,1,1,Pitfall,LIOCRANIDAE,Agroeca,ornata,1,0,0
20080922,20081002,Valley,Girdled,1,2,Litter_sifting,LINYPHIIDAE,Ceratinella,brunnea,10,12,0
20080922,20081002,Valley,Girdled,1,2,Litter_sifting,LINYPHIIDAE,Ceraticelus,laetabilis,0,2,0
20080922,20081002,Valley,Girdled,1,2,Litter_sifting,LINYPHIIDAE,Tapinocyba,minuta,1,1,0
20080922,20081002,Valley,Girdled,1,2,Litter_sifting,LINYPHIIDAE,Tapinocyba,simplex,0,1,0
20080922,20081002,Valley,Girdled,1,2,Litter_sifting,LINYPHIIDAE,Tenuiphantes,zebra,4,3,0
20080922,20081002,Valley,Girdled,1,1,Litter_sifting,LINYPHIIDAE,Eperigone,brevidentata,0,1,0
20080718,20080728,Valley,Girdled,1,4,Litter_sifting,AGELENIDAE,immAgel,sp.,0,0,4
20080519,20080529,Valley,Girdled,1,4,Pitfall,AMAUROBIIDAE,Wadotes,calcaratus,0,1,0
20080922,20081002,Valley,Girdled,1,2,Litter_sifting,LINYPHIIDAE,Ceraticelus,fissiceps,2,0,0
20080718,20080728,Valley,Girdled,1,2,Litter_sifting,AMAUROBIIDAE,Amaurobius,borealis,0,1,0
20080718,20080728,Valley,Girdled,1,2,Litter_sifting,SALTICIDAE,Neon,nelli,0,1,0
20080718,20080728,Valley,Girdled,1,1,Litter_sifting,LINYPHIIDAE,immLiny,sp.,0,0,4
20080718,20080728,Valley,Girdled,1,1,Litter_sifting,DICTYNIDAE,immDict,sp.,0,0,1
20080718,20080728,Valley,Girdled,1,1,Litter_sifting,AMAUROBIIDAE,immAmau,sp.,0,0,2
20080718,20080728,Valley,Girdled,1,3,Litter_sifting,LINYPHIIDAE,immLiny,sp.,0,0,13
20080718,20080728,Valley,Girdled,1,1,Litter_sifting,LINYPHIIDAE,Collinsia,oxypaederotipus,0,2,0
20080519,20080529,Valley,Girdled,1,1,Pitfall,LINYPHIIDAE,Walckenaeria,directa,1,0,0
20080519,20080529,Valley,Girdled,1,4,Pitfall,AMAUROBIIDAE,Amaurobius,borealis,5,0,0
20080519,20080529,Valley,Girdled,1,4,Pitfall,LINYPHIIDAE,Ceratinella,brunnea,1,1,0
20080519,20080529,Valley,Girdled,1,4,Pitfall,LINYPHIIDAE,Meioneta,simplex,5,0,0
20080519,20080529,Valley,Girdled,1,1,Pitfall,LYCOSIDAE,Pirata,montanus,4,0,0
20080519,20080529,Valley,Girdled,1,1,Pitfall,AMAUROBIIDAE,Amaurobius,borealis,1,0,0
20080718,20080728,Valley,Girdled,1,2,Litter_sifting,LINYPHIIDAE,Ceraticelus,laetabilis,1,1,0
20080718,20080728,Valley,Girdled,1,1,Litter_sifting,LINYPHIIDAE,Ceratinella,brunnea,0,1,0
20080519,20080529,Valley,Girdled,1,3,Pitfall,AMAUROBIIDAE,Amaurobius,borealis,4,0,0
20080519,20080529,Valley,Girdled,1,2,Pitfall,AMAUROBIIDAE,Amaurobius,borealis,4,0,0
20080519,20080529,Valley,Girdled,1,2,Pitfall,AMAUROBIIDAE,Callobius,bennetti,2,0,0
20080519,20080529,Valley,Girdled,1,4,Litter_sifting,LINYPHIIDAE,Meioneta,simplex,0,1,0
20080519,20080529,Valley,Girdled,1,4,Litter_sifting,LINYPHIIDAE,Tapinocyba,minuta,1,3,0
20080519,20080529,Valley,Girdled,1,3,Pitfall,LINYPHIIDAE,Tapinocyba,minuta,1,0,0
20080519,20080529,Valley,Girdled,1,3,Pitfall,LINYPHIIDAE,Meioneta,simplex,1,0,0
20080519,20080529,Valley,Girdled,1,1,Pitfall,LINYPHIIDAE,Ceraticelus,minutus,0,1,0
20080718,20080728,Valley,Girdled,1,5,Pitfall,HAHNIIDAE,Neoantistea,magna,1,0,0
20080718,20080728,Valley,Girdled,1,5,Pitfall,LINYPHIIDAE,immLiny,sp.,0,0,4
20080519,20080529,Valley,Girdled,1,3,Pitfall,LINYPHIIDAE,Pocadicnemis,americana,2,0,0
20080519,20080529,Valley,Girdled,1,3,Pitfall,DICTYNIDAE,Cicurina,brevis,0,1,0
20080519,20080529,Valley,Girdled,1,1,Litter_sifting,UNKNOWN,immUnkn,sp.,0,0,1
20080519,20080529,Valley,Girdled,1,3,Pitfall,HAHNIIDAE,Cryphoeca,montana,1,0,0
20080519,20080529,Valley,Girdled,1,2,Pitfall,LYCOSIDAE,Pirata,montanus,3,0,0
20080519,20080529,Valley,Girdled,1,3,Pitfall,LYCOSIDAE,Pardosa,xerampelina,2,0,0
20080519,20080529,Valley,Girdled,1,5,Litter_sifting,LYCOSIDAE,immLyco,sp.,0,0,2
20080519,20080529,Valley,Girdled,1,5,Litter_sifting,LINYPHIIDAE,Ceraticelus,minutus,1,0,0
20080519,20080529,Valley,Girdled,1,5,Litter_sifting,LINYPHIIDAE,Collinsia,oxypaederotipus,1,0,0
20080519,20080529,Valley,Girdled,1,5,Litter_sifting,LINYPHIIDAE,Tapinocyba,minuta,4,4,0
20080519,20080529,Valley,Girdled,1,5,Litter_sifting,SALTICIDAE,Neon,nelli,0,1,0
20080519,20080529,Valley,Girdled,1,1,Litter_sifting,AMAUROBIIDAE,Amaurobius,borealis,0,1,0
20080519,20080529,Valley,Girdled,1,1,Litter_sifting,LINYPHIIDAE,Ceraticelus,laetabilis,1,0,0
20080519,20080529,Valley,Girdled,1,1,Litter_sifting,LINYPHIIDAE,Ceratinella,brunnea,0,2,0
20080519,20080529,Valley,Girdled,1,1,Litter_sifting,LINYPHIIDAE,Collinsia,oxypaederotipus,1,0,0
20080519,20080529,Valley,Girdled,1,1,Litter_sifting,LINYPHIIDAE,immLiny,sp.,0,0,2
20080519,20080529,Valley,Girdled,1,3,Pitfall,LYCOSIDAE,Pirata,montanus,1,0,0
20080519,20080529,Valley,Girdled,1,5,Pitfall,AMAUROBIIDAE,Amaurobius,borealis,4,0,0
20080519,20080529,Valley,Girdled,1,4,Litter_sifting,SALTICIDAE,immSalt,sp.,0,0,2
20080519,20080529,Valley,Girdled,1,4,Litter_sifting,AMAUROBIIDAE,immAmau,sp.,0,0,12
20080519,20080529,Valley,Girdled,1,4,Litter_sifting,SALTICIDAE,Neon,nelli,2,0,0
20080922,20081002,Valley,Girdled,1,5,Litter_sifting,LYCOSIDAE,immLyco,sp.,0,0,1
20080922,20081002,Valley,Girdled,1,1,Litter_sifting,LINYPHIIDAE,Ceraticelus,minutus,1,2,0
20080519,20080529,Valley,Girdled,1,4,Litter_sifting,LINYPHIIDAE,Ceraticelus,laetabilis,2,0,0
20080519,20080529,Valley,Girdled,1,4,Litter_sifting,LINYPHIIDAE,Walckenaeria,minuta,1,0,0
20080519,20080529,Valley,Girdled,1,5,Pitfall,LINYPHIIDAE,Tapinocyba,minuta,1,0,0
20080519,20080529,Valley,Girdled,1,5,Pitfall,LINYPHIIDAE,Meioneta,simplex,1,2,0
20080519,20080529,Valley,Girdled,1,5,Pitfall,LINYPHIIDAE,Ceratinella,brunnea,1,0,0
20080519,20080529,Valley,Girdled,1,5,Pitfall,LINYPHIIDAE,Tenuiphantes,zebra,0,1,0
20080519,20080529,Valley,Girdled,1,2,Pitfall,AMAUROBIIDAE,immAmau,sp.,0,0,2
20080519,20080529,Valley,Girdled,1,5,Pitfall,LIOCRANIDAE,Agroeca,ornata,2,0,0
20080519,20080529,Valley,Girdled,1,4,Litter_sifting,LINYPHIIDAE,Ceraticelus,minutus,0,1,0
20080519,20080529,Valley,Girdled,1,5,Pitfall,LYCOSIDAE,Pardosa,xerampelina,2,0,0
20080519,20080529,Valley,Girdled,1,4,Litter_sifting,LINYPHIIDAE,immLiny,sp.,0,0,22
20080519,20080529,Valley,Girdled,1,4,Litter_sifting,LIOCRANIDAE,immLioc,sp.,0,0,2
20080718,20080728,Valley,Girdled,1,4,Pitfall,HAHNIIDAE,Neoantistea,magna,1,0,0
20080718,20080728,Valley,Girdled,1,4,Pitfall,CORINNIDAE,Phrurotimpus,alarius,1,0,0
20080718,20080728,Valley,Girdled,1,4,Pitfall,LINYPHIIDAE,Tapinocyba,minuta,1,0,0
20080718,20080728,Valley,Girdled,1,4,Pitfall,UNKNOWN,immUnkn,sp.,0,0,1
20080519,20080529,Valley,Girdled,1,4,Litter_sifting,LINYPHIIDAE,Collinsia,oxypaederotipus,2,0,0
20080519,20080529,Valley,Girdled,1,2,Pitfall,LINYPHIIDAE,Meioneta,simplex,1,0,0
20080519,20080529,Valley,Girdled,1,2,Pitfall,LINYPHIIDAE,Walckenaeria,directa,1,0,0
20080519,20080529,Valley,Girdled,1,4,Litter_sifting,LINYPHIIDAE,Ceratinella,brunnea,0,1,0
20080519,20080529,Valley,Girdled,1,5,Litter_sifting,LINYPHIIDAE,immLiny,sp.,0,0,19
20080519,20080529,Valley,Girdled,1,5,Pitfall,HAHNIIDAE,Neoantistea,magna,0,1,0
20080718,20080728,Valley,Girdled,1,1,Pitfall,LINYPHIIDAE,Collinsia,oxypaederotipus,0,1,0
20080519,20080529,Valley,Girdled,1,3,Litter_sifting,UNKNOWN,immUnkn,sp.,0,0,1
20080922,20081002,Valley,Girdled,1,5,Litter_sifting,UNKNOWN,immUnkn,sp.,0,0,1
20080718,20080728,Valley,Girdled,1,1,Pitfall,LINYPHIIDAE,Meioneta,simplex,1,0,0
20080718,20080728,Valley,Girdled,1,1,Pitfall,HAHNIIDAE,Neoantistea,magna,4,1,0
20080718,20080728,Valley,Girdled,1,2,Pitfall,LINYPHIIDAE,Eperigone,brevidentata,0,1,0
20080922,20081002,Valley,Girdled,1,5,Litter_sifting,CORINNIDAE,immCori,sp.,0,0,1
20080922,20081002,Valley,Girdled,1,5,Litter_sifting,LINYPHIIDAE,immLiny,sp.,0,0,11
20080922,20081002,Valley,Girdled,1,5,Litter_sifting,SALTICIDAE,immSalt,sp.,0,0,3
20080922,20081002,Valley,Girdled,1,5,Litter_sifting,DICTYNIDAE,immDict,sp.,0,0,1
20080922,20081002,Valley,Girdled,1,5,Litter_sifting,AMAUROBIIDAE,immAmau,sp.,0,0,12
20080718,20080728,Valley,Girdled,1,1,Pitfall,DICTYNIDAE,immDict,sp.,0,0,1
20080922,20081002,Valley,Logged,2,3,Litter_sifting,GNAPHOSIDAE,immGnap,sp.,0,0,2
20080519,20080529,Valley,Logged,2,4,Pitfall,GNAPHOSIDAE,Zelotes,fratris,1,0,0
20080519,20080529,Valley,Logged,2,4,Pitfall,LIOCRANIDAE,Agroeca,ornata,1,0,0
20080519,20080529,Valley,Logged,2,4,Pitfall,HAHNIIDAE,Cryphoeca,montana,1,0,0
20080519,20080529,Valley,Logged,2,4,Pitfall,HAHNIIDAE,Neoantistea,magna,0,2,0
20080519,20080529,Valley,Logged,2,4,Pitfall,LINYPHIIDAE,Walckenaeria,directa,1,0,0
20080519,20080529,Valley,Logged,2,4,Pitfall,LINYPHIIDAE,Meioneta,simplex,2,0,0
20080519,20080529,Valley,Logged,2,4,Pitfall,LINYPHIIDAE,Scylaceus,pallidus,1,0,0
20080922,20081002,Valley,Logged,2,3,Litter_sifting,ARANEIDAE,immAran,sp.,0,0,1
20080922,20081002,Valley,Logged,2,3,Litter_sifting,DICTYNIDAE,immDict,sp.,0,0,1
20080922,20081002,Valley,Logged,2,3,Litter_sifting,CORINNIDAE,immCori,sp.,0,0,3
20080519,20080529,Valley,Logged,2,2,Pitfall,LYCOSIDAE,Pardosa,xerampelina,9,0,0
20080922,20081002,Valley,Logged,2,3,Litter_sifting,SALTICIDAE,immSalt,sp.,0,0,1
20080922,20081002,Valley,Logged,2,3,Litter_sifting,LINYPHIIDAE,Ceratinella,brunnea,0,3,0
20080922,20081002,Valley,Logged,2,3,Pitfall,LYCOSIDAE,immLyco,sp.,0,0,1
20080922,20081002,Valley,Logged,2,3,Pitfall,CORINNIDAE,Castianeira,longipalpa,0,1,0
20080922,20081002,Valley,Logged,2,3,Pitfall,HAHNIIDAE,Neoantistea,magna,1,0,0
20080922,20081002,Valley,Logged,2,3,Pitfall,AMAUROBIIDAE,Wadotes,hybridus,1,0,0
20080519,20080529,Valley,Logged,2,4,Pitfall,LINYPHIIDAE,Tapinocyba,simplex,0,1,0
20080718,20080728,Valley,Logged,2,2,Litter_sifting,LINYPHIIDAE,Ceratinops,annulipes,0,1,0
20080922,20081002,Valley,Logged,2,5,Litter_sifting,SALTICIDAE,immSalt,sp.,0,0,8
20080922,20081002,Valley,Logged,2,5,Litter_sifting,LYCOSIDAE,immLyco,sp.,0,0,2
20080922,20081002,Valley,Logged,2,5,Litter_sifting,LYCOSIDAE,Trochosa,terricola,1,1,0
20080922,20081002,Valley,Logged,2,5,Litter_sifting,AMAUROBIIDAE,immAmau,sp.,0,0,4
20080922,20081002,Valley,Logged,2,5,Litter_sifting,HAHNIIDAE,Neoantistea,magna,0,1,0
20080922,20081002,Valley,Logged,2,5,Litter_sifting,LINYPHIIDAE,Scylaceus,pallidus,1,1,0
20080922,20081002,Valley,Logged,2,5,Litter_sifting,LINYPHIIDAE,immLiny,sp.,0,0,23
20080519,20080529,Valley,Logged,2,4,Pitfall,LYCOSIDAE,Pardosa,xerampelina,1,1,0
20080922,20081002,Valley,Logged,2,5,Litter_sifting,LINYPHIIDAE,Ceratinella,brunnea,3,4,0
20080519,20080529,Valley,Logged,2,1,Pitfall,HAHNIDAE,immHahn,sp.,0,0,1
20080718,20080728,Valley,Logged,2,2,Litter_sifting,LYCOSIDAE,immLyco,sp.,0,0,2
20080718,20080728,Valley,Logged,2,2,Litter_sifting,HAHNIDAE,immHahn,sp.,0,0,1
20080718,20080728,Valley,Logged,2,2,Litter_sifting,LINYPHIIDAE,immLiny,sp.,0,0,1
20080519,20080529,Valley,Logged,2,1,Pitfall,LINYPHIIDAE,Collinsia,oxypaederotipus,1,0,0
20080922,20081002,Valley,Logged,2,5,Litter_sifting,LIOCRANIDAE,immLioc,sp.,0,0,2
20080519,20080529,Valley,Logged,2,2,Litter_sifting,DICTYNIDAE,Emblyna,sublata,0,1,0
20080519,20080529,Valley,Logged,2,1,Pitfall,AMAUROBIIDAE,immAmau,sp.,0,0,1
20080922,20081002,Valley,Logged,2,5,Litter_sifting,CORINNIDAE,immCori,sp.,0,0,9
20080922,20081002,Valley,Logged,2,5,Litter_sifting,LINYPHIIDAE,Ceraticelus,minutus,0,1,0
20080519,20080529,Valley,Logged,2,1,Litter_sifting,GNAPHOSIDAE,Zelotes,hentzi,1,0,0
20080922,20081002,Valley,Logged,2,1,Pitfall,LYCOSIDAE,immLyco,sp.,0,0,1
20080519,20080529,Valley,Logged,2,3,Pitfall,AMAUROBIIDAE,Amaurobius,borealis,6,0,0
20080922,20081002,Valley,Logged,2,5,Litter_sifting,AGELENIDAE,immAgel,sp.,0,0,1
20080519,20080529,Valley,Logged,2,3,Pitfall,LYCOSIDAE,Pirata,montanus,1,0,0
20080519,20080529,Valley,Logged,2,3,Pitfall,LIOCRANIDAE,Agroeca,ornata,1,0,0
20080519,20080529,Valley,Logged,2,3,Pitfall,HAHNIIDAE,Neoantistea,magna,0,2,0
20080922,20081002,Valley,Logged,2,4,Pitfall,CORINNIDAE,Castianeira,longipalpa,2,0,0
20080718,20080728,Valley,Logged,2,3,Pitfall,LINYPHIIDAE,Ceratinella,brunnea,0,1,0
20080519,20080529,Valley,Logged,2,3,Pitfall,GNAPHOSIDAE,Zelotes,duplex,2,0,0
20080519,20080529,Valley,Logged,2,1,Litter_sifting,SALTICIDAE,immSalt,sp.,0,0,1
20080718,20080728,Valley,Logged,2,3,Litter_sifting,LINYPHIIDAE,Ceraticelus,minutus,1,0,0
20080922,20081002,Valley,Logged,2,4,Pitfall,LINYPHIIDAE,Tenuiphantes,zebra,1,1,0
20080922,20081002,Valley,Logged,2,4,Pitfall,LYCOSIDAE,Trochosa,terricola,1,0,0
20080922,20081002,Valley,Logged,2,4,Pitfall,LINYPHIIDAE,Ceratinella,brunnea,1,1,0
20080922,20081002,Valley,Logged,2,4,Pitfall,DICTYNIDAE,Cicurina,arcuata,0,1,0
20080922,20081002,Valley,Logged,2,4,Pitfall,HAHNIIDAE,Neoantistea,magna,1,0,0
20080922,20081002,Valley,Logged,2,2,Pitfall,LYCOSIDAE,immLyco,sp.,0,0,1
20080718,20080728,Valley,Logged,2,3,Pitfall,LINYPHIIDAE,Collinsia,oxypaederotipus,0,1,0
20080718,20080728,Valley,Logged,2,3,Pitfall,CORINNIDAE,Phrurotimpus,alarius,0,1,0
20080718,20080728,Valley,Logged,2,3,Pitfall,LINYPHIIDAE,Ceraticelus,minutus,1,0,0
20080519,20080529,Valley,Logged,2,1,Litter_sifting,LINYPHIIDAE,immLiny,sp.,0,0,1
20080718,20080728,Valley,Logged,2,1,Litter_sifting,LINYPHIIDAE,immLiny,sp.,0,0,1
20080718,20080728,Valley,Logged,2,2,Pitfall,LYCOSIDAE,immLyco,sp.,0,0,3
20080519,20080529,Valley,Logged,2,2,Litter_sifting,GNAPHOSIDAE,immGnap,sp.,0,0,1
20080922,20081002,Valley,Logged,2,2,Pitfall,AMAUROBIIDAE,Wadotes,hybridus,3,0,0
20080718,20080728,Valley,Logged,2,3,Pitfall,GNAPHOSIDAE,Zelotes,fratris,1,0,0
20080718,20080728,Valley,Logged,2,4,Litter_sifting,GNAPHOSIDAE,immGnap,sp.,0,0,1
20080718,20080728,Valley,Logged,2,4,Litter_sifting,LYCOSIDAE,immLyco,sp.,0,0,31
20080718,20080728,Valley,Logged,2,5,Litter_sifting,LINYPHIIDAE,Collinsia,oxypaederotipus,0,1,0
20080718,20080728,Valley,Logged,2,5,Litter_sifting,GNAPHOSIDAE,immGnap,sp.,0,0,3
20080519,20080529,Valley,Logged,2,3,Litter_sifting,LIOCRANIDAE,Agroeca,ornata,0,1,0
20080718,20080728,Valley,Logged,2,5,Litter_sifting,AGELENIDAE,immAgel,sp.,0,0,1
20080922,20081002,Valley,Logged,2,1,Pitfall,CLUBIONIDAE,immClub,sp.,0,0,1
20080718,20080728,Valley,Logged,2,3,Pitfall,GNAPHOSIDAE,immGnap,sp.,0,0,1
20080718,20080728,Valley,Logged,2,3,Pitfall,LINYPHIIDAE,Meioneta,simplex,1,0,0
20080519,20080529,Valley,Logged,2,1,Pitfall,CORINNIDAE,Phrurotimpus,alarius,1,1,0
20080519,20080529,Valley,Logged,2,1,Pitfall,THERIDIIDAE,Robertus,riparius,1,0,0
20080718,20080728,Valley,Logged,2,3,Pitfall,LINYPHIIDAE,Tapinocyba,minuta,1,0,0
20080718,20080728,Valley,Logged,2,3,Pitfall,HAHNIIDAE,Neoantistea,magna,1,0,0
20080519,20080529,Valley,Logged,2,3,Pitfall,LYCOSIDAE,Pardosa,xerampelina,10,0,0
20080519,20080529,Valley,Logged,2,3,Pitfall,LINYPHIIDAE,Meioneta,simplex,5,0,0
20080718,20080728,Valley,Logged,2,3,Litter_sifting,CORINNIDAE,Castianeira,cingulata,1,0,0
20080718,20080728,Valley,Logged,2,5,Litter_sifting,LYCOSIDAE,immLyco,sp.,0,0,1
20080922,20081002,Valley,Logged,2,4,Litter_sifting,LINYPHIIDAE,Walckenaeria,minuta,1,1,0
20080519,20080529,Valley,Logged,2,5,Litter_sifting,UNKNOWN,immUnkn,sp.,0,0,1
20080922,20081002,Valley,Logged,2,4,Litter_sifting,SALTICIDAE,immSalt,sp.,0,0,3
20080922,20081002,Valley,Logged,2,4,Litter_sifting,LINYPHIIDAE,Microneta,viaria,1,0,0
20080922,20081002,Valley,Logged,2,1,Litter_sifting,LINYPHIIDAE,Ceraticelus,minutus,0,2,0
20080922,20081002,Valley,Logged,2,4,Litter_sifting,LIOCRANIDAE,Agroeca,ornata,1,0,0
20080922,20081002,Valley,Logged,2,5,Litter_sifting,LINYPHIIDAE,Ceraticelus,laetabilis,1,0,0
20080922,20081002,Valley,Logged,2,4,Litter_sifting,LINYPHIIDAE,Ceratinops,annulipes,1,0,0
20080922,20081002,Valley,Logged,2,4,Litter_sifting,LYCOSIDAE,immLyco,sp.,0,0,1
20080718,20080728,Valley,Logged,2,1,Pitfall,LYCOSIDAE,Pardosa,distincta,1,0,0
20080718,20080728,Valley,Logged,2,4,Pitfall,HAHNIIDAE,Neoantistea,magna,1,0,0
20080922,20081002,Valley,Logged,2,4,Litter_sifting,LINYPHIIDAE,Tapinocyba,simplex,1,0,0
20080922,20081002,Valley,Logged,2,4,Litter_sifting,LINYPHIIDAE,Ceratinella,brunnea,7,3,0
20080519,20080529,Valley,Logged,2,5,Pitfall,SALTICIDAE,Habronattus,viridipes,2,0,0
20080519,20080529,Valley,Logged,2,5,Pitfall,LYCOSIDAE,Hogna,frondicola,1,0,0
20080519,20080529,Valley,Logged,2,5,Pitfall,HAHNIDAE,immHahn,sp.,0,0,1
20080718,20080728,Valley,Logged,2,5,Pitfall,GNAPHOSIDAE,Zelotes,fratris,0,1,0
20080519,20080529,Valley,Logged,2,5,Pitfall,LYCOSIDAE,immLyco,sp.,0,0,1
20080718,20080728,Valley,Logged,2,1,Pitfall,LYCOSIDAE,immLyco,sp.,0,0,21
20080718,20080728,Valley,Logged,2,1,Pitfall,LYCOSIDAE,Pardosa,xerampelina,0,1,0
20080718,20080728,Valley,Logged,2,5,Pitfall,CORINNIDAE,Phrurotimpus,alarius,0,2,0
20080519,20080529,Valley,Logged,2,4,Litter_sifting,LINYPHIIDAE,Ceratinella,brunnea,0,1,0
20080519,20080529,Valley,Logged,2,4,Litter_sifting,GNAPHOSIDAE,immGnap,sp.,0,0,1
20080718,20080728,Valley,Logged,2,5,Pitfall,SALTICIDAE,Naphrys,pulex,1,0,0
20080718,20080728,Valley,Logged,2,5,Pitfall,CORINNIDAE,Castianeira,cingulata,0,0,2
20080718,20080728,Valley,Logged,2,5,Pitfall,LYCOSIDAE,immLyco,sp.,0,0,3
20080922,20081002,Valley,Logged,2,2,Litter_sifting,LINYPHIIDAE,Ceratinella,brunnea,0,1,0
20080922,20081002,Valley,Logged,2,2,Litter_sifting,LINYPHIIDAE,Walckenaeria,minuta,1,0,0
20080922,20081002,Valley,Logged,2,4,Litter_sifting,CORINNIDAE,immCori,sp.,0,0,2
20080922,20081002,Valley,Logged,2,2,Litter_sifting,SALTICIDAE,immSalt,sp.,0,0,1
20080922,20081002,Valley,Logged,2,4,Litter_sifting,HAHNIIDAE,Neoantistea,magna,0,2,0
20080922,20081002,Valley,Logged,2,4,Litter_sifting,LINYPHIIDAE,immLiny,sp.,0,0,12
20080922,20081002,Valley,Logged,2,4,Litter_sifting,GNAPHOSIDAE,immGnap,sp.,0,0,1
20080519,20080529,Valley,Logged,2,1,Pitfall,LYCOSIDAE,Pardosa,xerampelina,13,1,0
20080519,20080529,Valley,Logged,2,1,Pitfall,GNAPHOSIDAE,Zelotes,fratris,1,2,0
20080519,20080529,Valley,Logged,2,1,Pitfall,LIOCRANIDAE,Agroeca,ornata,1,0,0
20080519,20080529,Valley,Logged,2,1,Pitfall,SALTICIDAE,Habronattus,viridipes,0,1,0
20080519,20080529,Valley,Logged,2,1,Pitfall,LYCOSIDAE,Pirata,montanus,14,1,0
20080519,20080529,Valley,Logged,2,1,Pitfall,AMAUROBIIDAE,Amaurobius,borealis,3,0,0
20080718,20080728,Valley,Logged,2,4,Pitfall,LYCOSIDAE,immLyco,sp.,0,0,1
20080519,20080529,Valley,Logged,2,5,Litter_sifting,GNAPHOSIDAE,Zelotes,duplex,1,0,0
20080519,20080529,Valley,Logged,2,3,Litter_sifting,HAHNIIDAE,Neoantistea,magna,0,1,0
20080922,20081002,Valley,Logged,2,1,Litter_sifting,CLUBIONIDAE,immClub,sp.,0,0,1
20080922,20081002,Valley,Logged,2,1,Litter_sifting,LINYPHIIDAE,immLiny,sp.,0,0,3
20080519,20080529,Valley,Logged,2,5,Litter_sifting,LINYPHIIDAE,immLiny,sp.,0,0,4
20080922,20081002,Valley,Logged,2,1,Litter_sifting,CORINNIDAE,immCori,sp.,0,0,7
20080519,20080529,Valley,Logged,2,5,Pitfall,LIOCRANIDAE,Agroeca,ornata,1,0,0
20080519,20080529,Valley,Logged,2,3,Litter_sifting,LINYPHIIDAE,Ceraticelus,laetabilis,0,1,0
20080922,20081002,Valley,Logged,2,1,Litter_sifting,HAHNIIDAE,Hahnia,cinerea,0,1,0
20080922,20081002,Valley,Logged,2,1,Litter_sifting,AMAUROBIIDAE,immAmau,sp.,0,0,1
20080519,20080529,Valley,Logged,2,5,Pitfall,CORINNIDAE,Phrurotimpus,borealis,0,1,0
20080519,20080529,Valley,Logged,2,5,Pitfall,LINYPHIIDAE,Walckenaeria,pallida,1,0,0
20080519,20080529,Valley,Logged,2,5,Pitfall,LYCOSIDAE,Pardosa,xerampelina,8,1,0
20080922,20081002,Valley,Logged,2,1,Litter_sifting,LINYPHIIDAE,Scylaceus,pallidus,1,0,0
20080922,20081002,Valley,Logged,2,1,Litter_sifting,CORINNIDAE,Phrurotimpus,alarius,0,1,0
20080922,20081002,Valley,Logged,2,1,Litter_sifting,LINYPHIIDAE,Ceratinops,annulipes,0,1,0
20080922,20081002,Valley,Logged,2,1,Litter_sifting,CORINNIDAE,Castianeira,cingulata,0,1,0
20080519,20080529,Valley,Logged,2,5,Litter_sifting,CORINNIDAE,Phrurotimpus,alarius,1,0,0
20080519,20080529,Valley,Logged,2,5,Litter_sifting,LINYPHIIDAE,Tapinocyba,minuta,0,1,0
20080519,20080529,Valley,Logged,2,1,Pitfall,LINYPHIIDAE,Microneta,viaria,1,0,0
20080922,20081002,Valley,Logged,2,1,Litter_sifting,THOMISIDAE,immThom,sp.,0,0,1
20080519,20080529,Valley,Logged,2,5,Litter_sifting,THERIDIIDAE,Pholcomma,hirsutum,0,1,0
20080519,20080529,Valley,Logged,2,3,Litter_sifting,SALTICIDAE,Neon,nelli,1,0,0
20080519,20080529,Valley,Logged,2,5,Litter_sifting,CORINNIDAE,immCori,sp.,0,0,1
20080519,20080529,Valley,Logged,2,5,Litter_sifting,LINYPHIIDAE,Ceratinella,brunnea,0,1,0
20080519,20080529,Valley,Logged,2,5,Litter_sifting,CORINNIDAE,Phrurotimpus,borealis,1,0,0
20080519,20080529,Valley,Logged,2,3,Litter_sifting,UNKNOWN,immUnkn,sp.,0,0,1
20080519,20080529,Valley,Logged,2,3,Litter_sifting,LINYPHIIDAE,immLiny,sp.,0,0,2
20080519,20080529,Valley,Logged,2,3,Litter_sifting,CORINNIDAE,immCori,sp.,0,0,1
20080519,20080529,Valley,Logged,2,3,Litter_sifting,LYCOSIDAE,immLyco,sp.,0,0,1
20080519,20080529,Valley,Logged,2,3,Litter_sifting,AMAUROBIIDAE,immAmau,sp.,0,0,1
20080519,20080529,Valley,Logged,2,3,Litter_sifting,HAHNIDAE,immHahn,sp.,0,0,2
20080519,20080529,Valley,Logged,2,3,Litter_sifting,AMAUROBIIDAE,Amaurobius,borealis,1,0,0
20080519,20080529,Valley,Logged,2,5,Litter_sifting,LYCOSIDAE,immLyco,sp.,0,0,1
20080718,20080728,Valley,Hemlock,3,1,Litter_sifting,AMAUROBIIDAE,immAmau,sp.,0,0,2
20080718,20080728,Valley,Hemlock,3,1,Litter_sifting,LINYPHIIDAE,immLiny,sp.,0,0,8
20080718,20080728,Valley,Hemlock,3,1,Litter_sifting,DICTYNIDAE,immDict,sp.,0,0,3
20080718,20080728,Valley,Hemlock,3,1,Litter_sifting,THERIDIIDAE,immTher,sp.,0,0,5
20080922,20081002,Valley,Hemlock,3,1,Pitfall,GNAPHOSIDAE,immGnap,sp.,0,0,1
20080922,20081002,Valley,Hemlock,3,1,Pitfall,AGELENIDAE,Agelenopsis,utahana,0,1,0
20080922,20081002,Valley,Hemlock,3,2,Pitfall,AMAUROBIIDAE,Wadotes,hybridus,1,0,0
20080718,20080728,Valley,Hemlock,3,1,Litter_sifting,HAHNIDAE,immHahn,sp.,0,0,6
20080718,20080728,Valley,Hemlock,3,1,Litter_sifting,LYCOSIDAE,immLyco,sp.,0,0,1
20080922,20081002,Valley,Hemlock,3,1,Pitfall,AMAUROBIIDAE,Wadotes,calcaratus,1,0,0
20080718,20080728,Valley,Hemlock,3,2,Litter_sifting,HAHNIDAE,immHahn,sp.,0,0,1
20080718,20080728,Valley,Hemlock,3,1,Litter_sifting,HAHNIIDAE,Neoantistea,magna,1,0,0
20080718,20080728,Valley,Hemlock,3,1,Litter_sifting,LINYPHIIDAE,Eperigone,maculata,1,3,0
20080718,20080728,Valley,Hemlock,3,1,Litter_sifting,LINYPHIIDAE,Collinsia,oxypaederotipus,0,6,0
20080718,20080728,Valley,Hemlock,3,1,Litter_sifting,LINYPHIIDAE,Walckenaeria,atrotibialis,0,1,0
20080718,20080728,Valley,Hemlock,3,1,Litter_sifting,THERIDIIDAE,Robertus,riparius,1,3,0
20080718,20080728,Valley,Hemlock,3,2,Litter_sifting,LINYPHIIDAE,Microneta,viaria,0,2,0
20080718,20080728,Valley,Hemlock,3,2,Litter_sifting,LINYPHIIDAE,immLiny,sp.,0,0,5
20080718,20080728,Valley,Hemlock,3,2,Litter_sifting,AMAUROBIIDAE,immAmau,sp.,0,0,14
20080519,20080529,Valley,Hemlock,3,3,Pitfall,LINYPHIIDAE,Ceraticelus,minutus,1,0,0
20080519,20080529,Valley,Hemlock,3,3,Pitfall,LINYPHIIDAE,Walckenaeria,directa,1,0,0
20080519,20080529,Valley,Hemlock,3,3,Pitfall,AMAUROBIIDAE,Amaurobius,borealis,5,0,0
20080718,20080728,Valley,Hemlock,3,2,Litter_sifting,THERIDIIDAE,immTher,sp.,0,0,1
20080718,20080728,Valley,Hemlock,3,2,Litter_sifting,DICTYNIDAE,immDict,sp.,0,0,3
20080718,20080728,Valley,Hemlock,3,2,Litter_sifting,LYCOSIDAE,immLyco,sp.,0,0,1
20080718,20080728,Valley,Hemlock,3,1,Litter_sifting,AMAUROBIIDAE,Amaurobius,borealis,0,2,0
20080519,20080529,Valley,Hemlock,3,4,Pitfall,LINYPHIIDAE,Meioneta,simplex,1,0,0
20080718,20080728,Valley,Hemlock,3,3,Pitfall,LINYPHIIDAE,immLiny,sp.,0,0,1
20080718,20080728,Valley,Hemlock,3,2,Litter_sifting,AMAUROBIIDAE,Amaurobius,borealis,0,1,0
20080718,20080728,Valley,Hemlock,3,2,Litter_sifting,LINYPHIIDAE,Collinsia,oxypaederotipus,0,3,0
20080922,20081002,Valley,Hemlock,3,5,Pitfall,HAHNIIDAE,Neoantistea,magna,0,1,0
20080922,20081002,Valley,Hemlock,3,3,Pitfall,HAHNIIDAE,Neoantistea,magna,1,1,0
20080922,20081002,Valley,Hemlock,3,3,Pitfall,AMAUROBIIDAE,Wadotes,hybridus,2,0,0
20080718,20080728,Valley,Hemlock,3,2,Litter_sifting,CORINNIDAE,immCori,sp.,0,0,1
20080718,20080728,Valley,Hemlock,3,2,Litter_sifting,LINYPHIIDAE,Eperigone,maculata,0,1,0
20080718,20080728,Valley,Hemlock,3,2,Litter_sifting,SALTICIDAE,immSalt,sp.,0,0,1
20080718,20080728,Valley,Hemlock,3,4,Pitfall,LYCOSIDAE,immLyco,sp.,0,0,1
20080718,20080728,Valley,Hemlock,3,4,Pitfall,HAHNIDAE,immHahn,sp.,0,0,1
20080718,20080728,Valley,Hemlock,3,4,Pitfall,LYCOSIDAE,Pirata,montanus,0,1,0
20080718,20080728,Valley,Hemlock,3,4,Pitfall,LINYPHIIDAE,Eperigone,brevidentata,0,1,0
20080718,20080728,Valley,Hemlock,3,2,Litter_sifting,HAHNIIDAE,Neoantistea,magna,3,0,0
20080718,20080728,Valley,Hemlock,3,3,Pitfall,HAHNIIDAE,Neoantistea,magna,1,0,0
20080718,20080728,Valley,Hemlock,3,1,Litter_sifting,UNKNOWN,immUnkn,sp.,0,0,16
20080519,20080529,Valley,Hemlock,3,2,Litter_sifting,LINYPHIIDAE,immLiny,sp.,0,0,5
20080519,20080529,Valley,Hemlock,3,3,Litter_sifting,UNKNOWN,immUnkn,sp.,0,0,1
20080718,20080728,Valley,Hemlock,3,3,Litter_sifting,DICTYNIDAE,immDict,sp.,0,0,1
20080718,20080728,Valley,Hemlock,3,3,Litter_sifting,LYCOSIDAE,immLyco,sp.,0,0,2
20080718,20080728,Valley,Hemlock,3,3,Litter_sifting,CORINNIDAE,immCori,sp.,0,0,1
20080718,20080728,Valley,Hemlock,3,3,Litter_sifting,AMAUROBIIDAE,immAmau,sp.,0,0,4
20080718,20080728,Valley,Hemlock,3,3,Litter_sifting,SALTICIDAE,immSalt,sp.,0,0,2
20080718,20080728,Valley,Hemlock,3,3,Litter_sifting,HAHNIDAE,immHahn,sp.,0,0,3
20080718,20080728,Valley,Hemlock,3,3,Litter_sifting,LINYPHIIDAE,Ceraticelus,laetabilis,0,1,0
20080718,20080728,Valley,Hemlock,3,3,Litter_sifting,UNKNOWN,immUnkn,sp.,0,0,6
20080718,20080728,Valley,Hemlock,3,3,Litter_sifting,LINYPHIIDAE,Ceratinella,brunnea,0,1,0
20080519,20080529,Valley,Hemlock,3,2,Litter_sifting,AMAUROBIIDAE,immAmau,sp.,0,0,1
20080519,20080529,Valley,Hemlock,3,2,Litter_sifting,LYCOSIDAE,immLyco,sp.,0,0,6
20080519,20080529,Valley,Hemlock,3,2,Litter_sifting,HAHNIDAE,immHahn,sp.,0,0,2
20080519,20080529,Valley,Hemlock,3,2,Litter_sifting,LYCOSIDAE,Pirata,montanus,1,0,0
20080519,20080529,Valley,Hemlock,3,2,Litter_sifting,LINYPHIIDAE,Collinsia,oxypaederotipus,1,1,0
20080519,20080529,Valley,Hemlock,3,2,Litter_sifting,LINYPHIIDAE,Ceratinella,brunnea,0,4,0
20080519,20080529,Valley,Hemlock,3,4,Pitfall,AMAUROBIIDAE,Callobius,bennetti,1,0,0
20080718,20080728,Valley,Hemlock,3,3,Litter_sifting,LINYPHIIDAE,immLiny,sp.,0,0,15
20080718,20080728,Valley,Hemlock,3,4,Litter_sifting,DICTYNIDAE,immDict,sp.,0,0,1
20080718,20080728,Valley,Hemlock,3,4,Litter_sifting,AMAUROBIIDAE,Amaurobius,borealis,0,2,0
20080718,20080728,Valley,Hemlock,3,4,Litter_sifting,LINYPHIIDAE,Ceratinella,brunnea,0,1,0
20080718,20080728,Valley,Hemlock,3,4,Litter_sifting,LINYPHIIDAE,Ceraticelus,laetabilis,1,1,0
20080718,20080728,Valley,Hemlock,3,4,Litter_sifting,LINYPHIIDAE,Collinsia,oxypaederotipus,0,4,0
20080718,20080728,Valley,Hemlock,3,4,Litter_sifting,LINYPHIIDAE,Tapinocyba,minuta,0,1,0
20080718,20080728,Valley,Hemlock,3,4,Litter_sifting,HAHNIIDAE,Neoantistea,magna,1,0,0
20080718,20080728,Valley,Hemlock,3,4,Litter_sifting,HAHNIDAE,immHahn,sp.,0,0,3
20080718,20080728,Valley,Hemlock,3,3,Litter_sifting,HAHNIIDAE,Neoantistea,magna,1,0,0
20080718,20080728,Valley,Hemlock,3,4,Litter_sifting,AMAUROBIIDAE,immAmau,sp.,0,0,4
20080519,20080529,Valley,Hemlock,3,3,Litter_sifting,AMAUROBIIDAE,immAmau,sp.,0,0,1
20080519,20080529,Valley,Hemlock,3,4,Litter_sifting,LINYPHIIDAE,Ceratinella,brunnea,1,3,0
20080519,20080529,Valley,Hemlock,3,4,Litter_sifting,LINYPHIIDAE,Meioneta,simplex,1,0,0
20080718,20080728,Valley,Hemlock,3,5,Pitfall,HAHNIIDAE,Neoantistea,magna,3,0,0
20080718,20080728,Valley,Hemlock,3,5,Pitfall,DICTYNIDAE,immDict,sp.,0,0,2
20080922,20081002,Valley,Hemlock,3,4,Pitfall,AMAUROBIIDAE,Wadotes,hybridus,2,0,0
20080519,20080529,Valley,Hemlock,3,5,Litter_sifting,LINYPHIIDAE,Ceratinella,brunnea,0,1,0
20080718,20080728,Valley,Hemlock,3,3,Litter_sifting,LINYPHIIDAE,Collinsia,oxypaederotipus,0,3,0
20080718,20080728,Valley,Hemlock,3,4,Litter_sifting,LINYPHIIDAE,immLiny,sp.,0,0,17
20080718,20080728,Valley,Hemlock,3,1,Pitfall,HAHNIIDAE,Neoantistea,magna,3,0,0
20080519,20080529,Valley,Hemlock,3,4,Litter_sifting,LINYPHIIDAE,Collinsia,oxypaederotipus,1,0,0
20080519,20080529,Valley,Hemlock,3,2,Pitfall,HAHNIIDAE,Cryphoeca,montana,2,0,0
20080519,20080529,Valley,Hemlock,3,2,Pitfall,AMAUROBIIDAE,Amaurobius,borealis,4,0,0
20080519,20080529,Valley,Hemlock,3,4,Pitfall,LINYPHIIDAE,Tapinocyba,minuta,1,1,0
20080519,20080529,Valley,Hemlock,3,4,Pitfall,LINYPHIIDAE,LinyToID,sp2,1,0,0
20080519,20080529,Valley,Hemlock,3,4,Pitfall,LINYPHIIDAE,Walckenaeria,directa,1,0,0
20080519,20080529,Valley,Hemlock,3,4,Pitfall,AMAUROBIIDAE,Amaurobius,borealis,3,0,0
20080718,20080728,Valley,Hemlock,3,5,Litter_sifting,LINYPHIIDAE,immLiny,sp.,0,0,9
20080718,20080728,Valley,Hemlock,3,2,Pitfall,AMAUROBIIDAE,immAmau,sp.,0,0,1
20080718,20080728,Valley,Hemlock,3,5,Litter_sifting,DICTYNIDAE,immDict,sp.,0,0,1
20080519,20080529,Valley,Hemlock,3,3,Litter_sifting,LINYPHIIDAE,Collinsia,oxypaederotipus,9,0,0
20080519,20080529,Valley,Hemlock,3,3,Litter_sifting,LINYPHIIDAE,Tapinocyba,minuta,1,0,0
20080519,20080529,Valley,Hemlock,3,3,Litter_sifting,LINYPHIIDAE,Tapinocyba,simplex,0,1,0
20080519,20080529,Valley,Hemlock,3,3,Litter_sifting,LINYPHIIDAE,Ceratinella,brunnea,2,1,0
20080519,20080529,Valley,Hemlock,3,3,Litter_sifting,LINYPHIIDAE,Ceraticelus,laetabilis,0,1,0
20080519,20080529,Valley,Hemlock,3,3,Litter_sifting,LINYPHIIDAE,Tenuiphantes,zebra,0,1,0
20080718,20080728,Valley,Hemlock,3,1,Pitfall,HAHNIDAE,immHahn,sp.,0,0,2
20080519,20080529,Valley,Hemlock,3,4,Pitfall,AMAUROBIIDAE,Wadotes,hybridus,0,1,0
20080519,20080529,Valley,Hemlock,3,2,Pitfall,LYCOSIDAE,Pirata,montanus,2,0,0
20080519,20080529,Valley,Hemlock,3,3,Litter_sifting,LINYPHIIDAE,immLiny,sp.,0,0,51
20080519,20080529,Valley,Hemlock,3,3,Litter_sifting,LINYPHIIDAE,Meioneta,simplex,1,1,0
20080519,20080529,Valley,Hemlock,3,4,Litter_sifting,LINYPHIIDAE,Ceraticelus,laetabilis,1,0,0
20080519,20080529,Valley,Hemlock,3,4,Litter_sifting,AMAUROBIIDAE,immAmau,sp.,0,0,1
20080519,20080529,Valley,Hemlock,3,4,Litter_sifting,LINYPHIIDAE,immLiny,sp.,0,0,12
20080519,20080529,Valley,Hemlock,3,2,Pitfall,LINYPHIIDAE,Meioneta,simplex,1,0,0
20080519,20080529,Valley,Hemlock,3,2,Pitfall,LINYPHIIDAE,Walckenaeria,directa,1,0,0
20080718,20080728,Valley,Hemlock,3,5,Litter_sifting,UNKNOWN,immUnkn,sp.,0,0,2
20080519,20080529,Valley,Hemlock,3,2,Pitfall,LIOCRANIDAE,Agroeca,ornata,2,0,0
20080718,20080728,Valley,Hemlock,3,1,Pitfall,AMAUROBIIDAE,immAmau,sp.,0,0,1
20080718,20080728,Valley,Hemlock,3,5,Litter_sifting,LINYPHIIDAE,Tapinocyba,minuta,0,2,0
20080718,20080728,Valley,Hemlock,3,5,Litter_sifting,LINYPHIIDAE,Eperigone,brevidentata,0,4,0
20080718,20080728,Valley,Hemlock,3,5,Litter_sifting,LINYPHIIDAE,Ceratinella,brunnea,0,1,0
20080718,20080728,Valley,Hemlock,3,5,Litter_sifting,LINYPHIIDAE,Microneta,viaria,0,1,0
20080718,20080728,Valley,Hemlock,3,5,Litter_sifting,HAHNIIDAE,Neoantistea,magna,1,0,0
20080718,20080728,Valley,Hemlock,3,5,Litter_sifting,LYCOSIDAE,immLyco,sp.,0,0,1
20080718,20080728,Valley,Hemlock,3,5,Litter_sifting,AMAUROBIIDAE,immAmau,sp.,0,0,13
20080519,20080529,Valley,Hemlock,3,2,Pitfall,HAHNIIDAE,Neoantistea,magna,0,1,0
20080922,20081002,Valley,Hemlock,3,5,Litter_sifting,LINYPHIIDAE,Eperigone,brevidentata,0,2,0
20080922,20081002,Valley,Hemlock,3,3,Litter_sifting,UNKNOWN,immUnkn,sp.,0,0,6
20080922,20081002,Valley,Hemlock,3,1,Litter_sifting,LINYPHIIDAE,Ceratinella,brunnea,8,6,0
20080922,20081002,Valley,Hemlock,3,1,Litter_sifting,LINYPHIIDAE,Tapinocyba,minuta,2,3,0
20080922,20081002,Valley,Hemlock,3,1,Litter_sifting,LINYPHIIDAE,Tapinocyba,simplex,1,1,0
20080922,20081002,Valley,Hemlock,3,1,Litter_sifting,LINYPHIIDAE,Collinsia,oxypaederotipus,0,1,0
20080922,20081002,Valley,Hemlock,3,1,Litter_sifting,LINYPHIIDAE,Walckenaeria,minuta,1,0,0
20080922,20081002,Valley,Hemlock,3,1,Litter_sifting,LINYPHIIDAE,Macrargus,multesimus,0,1,0
20080922,20081002,Valley,Hemlock,3,1,Litter_sifting,LINYPHIIDAE,Tenuiphantes,zebra,3,0,0
20080922,20081002,Valley,Hemlock,3,1,Litter_sifting,LINYPHIIDAE,Walckenaeria,directa,1,0,0
20080922,20081002,Valley,Hemlock,3,1,Litter_sifting,DICTYNIDAE,Cicurina,brevis,1,0,0
20080922,20081002,Valley,Hemlock,3,1,Litter_sifting,LYCOSIDAE,immLyco,sp.,0,0,1
20080922,20081002,Valley,Hemlock,3,5,Litter_sifting,SALTICIDAE,Neon,nelli,0,1,0
20080922,20081002,Valley,Hemlock,3,1,Litter_sifting,AMAUROBIIDAE,immAmau,sp.,0,0,20
20080922,20081002,Valley,Hemlock,3,2,Litter_sifting,ARANEIDAE,immAran,sp.,0,0,1
20080922,20081002,Valley,Hemlock,3,2,Litter_sifting,HAHNIIDAE,Neoantistea,magna,0,1,0
20080922,20081002,Valley,Hemlock,3,2,Litter_sifting,LINYPHIIDAE,immLiny,sp.,0,0,12
20080922,20081002,Valley,Hemlock,3,2,Litter_sifting,AMAUROBIIDAE,immAmau,sp.,0,0,5
20080922,20081002,Valley,Hemlock,3,2,Litter_sifting,THERIDIIDAE,immTher,sp.,0,0,2
20080922,20081002,Valley,Hemlock,3,2,Litter_sifting,LYCOSIDAE,immLyco,sp.,0,0,3
20080922,20081002,Valley,Hemlock,3,2,Litter_sifting,THERIDIIDAE,Robertus,riparius,1,0,0
20080922,20081002,Valley,Hemlock,3,1,Litter_sifting,DICTYNIDAE,immDict,sp.,0,0,1
20080922,20081002,Valley,Hemlock,3,2,Litter_sifting,LINYPHIIDAE,Tapinocyba,minuta,0,1,0
20080922,20081002,Valley,Hemlock,3,1,Litter_sifting,LINYPHIIDAE,immLiny,sp.,0,0,19
20080922,20081002,Valley,Hemlock,3,2,Litter_sifting,LINYPHIIDAE,Microneta,viaria,1,1,0
20080922,20081002,Valley,Hemlock,3,1,Litter_sifting,UNKNOWN,immUnkn,sp.,0,0,5
20080922,20081002,Valley,Hemlock,3,5,Litter_sifting,LINYPHIIDAE,Ceraticelus,laetabilis,0,3,0
20080922,20081002,Valley,Hemlock,3,5,Litter_sifting,LINYPHIIDAE,Ceratinella,brunnea,2,5,0
20080922,20081002,Valley,Hemlock,3,5,Litter_sifting,LINYPHIIDAE,Tapinocyba,minuta,1,5,0
20080922,20081002,Valley,Hemlock,3,3,Litter_sifting,LINYPHIIDAE,immLiny,sp.,0,0,10
20080922,20081002,Valley,Hemlock,3,2,Litter_sifting,LINYPHIIDAE,Tenuiphantes,zebra,1,0,0
20080922,20081002,Valley,Hemlock,3,3,Litter_sifting,LINYPHIIDAE,Centromerus,persolutus,0,3,0
20080922,20081002,Valley,Hemlock,3,3,Litter_sifting,THERIDIIDAE,immTher,sp.,0,0,2
20080922,20081002,Valley,Hemlock,3,3,Litter_sifting,AMAUROBIIDAE,Amaurobius,borealis,2,0,0
20080922,20081002,Valley,Hemlock,3,3,Litter_sifting,AMAUROBIIDAE,Callobius,bennetti,0,1,0
20080922,20081002,Valley,Hemlock,3,3,Litter_sifting,THERIDIIDAE,Robertus,riparius,1,1,0
20080922,20081002,Valley,Hemlock,3,3,Litter_sifting,HAHNIIDAE,Neoantistea,magna,0,4,0
20080922,20081002,Valley,Hemlock,3,5,Litter_sifting,AMAUROBIIDAE,immAmau,sp.,0,0,22
20080922,20081002,Valley,Hemlock,3,3,Litter_sifting,LINYPHIIDAE,Eperigone,maculata,0,1,0
20080922,20081002,Valley,Hemlock,3,5,Litter_sifting,LYCOSIDAE,immLyco,sp.,0,0,3
20080922,20081002,Valley,Hemlock,3,3,Litter_sifting,LINYPHIIDAE,Ceratinella,brunnea,1,1,0
20080922,20081002,Valley,Hemlock,3,3,Litter_sifting,LINYPHIIDAE,Ceraticelus,minutus,0,1,0
20080922,20081002,Valley,Hemlock,3,5,Litter_sifting,UNKNOWN,immUnkn,sp.,0,0,1
20080922,20081002,Valley,Hemlock,3,5,Litter_sifting,LINYPHIIDAE,immLiny,sp.,0,0,20
20080922,20081002,Valley,Hemlock,3,5,Litter_sifting,DICTYNIDAE,immDict,sp.,0,0,3
20080922,20081002,Valley,Hemlock,3,5,Pitfall,AMAUROBIIDAE,Wadotes,hybridus,1,0,0
20080922,20081002,Valley,Hemlock,3,3,Litter_sifting,LINYPHIIDAE,Walckenaeria,pallida,0,1,0
20080922,20081002,Valley,Hemlock,3,3,Litter_sifting,AGELENIDAE,immAgel,sp.,0,0,1
20080922,20081002,Valley,Hemlock,3,2,Litter_sifting,LINYPHIIDAE,Ceratinella,brunnea,2,5,0
20080922,20081002,Valley,Hemlock,3,5,Litter_sifting,HAHNIIDAE,Neoantistea,magna,0,2,0
20080922,20081002,Valley,Hemlock,3,5,Litter_sifting,LINYPHIIDAE,Microneta,viaria,0,2,0
20080922,20081002,Valley,Hemlock,3,5,Litter_sifting,LINYPHIIDAE,Tenuiphantes,zebra,0,2,0
20080922,20081002,Valley,Hemlock,3,3,Litter_sifting,AMAUROBIIDAE,immAmau,sp.,0,0,18
20080922,20081002,Valley,Hemlock,3,3,Litter_sifting,LINYPHIIDAE,Tenuiphantes,zebra,1,0,0
20080922,20081002,Valley,Hemlock,3,3,Litter_sifting,CORINNIDAE,immCori,sp.,0,0,1
20080922,20081002,Valley,Hemlock,3,3,Litter_sifting,DICTYNIDAE,immDict,sp.,0,0,2
20080922,20081002,Valley,Hemlock,3,3,Litter_sifting,THOMISIDAE,immThom,sp.,0,0,1
20080922,20081002,Valley,Hemlock,3,3,Litter_sifting,LINYPHIIDAE,Walckenaeria,directa,1,0,0
20080922,20081002,Valley,Hemlock,3,5,Litter_sifting,DICTYNIDAE,Cicurina,arcuata,0,1,0
20080922,20081002,Valley,Hemlock,3,5,Litter_sifting,LINYPHIIDAE,Walckenaeria,directa,1,0,0
20080922,20081002,Valley,Hemlock,3,5,Litter_sifting,LINYPHIIDAE,Sisicus,penifusifer,0,1,0
20080922,20081002,Valley,Hemlock,3,5,Litter_sifting,CORINNIDAE,immCori,sp.,0,0,2
20080922,20081002,Valley,Hemlock,3,3,Litter_sifting,LYCOSIDAE,immLyco,sp.,0,0,10
20080519,20080529,Valley,Hemlock,3,5,Pitfall,LINYPHIIDAE,immLiny,sp.,0,0,1
20080519,20080529,Valley,Hemlock,3,1,Litter_sifting,LINYPHIIDAE,Ceratinella,brunnea,0,1,0
20080519,20080529,Valley,Hemlock,3,1,Litter_sifting,LINYPHIIDAE,Ceraticelus,laetabilis,1,2,0
20080519,20080529,Valley,Hemlock,3,1,Litter_sifting,LINYPHIIDAE,Tapinocyba,minuta,1,4,0
20080519,20080529,Valley,Hemlock,3,1,Litter_sifting,LINYPHIIDAE,Collinsia,oxypaederotipus,4,1,0
20080519,20080529,Valley,Hemlock,3,1,Litter_sifting,LIOCRANIDAE,immLioc,sp.,0,0,1
20080519,20080529,Valley,Hemlock,3,1,Litter_sifting,SALTICIDAE,immSalt,sp.,0,0,1
20080519,20080529,Valley,Hemlock,3,1,Litter_sifting,LYCOSIDAE,immLyco,sp.,0,0,1
20080519,20080529,Valley,Hemlock,3,1,Litter_sifting,HAHNIDAE,immHahn,sp.,0,0,1
20080922,20081002,Valley,Hemlock,3,2,Litter_sifting,UNKNOWN,immUnkn,sp.,0,0,5
20080519,20080529,Valley,Hemlock,3,1,Litter_sifting,AMAUROBIIDAE,immAmau,sp.,0,0,6
20080922,20081002,Valley,Hemlock,3,4,Litter_sifting,UNKNOWN,immUnkn,sp.,0,0,3
20080519,20080529,Valley,Hemlock,3,5,Litter_sifting,LINYPHIIDAE,immLiny,sp.,0,0,10
20080519,20080529,Valley,Hemlock,3,1,Litter_sifting,LINYPHIIDAE,Microneta,viaria,0,1,0
20080519,20080529,Valley,Hemlock,3,5,Litter_sifting,LINYPHIIDAE,Ceraticelus,laetabilis,0,1,0
20080519,20080529,Valley,Hemlock,3,1,Litter_sifting,LINYPHIIDAE,immLiny,sp.,0,0,12
20080519,20080529,Valley,Hemlock,3,5,Pitfall,HAHNIDAE,immHahn,sp.,0,0,1
20080519,20080529,Valley,Hemlock,3,5,Pitfall,LINYPHIIDAE,Walckenaeria,directa,1,0,0
20080519,20080529,Valley,Hemlock,3,5,Pitfall,AMAUROBIIDAE,Callobius,bennetti,1,0,0
20080519,20080529,Valley,Hemlock,3,5,Pitfall,AMAUROBIIDAE,Amaurobius,borealis,5,0,0
20080519,20080529,Valley,Hemlock,3,1,Pitfall,UNKNOWN,immUnkn,sp.,0,0,1
20080519,20080529,Valley,Hemlock,3,1,Pitfall,DICTYNIDAE,immDict,sp.,0,0,1
20080519,20080529,Valley,Hemlock,3,1,Pitfall,LINYPHIIDAE,Ceratinella,brunnea,2,0,0
20080519,20080529,Valley,Hemlock,3,1,Pitfall,LINYPHIIDAE,Walckenaeria,pallida,1,0,0
20080519,20080529,Valley,Hemlock,3,1,Pitfall,LINYPHIIDAE,Tenuiphantes,sabulosus,1,0,0
20080519,20080529,Valley,Hemlock,3,1,Pitfall,AMAUROBIIDAE,Amaurobius,borealis,1,0,0
20080519,20080529,Valley,Hemlock,3,1,Pitfall,LYCOSIDAE,Pirata,montanus,7,0,0
20080519,20080529,Valley,Hemlock,3,5,Litter_sifting,HAHNIDAE,immHahn,sp.,0,0,5
20080519,20080529,Valley,Hemlock,3,5,Litter_sifting,LINYPHIIDAE,Tapinocyba,minuta,2,3,0
20080922,20081002,Valley,Hemlock,3,4,Litter_sifting,AMAUROBIIDAE,immAmau,sp.,0,0,9
20080922,20081002,Valley,Hemlock,3,4,Litter_sifting,HAHNIIDAE,Neoantistea,magna,0,2,0
20080519,20080529,Valley,Hemlock,3,5,Litter_sifting,UNKNOWN,immUnkn,sp.,0,0,1
20080922,20081002,Valley,Hemlock,3,4,Litter_sifting,LYCOSIDAE,immLyco,sp.,0,0,3
20080519,20080529,Valley,Hemlock,3,1,Litter_sifting,AMAUROBIIDAE,Amaurobius,borealis,0,1,0
20080922,20081002,Valley,Hemlock,3,4,Litter_sifting,DICTYNIDAE,immDict,sp.,0,0,4
20080922,20081002,Valley,Hemlock,3,4,Litter_sifting,LINYPHIIDAE,Ceraticelus,laetabilis,1,0,0
20080922,20081002,Valley,Hemlock,3,4,Litter_sifting,LINYPHIIDAE,immLiny,sp.,0,0,29
20080922,20081002,Valley,Hemlock,3,4,Litter_sifting,LINYPHIIDAE,Tenuiphantes,zebra,1,0,0
20080922,20081002,Valley,Hemlock,3,4,Litter_sifting,LINYPHIIDAE,Ceratinella,brunnea,1,2,0
20080922,20081002,Ridge,Logged,4,3,Pitfall,AGELENIDAE,Agelenopsis,utahana,0,1,0
20080922,20081002,Ridge,Logged,4,5,Litter_sifting,LINYPHIIDAE,immLiny,sp.,0,0,4
20080922,20081002,Ridge,Logged,4,5,Litter_sifting,AMAUROBIIDAE,immAmau,sp.,0,0,13
20080519,20080529,Ridge,Logged,4,5,Litter_sifting,AMAUROBIIDAE,Amaurobius,borealis,2,1,0
20080922,20081002,Ridge,Logged,4,5,Litter_sifting,CORINNIDAE,immCori,sp.,0,0,5
20080922,20081002,Ridge,Logged,4,5,Litter_sifting,GNAPHOSIDAE,immGnap,sp.,0,0,1
20080922,20081002,Ridge,Logged,4,5,Litter_sifting,DICTYNIDAE,immDict,sp.,0,0,1
20080922,20081002,Ridge,Logged,4,3,Pitfall,AMAUROBIIDAE,Wadotes,hybridus,2,0,0
20080922,20081002,Ridge,Logged,4,3,Pitfall,LYCOSIDAE,immLyco,sp.,0,0,1
20080922,20081002,Ridge,Logged,4,5,Litter_sifting,LYCOSIDAE,immLyco,sp.,0,0,1
20080922,20081002,Ridge,Logged,4,5,Litter_sifting,CORINNIDAE,Castianeira,cingulata,0,1,1
20080922,20081002,Ridge,Logged,4,5,Litter_sifting,CORINNIDAE,Phrurotimpus,alarius,0,1,0
20080922,20081002,Ridge,Logged,4,5,Litter_sifting,LINYPHIIDAE,Tapinocyba,simplex,0,1,0
20080922,20081002,Ridge,Logged,4,5,Litter_sifting,LINYPHIIDAE,Tenuiphantes,zebra,0,1,0
20080922,20081002,Ridge,Logged,4,5,Litter_sifting,LINYPHIIDAE,Ceraticelus,laetabilis,0,1,0
20080922,20081002,Ridge,Logged,4,5,Litter_sifting,LINYPHIIDAE,Ceratinella,brunnea,1,5,0
20080519,20080529,Ridge,Logged,4,5,Litter_sifting,CORINNIDAE,Phrurotimpus,alarius,3,1,0
20080519,20080529,Ridge,Logged,4,5,Litter_sifting,LINYPHIIDAE,Collinsia,oxypaederotipus,0,1,0
20080519,20080529,Ridge,Logged,4,5,Litter_sifting,LINYPHIIDAE,Ceraticelus,minutus,0,2,0
20080922,20081002,Ridge,Logged,4,5,Litter_sifting,LIOCRANIDAE,immLioc,sp.,0,0,1
20080519,20080529,Ridge,Logged,4,2,Pitfall,GNAPHOSIDAE,Zelotes,duplex,1,0,0
20080718,20080728,Ridge,Logged,4,1,Litter_sifting,HAHNIIDAE,Neoantistea,magna,0,1,0
20080718,20080728,Ridge,Logged,4,1,Litter_sifting,LINYPHIIDAE,Eperigone,brevidentata,0,1,0
20080718,20080728,Ridge,Logged,4,1,Litter_sifting,LINYPHIIDAE,Ceraticelus,minutus,0,1,0
20080718,20080728,Ridge,Logged,4,1,Litter_sifting,SALTICIDAE,immSalt,sp.,0,0,1
20080519,20080529,Ridge,Logged,4,1,Litter_sifting,GNAPHOSIDAE,immGnap,sp.,0,0,4
20080519,20080529,Ridge,Logged,4,2,Pitfall,LYCOSIDAE,Pardosa,xerampelina,5,1,0
20080519,20080529,Ridge,Logged,4,2,Pitfall,AMAUROBIIDAE,Amaurobius,borealis,4,0,0
20080718,20080728,Ridge,Logged,4,1,Litter_sifting,HAHNIDAE,immHahn,sp.,0,0,1
20080718,20080728,Ridge,Logged,4,1,Litter_sifting,LIOCRANIDAE,immLioc,sp.,0,0,1
20080718,20080728,Ridge,Logged,4,1,Litter_sifting,AMAUROBIIDAE,immAmau,sp.,0,0,2
20080718,20080728,Ridge,Logged,4,1,Litter_sifting,AGELENIDAE,immAgel,sp.,0,0,1
20080718,20080728,Ridge,Logged,4,1,Litter_sifting,CORINNIDAE,Castianeira,cingulata,0,0,2
20080519,20080529,Ridge,Logged,4,5,Pitfall,LINYPHIIDAE,Walckenaeria,directa,1,0,0
20080718,20080728,Ridge,Logged,4,1,Litter_sifting,DICTYNIDAE,immDict,sp.,0,0,1
20080519,20080529,Ridge,Logged,4,5,Pitfall,LYCOSIDAE,Pardosa,moesta,0,1,0
20080519,20080529,Ridge,Logged,4,2,Pitfall,AMAUROBIIDAE,Callobius,bennetti,2,0,0
20080519,20080529,Ridge,Logged,4,2,Pitfall,LINYPHIIDAE,Walckenaeria,directa,1,0,0
20080519,20080529,Ridge,Logged,4,2,Pitfall,LINYPHIIDAE,Tapinocyba,minuta,1,0,0
20080519,20080529,Ridge,Logged,4,1,Litter_sifting,AMAUROBIIDAE,immAmau,sp.,0,0,1
20080519,20080529,Ridge,Logged,4,1,Litter_sifting,SALTICIDAE,immSalt,sp.,0,0,2
20080519,20080529,Ridge,Logged,4,1,Litter_sifting,CORINNIDAE,immCori,sp.,0,0,8
20080519,20080529,Ridge,Logged,4,1,Litter_sifting,HAHNIDAE,immHahn,sp.,0,0,1
20080519,20080529,Ridge,Logged,4,1,Litter_sifting,LINYPHIIDAE,immLiny,sp.,0,0,7
20080519,20080529,Ridge,Logged,4,5,Litter_sifting,LINYPHIIDAE,Ceratinella,brunnea,0,2,0
20080519,20080529,Ridge,Logged,4,5,Pitfall,LYCOSIDAE,Pardosa,xerampelina,4,0,0
20080718,20080728,Ridge,Logged,4,5,Litter_sifting,CORINNIDAE,immCori,sp.,0,0,3
20080718,20080728,Ridge,Logged,4,1,Litter_sifting,LINYPHIIDAE,Ceraticelus,laetabilis,1,0,0
20080718,20080728,Ridge,Logged,4,1,Litter_sifting,LINYPHIIDAE,immLiny,sp.,0,0,3
20080718,20080728,Ridge,Logged,4,4,Litter_sifting,LINYPHIIDAE,Scylaceus,pallidus,0,1,0
20080718,20080728,Ridge,Logged,4,3,Litter_sifting,GNAPHOSIDAE,immGnap,sp.,0,0,1
20080519,20080529,Ridge,Logged,4,4,Litter_sifting,THOMISIDAE,immThom,sp.,0,0,1
20080519,20080529,Ridge,Logged,4,4,Litter_sifting,LYCOSIDAE,immLyco,sp.,0,0,1
20080519,20080529,Ridge,Logged,4,4,Litter_sifting,LINYPHIIDAE,Ceratinopsis,interpres,0,1,0
20080519,20080529,Ridge,Logged,4,4,Litter_sifting,CORINNIDAE,Phrurotimpus,borealis,1,0,0
20080718,20080728,Ridge,Logged,4,5,Pitfall,HAHNIIDAE,Neoantistea,magna,3,0,0
20080718,20080728,Ridge,Logged,4,5,Pitfall,CORINNIDAE,Castianeira,cingulata,0,0,1
20080718,20080728,Ridge,Logged,4,5,Pitfall,CORINNIDAE,immCori,sp.,0,0,1
20080718,20080728,Ridge,Logged,4,4,Pitfall,UNKNOWN,immUnkn,sp.,0,0,3
20080519,20080529,Ridge,Logged,4,4,Litter_sifting,LINYPHIIDAE,Collinsia,oxypaederotipus,1,4,0
20080718,20080728,Ridge,Logged,4,4,Pitfall,LINYPHIIDAE,Tapinocyba,minuta,1,0,0
20080718,20080728,Ridge,Logged,4,4,Litter_sifting,LINYPHIIDAE,Ceraticelus,minutus,1,0,0
20080718,20080728,Ridge,Logged,4,4,Litter_sifting,LINYPHIIDAE,Ceraticelus,laetabilis,1,0,0
20080718,20080728,Ridge,Logged,4,4,Litter_sifting,GNAPHOSIDAE,immGnap,sp.,0,0,4
20080718,20080728,Ridge,Logged,4,4,Litter_sifting,LINYPHIIDAE,immLiny,sp.,0,0,1
20080718,20080728,Ridge,Logged,4,3,Litter_sifting,LINYPHIIDAE,immLiny,sp.,0,0,16
20080718,20080728,Ridge,Logged,4,3,Litter_sifting,LINYPHIIDAE,Ceratinops,annulipes,0,1,0
20080718,20080728,Ridge,Logged,4,3,Litter_sifting,HAHNIIDAE,Neoantistea,magna,1,0,0
20080718,20080728,Ridge,Logged,4,5,Litter_sifting,DICTYNIDAE,immDict,sp.,0,0,1
20080519,20080529,Ridge,Logged,4,4,Litter_sifting,LINYPHIIDAE,Eperigone,maculata,0,1,0
20080718,20080728,Ridge,Logged,4,3,Pitfall,HAHNIIDAE,Neoantistea,magna,1,0,0
20080718,20080728,Ridge,Logged,4,2,Pitfall,HAHNIIDAE,Neoantistea,magna,1,0,0
20080718,20080728,Ridge,Logged,4,2,Pitfall,LYCOSIDAE,Pardosa,xerampelina,0,1,0
20080718,20080728,Ridge,Logged,4,2,Pitfall,GNAPHOSIDAE,Zelotes,duplex,0,1,0
20080718,20080728,Ridge,Logged,4,2,Pitfall,HAHNIDAE,immHahn,sp.,0,0,1
20080718,20080728,Ridge,Logged,4,2,Pitfall,LYCOSIDAE,immLyco,sp.,0,0,18
20080718,20080728,Ridge,Logged,4,1,Pitfall,HAHNIIDAE,Neoantistea,magna,2,0,0
20080718,20080728,Ridge,Logged,4,1,Pitfall,LYCOSIDAE,Pardosa,xerampelina,0,1,0
20080718,20080728,Ridge,Logged,4,1,Pitfall,GNAPHOSIDAE,Zelotes,duplex,1,0,0
20080519,20080529,Ridge,Logged,4,4,Litter_sifting,LINYPHIIDAE,immLiny,sp.,0,0,1
20080718,20080728,Ridge,Logged,4,1,Pitfall,LINYPHIIDAE,immLiny,sp.,0,0,1
20080718,20080728,Ridge,Logged,4,3,Litter_sifting,HAHNIDAE,immHahn,sp.,0,0,1
20080718,20080728,Ridge,Logged,4,3,Pitfall,CORINNIDAE,Phrurotimpus,alarius,0,1,0
20080718,20080728,Ridge,Logged,4,3,Pitfall,LYCOSIDAE,immLyco,sp.,0,0,3
20080519,20080529,Ridge,Logged,4,2,Litter_sifting,HAHNIDAE,immHahn,sp.,0,0,2
20080519,20080529,Ridge,Logged,4,2,Litter_sifting,LYCOSIDAE,immLyco,sp.,0,0,1
20080519,20080529,Ridge,Logged,4,2,Litter_sifting,AGELENIDAE,immAgel,sp.,0,0,1
20080718,20080728,Ridge,Logged,4,4,Pitfall,LYCOSIDAE,Pardosa,xerampelina,0,1,0
20080718,20080728,Ridge,Logged,4,4,Pitfall,SALTICIDAE,Neon,nelli,0,1,0
20080718,20080728,Ridge,Logged,4,4,Pitfall,CORINNIDAE,Phrurotimpus,alarius,0,1,0
20080718,20080728,Ridge,Logged,4,1,Pitfall,DICTYNIDAE,Cicurina,robusta,0,1,0
20080718,20080728,Ridge,Logged,4,2,Litter_sifting,LYCOSIDAE,immLyco,sp.,0,0,1
20080718,20080728,Ridge,Logged,4,3,Litter_sifting,LINYPHIIDAE,Ceraticelus,laetabilis,1,0,0
20080718,20080728,Ridge,Logged,4,5,Litter_sifting,SALTICIDAE,Neon,nelli,0,1,0
20080718,20080728,Ridge,Logged,4,5,Litter_sifting,LINYPHIIDAE,Ceratinella,brunnea,0,1,0
20080718,20080728,Ridge,Logged,4,5,Litter_sifting,LINYPHIIDAE,Ceraticelus,minutus,0,1,0
20080718,20080728,Ridge,Logged,4,5,Litter_sifting,LINYPHIIDAE,Tapinocyba,minuta,0,2,0
20080519,20080529,Ridge,Logged,4,5,Litter_sifting,AMAUROBIIDAE,immAmau,sp.,0,0,1
20080718,20080728,Ridge,Logged,4,5,Litter_sifting,LINYPHIIDAE,immLiny,sp.,0,0,2
20080922,20081002,Ridge,Logged,4,5,Litter_sifting,LINYPHIIDAE,Ceraticelus,minutus,2,3,0
20080519,20080529,Ridge,Logged,4,2,Litter_sifting,LINYPHIIDAE,Ceraticelus,minutus,0,3,0
20080718,20080728,Ridge,Logged,4,2,Litter_sifting,GNAPHOSIDAE,immGnap,sp.,0,0,4
20080519,20080529,Ridge,Logged,4,2,Litter_sifting,LINYPHIIDAE,Ceraticelus,laetabilis,1,0,0
20080718,20080728,Ridge,Logged,4,2,Litter_sifting,CORINNIDAE,immCori,sp.,0,0,1
20080718,20080728,Ridge,Logged,4,2,Litter_sifting,LINYPHIIDAE,immLiny,sp.,0,0,1
20080519,20080529,Ridge,Logged,4,2,Litter_sifting,CORINNIDAE,Phrurotimpus,borealis,1,1,0
20080519,20080529,Ridge,Logged,4,2,Litter_sifting,LINYPHIIDAE,Tenuiphantes,sabulosus,0,1,0
20080519,20080529,Ridge,Logged,4,2,Litter_sifting,SALTICIDAE,Neon,nelli,0,1,0
20080519,20080529,Ridge,Logged,4,5,Litter_sifting,LINYPHIIDAE,immLiny,sp.,0,0,2
20080519,20080529,Ridge,Logged,4,5,Litter_sifting,HAHNIDAE,immHahn,sp.,0,0,2
20080519,20080529,Ridge,Logged,4,5,Litter_sifting,SALTICIDAE,immSalt,sp.,0,0,5
20080718,20080728,Ridge,Logged,4,5,Litter_sifting,GNAPHOSIDAE,Zelotes,duplex,0,1,0
20080519,20080529,Ridge,Logged,4,3,Litter_sifting,CORINNIDAE,Phrurotimpus,borealis,0,1,0
20080718,20080728,Ridge,Logged,4,3,Litter_sifting,CORINNIDAE,immCori,sp.,0,0,1
20080718,20080728,Ridge,Logged,4,3,Litter_sifting,SALTICIDAE,immSalt,sp.,0,0,2
20080718,20080728,Ridge,Logged,4,3,Litter_sifting,LINYPHIIDAE,immLiny,sp.,0,0,3
20080519,20080529,Ridge,Logged,4,3,Litter_sifting,LINYPHIIDAE,immLiny,sp.,0,0,18
20080519,20080529,Ridge,Logged,4,3,Litter_sifting,CORINNIDAE,immCori,sp.,0,0,5
20080519,20080529,Ridge,Logged,4,3,Litter_sifting,LIOCRANIDAE,immLioc,sp.,0,0,2
20080519,20080529,Ridge,Logged,4,3,Litter_sifting,HAHNIDAE,immHahn,sp.,0,0,1
20080519,20080529,Ridge,Logged,4,3,Litter_sifting,AMAUROBIIDAE,immAmau,sp.,0,0,1
20080519,20080529,Ridge,Logged,4,2,Litter_sifting,CORINNIDAE,Phrurotimpus,alarius,1,1,0
20080519,20080529,Ridge,Logged,4,3,Litter_sifting,AMAUROBIIDAE,Amaurobius,borealis,1,0,0
20080519,20080529,Ridge,Logged,4,5,Litter_sifting,CORINNIDAE,immCori,sp.,0,0,3
20080519,20080529,Ridge,Logged,4,3,Litter_sifting,LINYPHIIDAE,Ceraticelus,laetabilis,1,0,0
20080519,20080529,Ridge,Logged,4,3,Litter_sifting,SALTICIDAE,Neon,nelli,0,1,0
20080519,20080529,Ridge,Logged,4,3,Litter_sifting,LINYPHIIDAE,Ceratinella,brunnea,0,1,0
20080519,20080529,Ridge,Logged,4,3,Litter_sifting,LINYPHIIDAE,Ceraticelus,minutus,0,4,0
20080519,20080529,Ridge,Logged,4,2,Litter_sifting,LINYPHIIDAE,immLiny,sp.,0,0,3
20080519,20080529,Ridge,Logged,4,2,Litter_sifting,CORINNIDAE,immCori,sp.,0,0,4
20080519,20080529,Ridge,Logged,4,2,Litter_sifting,AMAUROBIIDAE,immAmau,sp.,0,0,1
20080519,20080529,Ridge,Logged,4,2,Litter_sifting,LINYPHIIDAE,Tapinocyba,minuta,0,1,0
20080519,20080529,Ridge,Logged,4,3,Litter_sifting,AGELENIDAE,immAgel,sp.,0,0,2
20080519,20080529,Ridge,Logged,4,3,Pitfall,AMAUROBIIDAE,Amaurobius,borealis,2,0,0
20080519,20080529,Ridge,Logged,4,1,Litter_sifting,LINYPHIIDAE,Collinsia,oxypaederotipus,1,0,0
20080519,20080529,Ridge,Logged,4,1,Pitfall,SALTICIDAE,Pelegrina,proterva,1,0,0
20080519,20080529,Ridge,Logged,4,1,Pitfall,SALTICIDAE,Habronattus,viridipes,1,0,0
20080922,20081002,Ridge,Logged,4,3,Litter_sifting,LINYPHIIDAE,Ceratinella,brunnea,1,0,0
20080922,20081002,Ridge,Logged,4,5,Pitfall,LYCOSIDAE,Hogna,frondicola,1,0,0
20080519,20080529,Ridge,Logged,4,3,Pitfall,GNAPHOSIDAE,Zelotes,fratris,1,0,0
20080519,20080529,Ridge,Logged,4,3,Pitfall,LYCOSIDAE,Trochosa,terricola,0,1,0
20080519,20080529,Ridge,Logged,4,3,Pitfall,LIOCRANIDAE,Agroeca,ornata,2,0,0
20080519,20080529,Ridge,Logged,4,3,Pitfall,LYCOSIDAE,Pardosa,xerampelina,9,0,0
20080922,20081002,Ridge,Logged,4,3,Litter_sifting,GNAPHOSIDAE,immGnap,sp.,0,0,2
20080922,20081002,Ridge,Logged,4,4,Litter_sifting,UNKNOWN,immUnkn,sp.,0,0,3
20080519,20080529,Ridge,Logged,4,3,Pitfall,AMAUROBIIDAE,Callobius,bennetti,1,0,0
20080519,20080529,Ridge,Logged,4,1,Pitfall,AMAUROBIIDAE,Amaurobius,borealis,4,0,0
20080922,20081002,Ridge,Logged,4,1,Litter_sifting,AMAUROBIIDAE,Amaurobius,borealis,0,1,0
20080519,20080529,Ridge,Logged,4,1,Pitfall,HAHNIIDAE,Cryphoeca,montana,1,0,0
20080519,20080529,Ridge,Logged,4,1,Pitfall,GNAPHOSIDAE,Zelotes,duplex,2,0,0
20080519,20080529,Ridge,Logged,4,1,Pitfall,LYCOSIDAE,Pardosa,xerampelina,14,0,0
20080519,20080529,Ridge,Logged,4,1,Litter_sifting,LINYPHIIDAE,Ceraticelus,minutus,0,2,0
20080519,20080529,Ridge,Logged,4,1,Litter_sifting,LINYPHIIDAE,Ceratinella,brunnea,0,2,0
20080519,20080529,Ridge,Logged,4,1,Litter_sifting,THERIDIIDAE,Pholcomma,hirsutum,0,1,0
20080519,20080529,Ridge,Logged,4,3,Pitfall,CORINNIDAE,Phrurotimpus,borealis,2,0,0
20080519,20080529,Ridge,Logged,4,1,Litter_sifting,CORINNIDAE,Phrurotimpus,alarius,2,0,0
20080922,20081002,Ridge,Logged,4,1,Pitfall,AMAUROBIIDAE,immAmau,sp.,0,0,1
20080922,20081002,Ridge,Logged,4,1,Pitfall,LYCOSIDAE,immLyco,sp.,0,0,1
20080922,20081002,Ridge,Logged,4,1,Pitfall,LINYPHIIDAE,Ceratinella,brunnea,0,1,0
20080519,20080529,Ridge,Logged,4,5,Litter_sifting,LIOCRANIDAE,immLioc,sp.,0,0,3
20080922,20081002,Ridge,Logged,4,2,Pitfall,LINYPHIIDAE,Tenuiphantes,zebra,0,1,0
20080922,20081002,Ridge,Logged,4,2,Pitfall,LYCOSIDAE,immLyco,sp.,0,0,3
20080922,20081002,Ridge,Logged,4,2,Pitfall,AMAUROBIIDAE,Wadotes,hybridus,1,0,0
20080922,20081002,Ridge,Logged,4,4,Litter_sifting,HAHNIIDAE,Neoantistea,magna,0,2,0
20080519,20080529,Ridge,Logged,4,1,Pitfall,CORINNIDAE,Phrurotimpus,alarius,1,0,0
20080519,20080529,Ridge,Logged,4,1,Litter_sifting,CORINNIDAE,Phrurotimpus,borealis,2,3,1
20080922,20081002,Ridge,Logged,4,5,Pitfall,LYCOSIDAE,immLyco,sp.,0,0,1
20080922,20081002,Ridge,Logged,4,4,Litter_sifting,LINYPHIIDAE,Tenuiphantes,zebra,0,1,0
20080922,20081002,Ridge,Logged,4,4,Litter_sifting,LINYPHIIDAE,Scylaceus,pallidus,1,0,0
20080922,20081002,Ridge,Logged,4,4,Litter_sifting,CORINNIDAE,immCori,sp.,0,0,11
20080922,20081002,Ridge,Logged,4,4,Litter_sifting,AMAUROBIIDAE,immAmau,sp.,0,0,1
20080922,20081002,Ridge,Logged,4,4,Litter_sifting,THOMISIDAE,immThom,sp.,0,0,1
20080922,20081002,Ridge,Logged,4,4,Litter_sifting,AGELENIDAE,immAgel,sp.,0,0,1
20080922,20081002,Ridge,Logged,4,4,Litter_sifting,ARANEIDAE,immAran,sp.,0,0,1
20080922,20081002,Ridge,Logged,4,4,Litter_sifting,SALTICIDAE,immSalt,sp.,0,0,2
20080922,20081002,Ridge,Logged,4,4,Litter_sifting,LINYPHIIDAE,immLiny,sp.,0,0,5
20080922,20081002,Ridge,Logged,4,4,Litter_sifting,LINYPHIIDAE,Ceraticelus,minutus,0,3,0
20080519,20080529,Ridge,Logged,4,4,Pitfall,LIOCRANIDAE,Agroeca,ornata,4,0,0
20080922,20081002,Ridge,Logged,4,2,Litter_sifting,LINYPHIIDAE,Ceraticelus,minutus,1,3,0
20080922,20081002,Ridge,Logged,4,2,Litter_sifting,LINYPHIIDAE,Ceratinella,brunnea,1,1,0
20080922,20081002,Ridge,Logged,4,2,Litter_sifting,CORINNIDAE,immCori,sp.,0,0,5
20080922,20081002,Ridge,Logged,4,2,Litter_sifting,LINYPHIIDAE,immLiny,sp.,0,0,5
20080519,20080529,Ridge,Logged,4,4,Pitfall,LYCOSIDAE,Pardosa,xerampelina,5,2,0
20080922,20081002,Ridge,Logged,4,1,Litter_sifting,LINYPHIIDAE,immLiny,sp.,0,0,10
20080519,20080529,Ridge,Logged,4,4,Pitfall,SALTICIDAE,Phidippus,whitmani,1,0,0
20080922,20081002,Ridge,Logged,4,2,Litter_sifting,GNAPHOSIDAE,immGnap,sp.,0,0,3
20080519,20080529,Ridge,Logged,4,4,Pitfall,CORINNIDAE,Phrurotimpus,borealis,2,0,0
20080519,20080529,Ridge,Logged,4,4,Pitfall,AMAUROBIIDAE,Amaurobius,borealis,3,0,0
20080922,20081002,Ridge,Logged,4,1,Litter_sifting,LINYPHIIDAE,Tapinocyba,minuta,3,1,0
20080922,20081002,Ridge,Logged,4,3,Litter_sifting,LINYPHIIDAE,Ceraticelus,minutus,0,1,0
20080519,20080529,Ridge,Logged,4,4,Pitfall,HAHNIDAE,immHahn,sp.,0,0,1
20080519,20080529,Ridge,Logged,4,4,Pitfall,LINYPHIIDAE,Tapinocyba,minuta,1,0,0
20080519,20080529,Ridge,Logged,4,4,Pitfall,LYCOSIDAE,Pardosa,moesta,11,1,0
20080922,20081002,Ridge,Logged,4,1,Litter_sifting,LINYPHIIDAE,Sisicus,penifusifer,1,0,0
20080922,20081002,Ridge,Logged,4,3,Litter_sifting,CORINNIDAE,immCori,sp.,0,0,2
20080922,20081002,Ridge,Logged,4,3,Litter_sifting,DICTYNIDAE,immDict,sp.,0,0,2
20080922,20081002,Ridge,Logged,4,1,Litter_sifting,LINYPHIIDAE,Ceraticelus,minutus,2,2,0
20080922,20081002,Ridge,Logged,4,1,Litter_sifting,THERIDIIDAE,Pholcomma,hirsutum,0,1,0
20080922,20081002,Ridge,Logged,4,1,Litter_sifting,LINYPHIIDAE,Ceratinella,brunnea,1,0,0
20080922,20081002,Ridge,Logged,4,1,Litter_sifting,LINYPHIIDAE,Scylaceus,pallidus,1,0,0
20080922,20081002,Ridge,Logged,4,1,Litter_sifting,SALTICIDAE,immSalt,sp.,0,0,1
20080922,20081002,Ridge,Logged,4,1,Litter_sifting,GNAPHOSIDAE,immGnap,sp.,0,0,2
20080922,20081002,Ridge,Logged,4,1,Litter_sifting,CORINNIDAE,immCori,sp.,0,0,6
20080922,20081002,Ridge,Girdled,5,5,Litter_sifting,LINYPHIIDAE,Ceraticelus,minutus,5,5,0
20080519,20080529,Ridge,Girdled,5,3,Pitfall,AMAUROBIIDAE,Amaurobius,borealis,5,0,0
20080519,20080529,Ridge,Girdled,5,3,Litter_sifting,SALTICIDAE,Neon,nelli,1,0,0
20080922,20081002,Ridge,Girdled,5,4,Litter_sifting,LINYPHIIDAE,immLiny,sp.,0,0,17
20080922,20081002,Ridge,Girdled,5,5,Litter_sifting,AMAUROBIIDAE,Amaurobius,borealis,0,4,0
20080519,20080529,Ridge,Girdled,5,5,Pitfall,LINYPHIIDAE,Ceratinella,brunnea,0,1,0
20080519,20080529,Ridge,Girdled,5,3,Litter_sifting,LINYPHIIDAE,immLiny,sp.,0,0,18
20080922,20081002,Ridge,Girdled,5,5,Litter_sifting,HAHNIIDAE,Neoantistea,magna,0,2,0
20080519,20080529,Ridge,Girdled,5,4,Litter_sifting,CORINNIDAE,Phrurotimpus,borealis,0,3,0
20080922,20081002,Ridge,Girdled,5,1,Litter_sifting,AMAUROBIIDAE,Amaurobius,borealis,0,1,0
20080922,20081002,Ridge,Girdled,5,1,Litter_sifting,HAHNIIDAE,Neoantistea,magna,0,2,0
20080922,20081002,Ridge,Girdled,5,1,Litter_sifting,LIOCRANIDAE,Agroeca,ornata,0,1,0
20080922,20081002,Ridge,Girdled,5,1,Litter_sifting,LINYPHIIDAE,Tenuiphantes,zebra,0,1,0
20080519,20080529,Ridge,Girdled,5,4,Litter_sifting,AMAUROBIIDAE,Amaurobius,borealis,0,1,0
20080519,20080529,Ridge,Girdled,5,4,Litter_sifting,LINYPHIIDAE,Ceraticelus,minutus,0,2,0
20080519,20080529,Ridge,Girdled,5,3,Pitfall,LYCOSIDAE,Pardosa,xerampelina,1,0,0
20080519,20080529,Ridge,Girdled,5,5,Pitfall,LINYPHIIDAE,Tenuiphantes,zebra,0,1,0
20080718,20080728,Ridge,Girdled,5,4,Litter_sifting,LINYPHIIDAE,Tenuiphantes,zebra,0,1,0
20080519,20080529,Ridge,Girdled,5,5,Pitfall,LYCOSIDAE,Pardosa,xerampelina,1,0,0
20080922,20081002,Ridge,Girdled,5,5,Litter_sifting,UNKNOWN,immUnkn,sp.,0,0,3
20080922,20081002,Ridge,Girdled,5,4,Litter_sifting,HAHNIDAE,immHahn,sp.,0,0,1
20080519,20080529,Ridge,Girdled,5,5,Pitfall,AMAUROBIIDAE,Amaurobius,borealis,2,1,1
20080519,20080529,Ridge,Girdled,5,3,Litter_sifting,AMAUROBIIDAE,immAmau,sp.,0,0,2
20080519,20080529,Ridge,Girdled,5,4,Litter_sifting,LINYPHIIDAE,Ceratinella,brunnea,0,2,0
20080519,20080529,Ridge,Girdled,5,3,Pitfall,LYCOSIDAE,Pirata,montanus,1,1,0
20080519,20080529,Ridge,Girdled,5,5,Pitfall,LYCOSIDAE,Pirata,montanus,1,0,0
20080519,20080529,Ridge,Girdled,5,3,Litter_sifting,SALTICIDAE,immSalt,sp.,0,0,2
20080519,20080529,Ridge,Girdled,5,4,Litter_sifting,LINYPHIIDAE,Tapinocyba,minuta,0,4,0
20080519,20080529,Ridge,Girdled,5,4,Litter_sifting,LINYPHIIDAE,Microneta,viaria,0,1,0
20080519,20080529,Ridge,Girdled,5,4,Litter_sifting,LINYPHIIDAE,Collinsia,oxypaederotipus,23,7,0
20080718,20080728,Ridge,Girdled,5,4,Litter_sifting,AGELENIDAE,immAgel,sp.,0,0,1
20080922,20081002,Ridge,Girdled,5,5,Litter_sifting,HAHNIIDAE,Hahnia,cinerea,0,1,0
20080718,20080728,Ridge,Girdled,5,4,Litter_sifting,LINYPHIIDAE,Tapinocyba,minuta,0,2,0
20080718,20080728,Ridge,Girdled,5,4,Litter_sifting,UNKNOWN,immUnkn,sp.,0,0,8
20080718,20080728,Ridge,Girdled,5,4,Litter_sifting,LINYPHIIDAE,immLiny,sp.,0,0,24
20080519,20080529,Ridge,Girdled,5,3,Pitfall,AMAUROBIIDAE,immAmau,sp.,0,0,1
20080922,20081002,Ridge,Girdled,5,5,Litter_sifting,LINYPHIIDAE,Tapinocyba,minuta,0,3,0
20080519,20080529,Ridge,Girdled,5,5,Litter_sifting,LINYPHIIDAE,Tapinocyba,minuta,3,0,0
20080922,20081002,Ridge,Girdled,5,5,Litter_sifting,LINYPHIIDAE,Ceraticelus,laetabilis,0,1,0
20080718,20080728,Ridge,Girdled,5,4,Litter_sifting,LYCOSIDAE,immLyco,sp.,0,0,1
20080718,20080728,Ridge,Girdled,5,4,Litter_sifting,LIOCRANIDAE,immLioc,sp.,0,0,1
20080718,20080728,Ridge,Girdled,5,4,Litter_sifting,LINYPHIIDAE,Eperigone,brevidentata,0,1,0
20080718,20080728,Ridge,Girdled,5,4,Litter_sifting,HAHNIIDAE,Hahnia,cinerea,0,1,0
20080718,20080728,Ridge,Girdled,5,4,Litter_sifting,AMAUROBIIDAE,immAmau,sp.,0,0,7
20080718,20080728,Ridge,Girdled,5,4,Litter_sifting,SALTICIDAE,immSalt,sp.,0,0,2
20080718,20080728,Ridge,Girdled,5,4,Litter_sifting,DICTYNIDAE,immDict,sp.,0,0,1
20080922,20081002,Ridge,Girdled,5,5,Litter_sifting,LIOCRANIDAE,Agroeca,ornata,1,0,0
20080922,20081002,Ridge,Girdled,5,5,Litter_sifting,DICTYNIDAE,immDict,sp.,0,0,1
20080922,20081002,Ridge,Girdled,5,5,Litter_sifting,AMAUROBIIDAE,immAmau,sp.,0,0,20
20080922,20081002,Ridge,Girdled,5,5,Litter_sifting,CORINNIDAE,immCori,sp.,0,0,2
20080922,20081002,Ridge,Girdled,5,5,Litter_sifting,LIOCRANIDAE,immLioc,sp.,0,0,1
20080922,20081002,Ridge,Girdled,5,5,Litter_sifting,SALTICIDAE,immSalt,sp.,0,0,3
20080922,20081002,Ridge,Girdled,5,5,Litter_sifting,LINYPHIIDAE,Sisicus,penifusifer,0,1,0
20080922,20081002,Ridge,Girdled,5,5,Litter_sifting,DICTYNIDAE,Cicurina,arcuata,2,0,0
20080922,20081002,Ridge,Girdled,5,5,Litter_sifting,LINYPHIIDAE,immLiny,sp.,0,0,14
20080922,20081002,Ridge,Girdled,5,5,Litter_sifting,LINYPHIIDAE,Tenuiphantes,zebra,0,3,0
20080718,20080728,Ridge,Girdled,5,4,Litter_sifting,AMAUROBIIDAE,Amaurobius,borealis,0,1,0
20080718,20080728,Ridge,Girdled,5,4,Litter_sifting,LINYPHIIDAE,Ceraticelus,minutus,1,2,0
20080718,20080728,Ridge,Girdled,5,4,Litter_sifting,LINYPHIIDAE,Ceratinella,brunnea,0,2,0
20080718,20080728,Ridge,Girdled,5,4,Litter_sifting,LINYPHIIDAE,Ceraticelus,laetabilis,0,1,0
20080718,20080728,Ridge,Girdled,5,4,Litter_sifting,LINYPHIIDAE,Collinsia,oxypaederotipus,0,4,0
20080922,20081002,Ridge,Girdled,5,5,Litter_sifting,AGELENIDAE,immAgel,sp.,0,0,2
20080519,20080529,Ridge,Girdled,5,2,Pitfall,LIOCRANIDAE,Agroeca,ornata,1,0,0
20080519,20080529,Ridge,Girdled,5,5,Litter_sifting,LINYPHIIDAE,Ceratinella,brunnea,0,3,0
20080519,20080529,Ridge,Girdled,5,1,Litter_sifting,AMAUROBIIDAE,immAmau,sp.,0,0,15
20080519,20080529,Ridge,Girdled,5,1,Litter_sifting,SALTICIDAE,immSalt,sp.,0,0,2
20080519,20080529,Ridge,Girdled,5,1,Litter_sifting,LYCOSIDAE,immLyco,sp.,0,0,1
20080519,20080529,Ridge,Girdled,5,1,Litter_sifting,LIOCRANIDAE,immLioc,sp.,0,0,5
20080519,20080529,Ridge,Girdled,5,1,Pitfall,LYCOSIDAE,Pirata,montanus,3,0,0
20080519,20080529,Ridge,Girdled,5,1,Pitfall,LIOCRANIDAE,Agroeca,ornata,2,0,0
20080519,20080529,Ridge,Girdled,5,1,Pitfall,AMAUROBIIDAE,Amaurobius,borealis,10,0,0
20080718,20080728,Ridge,Girdled,5,4,Pitfall,HAHNIIDAE,Neoantistea,magna,1,0,0
20080519,20080529,Ridge,Girdled,5,2,Pitfall,AMAUROBIIDAE,Amaurobius,borealis,6,0,0
20080718,20080728,Ridge,Girdled,5,2,Pitfall,LYCOSIDAE,Pirata,montanus,0,1,0
20080519,20080529,Ridge,Girdled,5,2,Pitfall,DICTYNIDAE,Cicurina,robusta,0,1,0
20080718,20080728,Ridge,Girdled,5,5,Litter_sifting,AMAUROBIIDAE,Amaurobius,borealis,0,1,0
20080718,20080728,Ridge,Girdled,5,5,Litter_sifting,HAHNIIDAE,Neoantistea,magna,0,1,0
20080718,20080728,Ridge,Girdled,5,5,Litter_sifting,LINYPHIIDAE,Tapinocyba,minuta,0,1,0
20080718,20080728,Ridge,Girdled,5,5,Litter_sifting,LINYPHIIDAE,Collinsia,oxypaederotipus,0,3,0
20080718,20080728,Ridge,Girdled,5,5,Litter_sifting,LINYPHIIDAE,Ceraticelus,minutus,0,1,0
20080718,20080728,Ridge,Girdled,5,5,Litter_sifting,LINYPHIIDAE,Ceraticelus,laetabilis,0,1,0
20080718,20080728,Ridge,Girdled,5,5,Litter_sifting,LINYPHIIDAE,Ceratinella,brunnea,0,1,0
20080519,20080529,Ridge,Girdled,5,2,Pitfall,LYCOSIDAE,Pardosa,xerampelina,2,0,0
20080718,20080728,Ridge,Girdled,5,2,Litter_sifting,LINYPHIIDAE,Microneta,viaria,0,1,0
20080519,20080529,Ridge,Girdled,5,2,Litter_sifting,AMAUROBIIDAE,Amaurobius,borealis,0,1,0
20080519,20080529,Ridge,Girdled,5,5,Litter_sifting,LIOCRANIDAE,immLioc,sp.,0,0,1
20080519,20080529,Ridge,Girdled,5,5,Litter_sifting,ARANEIDAE,immAran,sp.,0,0,1
20080519,20080529,Ridge,Girdled,5,5,Litter_sifting,CORINNIDAE,immCori,sp.,0,0,2
20080519,20080529,Ridge,Girdled,5,5,Litter_sifting,LINYPHIIDAE,immLiny,sp.,0,0,16
20080718,20080728,Ridge,Girdled,5,2,Pitfall,AMAUROBIIDAE,immAmau,sp.,0,0,1
20080718,20080728,Ridge,Girdled,5,2,Litter_sifting,AMAUROBIIDAE,Amaurobius,borealis,0,3,0
20080718,20080728,Ridge,Girdled,5,2,Litter_sifting,LINYPHIIDAE,Ceratinella,brunnea,0,2,0
20080519,20080529,Ridge,Girdled,5,1,Litter_sifting,LINYPHIIDAE,immLiny,sp.,0,0,17
20080718,20080728,Ridge,Girdled,5,2,Litter_sifting,LINYPHIIDAE,Collinsia,oxypaederotipus,0,2,0
20080718,20080728,Ridge,Girdled,5,5,Litter_sifting,AMAUROBIIDAE,immAmau,sp.,0,0,13
20080718,20080728,Ridge,Girdled,5,2,Litter_sifting,CORINNIDAE,Phrurotimpus,borealis,1,0,0
20080718,20080728,Ridge,Girdled,5,2,Litter_sifting,HAHNIIDAE,Neoantistea,magna,2,0,0
20080718,20080728,Ridge,Girdled,5,2,Litter_sifting,LINYPHIIDAE,immLiny,sp.,0,0,15
20080718,20080728,Ridge,Girdled,5,2,Litter_sifting,AMAUROBIIDAE,immAmau,sp.,0,0,6
20080718,20080728,Ridge,Girdled,5,2,Litter_sifting,CORINNIDAE,immCori,sp.,0,0,2
20080718,20080728,Ridge,Girdled,5,2,Litter_sifting,DICTYNIDAE,immDict,sp.,0,0,1
20080718,20080728,Ridge,Girdled,5,2,Pitfall,LINYPHIIDAE,Walckenaeria,digitata,1,0,0
20080718,20080728,Ridge,Girdled,5,2,Pitfall,HAHNIIDAE,Neoantistea,magna,2,0,0
20080718,20080728,Ridge,Girdled,5,2,Litter_sifting,LINYPHIIDAE,Eperigone,maculata,0,1,0
20080519,20080529,Ridge,Girdled,5,5,Litter_sifting,LYCOSIDAE,immLyco,sp.,0,0,2
20080519,20080529,Ridge,Girdled,5,2,Pitfall,LINYPHIIDAE,Meioneta,simplex,4,0,0
20080519,20080529,Ridge,Girdled,5,2,Pitfall,HAHNIDAE,immHahn,sp.,0,0,2
20080922,20081002,Ridge,Girdled,5,4,Litter_sifting,HAHNIIDAE,Hahnia,cinerea,0,1,0
20080519,20080529,Ridge,Girdled,5,5,Litter_sifting,LINYPHIIDAE,Collinsia,oxypaederotipus,6,4,0
20080519,20080529,Ridge,Girdled,5,3,Litter_sifting,ARANEIDAE,Araniella,displicata,1,0,0
20080519,20080529,Ridge,Girdled,5,5,Litter_sifting,AMAUROBIIDAE,immAmau,sp.,0,0,6
20080519,20080529,Ridge,Girdled,5,5,Litter_sifting,AMAUROBIIDAE,Amaurobius,borealis,1,0,0
20080519,20080529,Ridge,Girdled,5,5,Litter_sifting,CORINNIDAE,Phrurotimpus,borealis,0,0,1
20080718,20080728,Ridge,Girdled,5,5,Litter_sifting,LYCOSIDAE,Pirata,montanus,0,1,0
20080519,20080529,Ridge,Girdled,5,5,Litter_sifting,LINYPHIIDAE,Tenuiphantes,zebra,0,2,0
20080519,20080529,Ridge,Girdled,5,1,Litter_sifting,AMAUROBIIDAE,Amaurobius,borealis,0,3,0
20080519,20080529,Ridge,Girdled,5,5,Litter_sifting,LYCOSIDAE,Pirata,montanus,1,0,0
20080922,20081002,Ridge,Girdled,5,3,Litter_sifting,LINYPHIIDAE,Ceratinella,brunnea,2,4,0
20080519,20080529,Ridge,Girdled,5,4,Litter_sifting,LINYPHIIDAE,immLiny,sp.,0,0,24
20080519,20080529,Ridge,Girdled,5,4,Litter_sifting,AMAUROBIIDAE,immAmau,sp.,0,0,3
20080519,20080529,Ridge,Girdled,5,4,Litter_sifting,LYCOSIDAE,immLyco,sp.,0,0,1
20080519,20080529,Ridge,Girdled,5,4,Litter_sifting,HAHNIDAE,immHahn,sp.,0,0,1
20080519,20080529,Ridge,Girdled,5,4,Litter_sifting,SALTICIDAE,immSalt,sp.,0,0,8
20080519,20080529,Ridge,Girdled,5,4,Litter_sifting,CORINNIDAE,immCori,sp.,0,0,3
20080519,20080529,Ridge,Girdled,5,5,Litter_sifting,LINYPHIIDAE,Macrargus,multesimus,0,1,0
20080519,20080529,Ridge,Girdled,5,1,Litter_sifting,LYCOSIDAE,Pirata,montanus,1,0,0
20080519,20080529,Ridge,Girdled,5,3,Pitfall,LIOCRANIDAE,Agroeca,ornata,3,0,0
20080718,20080728,Ridge,Girdled,5,5,Litter_sifting,CORINNIDAE,immCori,sp.,0,0,3
20080718,20080728,Ridge,Girdled,5,5,Litter_sifting,SALTICIDAE,immSalt,sp.,0,0,2
20080718,20080728,Ridge,Girdled,5,5,Litter_sifting,LINYPHIIDAE,immLiny,sp.,0,0,30
20080718,20080728,Ridge,Girdled,5,5,Litter_sifting,DICTYNIDAE,immDict,sp.,0,0,1
20080718,20080728,Ridge,Girdled,5,5,Litter_sifting,LIOCRANIDAE,immLioc,sp.,0,0,2
20080519,20080529,Ridge,Girdled,5,1,Litter_sifting,CORINNIDAE,immCori,sp.,0,0,6
20080519,20080529,Ridge,Girdled,5,1,Litter_sifting,HAHNIDAE,immHahn,sp.,0,0,2
20080519,20080529,Ridge,Girdled,5,2,Pitfall,LINYPHIIDAE,Ceratinella,brunnea,0,1,0
20080519,20080529,Ridge,Girdled,5,1,Litter_sifting,THOMISIDAE,Ozyptila,distans,1,0,0
20080519,20080529,Ridge,Girdled,5,2,Pitfall,LINYPHIIDAE,Tenuiphantes,zebra,0,1,0
20080519,20080529,Ridge,Girdled,5,1,Litter_sifting,LINYPHIIDAE,Ceraticelus,laetabilis,1,0,0
20080519,20080529,Ridge,Girdled,5,1,Litter_sifting,SALTICIDAE,Neon,nelli,1,0,0
20080519,20080529,Ridge,Girdled,5,1,Litter_sifting,CORINNIDAE,Phrurotimpus,alarius,3,1,0
20080519,20080529,Ridge,Girdled,5,1,Litter_sifting,LINYPHIIDAE,Collinsia,oxypaederotipus,3,1,0
20080519,20080529,Ridge,Girdled,5,1,Litter_sifting,LINYPHIIDAE,LinyToID,sp3,0,1,0
20080519,20080529,Ridge,Girdled,5,1,Litter_sifting,LINYPHIIDAE,Ceratinella,brunnea,0,4,0
20080519,20080529,Ridge,Girdled,5,1,Litter_sifting,LINYPHIIDAE,Ceraticelus,minutus,0,4,0
20080519,20080529,Ridge,Girdled,5,1,Litter_sifting,LINYPHIIDAE,Tenuiphantes,zebra,0,2,0
20080718,20080728,Ridge,Girdled,5,5,Litter_sifting,LYCOSIDAE,immLyco,sp.,0,0,3
20080519,20080529,Ridge,Girdled,5,1,Litter_sifting,THOMISIDAE,immThom,sp.,0,0,1
20080519,20080529,Ridge,Girdled,5,2,Litter_sifting,LINYPHIIDAE,Walckenaeria,minuta,0,1,0
20080519,20080529,Ridge,Girdled,5,2,Litter_sifting,UNKNOWN,immUnkn,sp.,0,0,3
20080922,20081002,Ridge,Girdled,5,2,Litter_sifting,LINYPHIIDAE,immLiny,sp.,0,0,13
20080519,20080529,Ridge,Girdled,5,3,Litter_sifting,LINYPHIIDAE,Microneta,viaria,1,0,0
20080922,20081002,Ridge,Girdled,5,5,Pitfall,LINYPHIIDAE,Tenuiphantes,zebra,0,1,0
20080922,20081002,Ridge,Girdled,5,4,Litter_sifting,AMAUROBIIDAE,immAmau,sp.,0,0,8
20080519,20080529,Ridge,Girdled,5,2,Litter_sifting,LINYPHIIDAE,Tenuiphantes,zebra,0,1,0
20080922,20081002,Ridge,Girdled,5,2,Litter_sifting,SALTICIDAE,immSalt,sp.,0,0,4
20080519,20080529,Ridge,Girdled,5,2,Litter_sifting,LINYPHIIDAE,Ceraticelus,minutus,0,1,0
20080922,20081002,Ridge,Girdled,5,2,Litter_sifting,LINYPHIIDAE,Walckenaeria,brevicornis,1,0,0
20080519,20080529,Ridge,Girdled,5,2,Litter_sifting,LINYPHIIDAE,Tapinocyba,minuta,1,0,0
20080519,20080529,Ridge,Girdled,5,2,Litter_sifting,CORINNIDAE,immCori,sp.,0,0,1
20080519,20080529,Ridge,Girdled,5,2,Litter_sifting,HAHNIDAE,immHahn,sp.,0,0,2
20080519,20080529,Ridge,Girdled,5,2,Litter_sifting,AMAUROBIIDAE,immAmau,sp.,0,0,1
20080519,20080529,Ridge,Girdled,5,2,Litter_sifting,LINYPHIIDAE,immLiny,sp.,0,0,12
20080718,20080728,Ridge,Girdled,5,3,Litter_sifting,SALTICIDAE,Neon,nelli,0,1,0
20080519,20080529,Ridge,Girdled,5,2,Litter_sifting,LINYPHIIDAE,Microneta,viaria,0,1,0
20080718,20080728,Ridge,Girdled,5,3,Litter_sifting,UNKNOWN,immUnkn,sp.,0,0,8
20080718,20080728,Ridge,Girdled,5,3,Litter_sifting,LINYPHIIDAE,Tapinocyba,minuta,0,2,0
20080718,20080728,Ridge,Girdled,5,3,Litter_sifting,LINYPHIIDAE,Ceraticelus,laetabilis,0,2,0
20080718,20080728,Ridge,Girdled,5,3,Litter_sifting,AMAUROBIIDAE,immAmau,sp.,0,0,3
20080718,20080728,Ridge,Girdled,5,3,Litter_sifting,SALTICIDAE,immSalt,sp.,0,0,3
20080718,20080728,Ridge,Girdled,5,3,Litter_sifting,AGELENIDAE,immAgel,sp.,0,0,1
20080718,20080728,Ridge,Girdled,5,3,Litter_sifting,GNAPHOSIDAE,immGnap,sp.,0,0,2
20080922,20081002,Ridge,Girdled,5,2,Litter_sifting,AMAUROBIIDAE,immAmau,sp.,0,0,15
20080718,20080728,Ridge,Girdled,5,3,Litter_sifting,LINYPHIIDAE,immLiny,sp.,0,0,19
20080718,20080728,Ridge,Girdled,5,3,Pitfall,HAHNIIDAE,Neoantistea,magna,1,0,0
20080519,20080529,Ridge,Girdled,5,4,Pitfall,AMAUROBIIDAE,Amaurobius,borealis,7,0,0
20080519,20080529,Ridge,Girdled,5,4,Pitfall,LYCOSIDAE,Pirata,montanus,5,1,0
20080519,20080529,Ridge,Girdled,5,4,Pitfall,LIOCRANIDAE,Agroeca,ornata,3,0,0
20080519,20080529,Ridge,Girdled,5,4,Pitfall,DICTYNIDAE,Cicurina,arcuata,0,1,0
20080519,20080529,Ridge,Girdled,5,4,Pitfall,LYCOSIDAE,Pardosa,xerampelina,1,0,0
20080519,20080529,Ridge,Girdled,5,4,Pitfall,UNKNOWN,unk_toID,ms_ventral_spike,1,0,0
20080718,20080728,Ridge,Girdled,5,3,Litter_sifting,LIOCRANIDAE,immLioc,sp.,0,0,1
20080922,20081002,Ridge,Girdled,5,2,Litter_sifting,LYCOSIDAE,immLyco,sp.,0,0,2
20080519,20080529,Ridge,Girdled,5,2,Litter_sifting,SALTICIDAE,immSalt,sp.,0,0,1
20080718,20080728,Ridge,Girdled,5,1,Litter_sifting,AMAUROBIIDAE,immAmau,sp.,0,0,3
20080718,20080728,Ridge,Girdled,5,1,Litter_sifting,LINYPHIIDAE,immLiny,sp.,0,0,30
20080718,20080728,Ridge,Girdled,5,1,Litter_sifting,UNKNOWN,immUnkn,sp.,0,0,8
20080922,20081002,Ridge,Girdled,5,4,Pitfall,AMAUROBIIDAE,Wadotes,hybridus,3,0,0
20080922,20081002,Ridge,Girdled,5,4,Pitfall,LIOCRANIDAE,Agroeca,ornata,1,1,0
20080718,20080728,Ridge,Girdled,5,1,Litter_sifting,SALTICIDAE,immSalt,sp.,0,0,2
20080922,20081002,Ridge,Girdled,5,2,Litter_sifting,LINYPHIIDAE,immLiny,sp.,0,0,20
20080718,20080728,Ridge,Girdled,5,1,Litter_sifting,LYCOSIDAE,immLyco,sp.,0,0,1
20080922,20081002,Ridge,Girdled,5,2,Litter_sifting,SALTICIDAE,immSalt,sp.,0,0,2
20080922,20081002,Ridge,Girdled,5,2,Litter_sifting,AMAUROBIIDAE,immAmau,sp.,0,0,12
20080922,20081002,Ridge,Girdled,5,2,Litter_sifting,AGELENIDAE,immAgel,sp.,0,0,1
20080922,20081002,Ridge,Girdled,5,3,Litter_sifting,LINYPHIIDAE,LinytoID,ms_Erigoniidbleary_(species4),0,1,0
20080922,20081002,Ridge,Girdled,5,3,Litter_sifting,DICTYNIDAE,Cicurina,arcuata,1,1,0
20080922,20081002,Ridge,Girdled,5,3,Litter_sifting,LINYPHIIDAE,Walckenaeria,minuta,1,2,0
20080922,20081002,Ridge,Girdled,5,3,Litter_sifting,LINYPHIIDAE,Ceraticelus,minutus,0,2,0
20080718,20080728,Ridge,Girdled,5,1,Litter_sifting,LINYPHIIDAE,Ceratinella,brunnea,0,4,0
20080718,20080728,Ridge,Girdled,5,3,Pitfall,LINYPHIIDAE,Tapinocyba,minuta,1,0,0
20080718,20080728,Ridge,Girdled,5,1,Pitfall,LINYPHIIDAE,Collinsia,oxypaederotipus,0,1,0
20080718,20080728,Ridge,Girdled,5,1,Pitfall,HAHNIIDAE,Neoantistea,magna,2,0,0
20080718,20080728,Ridge,Girdled,5,5,Pitfall,LYCOSIDAE,Pirata,montanus,0,1,0
20080718,20080728,Ridge,Girdled,5,5,Pitfall,LYCOSIDAE,immLyco,sp.,0,0,1
20080718,20080728,Ridge,Girdled,5,5,Pitfall,CORINNIDAE,Phrurotimpus,borealis,0,1,0
20080718,20080728,Ridge,Girdled,5,1,Litter_sifting,AGELENIDAE,immAgel,sp.,0,0,1
20080718,20080728,Ridge,Girdled,5,1,Litter_sifting,LINYPHIIDAE,Tapinocyba,minuta,0,2,0
20080922,20081002,Ridge,Girdled,5,5,Pitfall,UNKNOWN,immUnkn,sp.,0,0,1
20080718,20080728,Ridge,Girdled,5,1,Litter_sifting,LINYPHIIDAE,Ceraticelus,laetabilis,1,2,0
20080718,20080728,Ridge,Girdled,5,1,Litter_sifting,LINYPHIIDAE,Eperigone,brevidentata,0,1,0
20080718,20080728,Ridge,Girdled,5,1,Litter_sifting,LINYPHIIDAE,Microneta,viaria,0,1,0
20080718,20080728,Ridge,Girdled,5,1,Litter_sifting,LINYPHIIDAE,Ceraticelus,minutus,1,0,0
20080718,20080728,Ridge,Girdled,5,1,Litter_sifting,LIOCRANIDAE,immLioc,sp.,0,0,2
20080718,20080728,Ridge,Girdled,5,1,Litter_sifting,CORINNIDAE,immCori,sp.,0,0,3
20080718,20080728,Ridge,Girdled,5,5,Pitfall,HAHNIIDAE,Neoantistea,magna,1,0,0
20080922,20081002,Ridge,Girdled,5,1,Litter_sifting,CORINNIDAE,immCori,sp.,0,0,1
20080922,20081002,Ridge,Girdled,5,2,Litter_sifting,LINYPHIIDAE,Tenuiphantes,sabulosus,1,0,0
20080922,20081002,Ridge,Girdled,5,1,Litter_sifting,SALTICIDAE,immSalt,sp.,0,0,5
20080922,20081002,Ridge,Girdled,5,1,Litter_sifting,LIOCRANIDAE,immLioc,sp.,0,0,1
20080922,20081002,Ridge,Girdled,5,3,Pitfall,LINYPHIIDAE,immLiny,sp.,0,0,2
20080922,20081002,Ridge,Girdled,5,3,Pitfall,LINYPHIIDAE,Ceratinella,brunnea,0,1,0
20080922,20081002,Ridge,Girdled,5,3,Pitfall,LINYPHIIDAE,Tenuiphantes,zebra,0,1,0
20080922,20081002,Ridge,Girdled,5,1,Litter_sifting,LINYPHIIDAE,Microneta,viaria,1,1,0
20080922,20081002,Ridge,Girdled,5,1,Litter_sifting,AMAUROBIIDAE,immAmau,sp.,0,0,19
20080922,20081002,Ridge,Girdled,5,2,Pitfall,LIOCRANIDAE,Agroeca,ornata,1,0,0
20080922,20081002,Ridge,Girdled,5,1,Litter_sifting,LINYPHIIDAE,immLiny,sp.,0,0,16
20080922,20081002,Ridge,Girdled,5,1,Litter_sifting,UNKNOWN,immUnkn,sp.,0,0,2
20080922,20081002,Ridge,Girdled,5,2,Litter_sifting,LINYPHIIDAE,Ceratinella,brunnea,8,7,0
20080922,20081002,Ridge,Girdled,5,2,Litter_sifting,LINYPHIIDAE,Ceraticelus,laetabilis,0,1,0
20080922,20081002,Ridge,Girdled,5,2,Litter_sifting,LINYPHIIDAE,Tenuiphantes,zebra,1,2,0
20080922,20081002,Ridge,Girdled,5,2,Litter_sifting,LIOCRANIDAE,Agroeca,ornata,0,1,0
20080922,20081002,Ridge,Girdled,5,5,Pitfall,AMAUROBIIDAE,Wadotes,hybridus,1,0,0
20080922,20081002,Ridge,Girdled,5,4,Litter_sifting,LINYPHIIDAE,Tapinocyba,minuta,2,1,0
20080519,20080529,Ridge,Girdled,5,3,Litter_sifting,LINYPHIIDAE,Eperigone,maculata,1,0,0
20080519,20080529,Ridge,Girdled,5,3,Litter_sifting,LINYPHIIDAE,Meioneta,simplex,0,1,0
20080519,20080529,Ridge,Girdled,5,3,Litter_sifting,LINYPHIIDAE,Ceraticelus,laetabilis,1,1,0
20080922,20081002,Ridge,Girdled,5,4,Litter_sifting,GNAPHOSIDAE,immGnap,sp.,0,0,1
20080922,20081002,Ridge,Girdled,5,4,Litter_sifting,SALTICIDAE,immSalt,sp.,0,0,2
20080922,20081002,Ridge,Girdled,5,4,Litter_sifting,AGELENIDAE,immAgel,sp.,0,0,1
20080922,20081002,Ridge,Girdled,5,1,Litter_sifting,LINYPHIIDAE,Ceratinella,brunnea,4,8,0
20080922,20081002,Ridge,Girdled,5,4,Litter_sifting,LINYPHIIDAE,Ceraticelus,minutus,3,3,0
20080922,20081002,Ridge,Girdled,5,1,Pitfall,LINYPHIIDAE,Tenuiphantes,zebra,0,1,0
20080922,20081002,Ridge,Girdled,5,4,Litter_sifting,AMAUROBIIDAE,Amaurobius,borealis,0,2,0
20080519,20080529,Ridge,Girdled,5,3,Litter_sifting,LINYPHIIDAE,Ceraticelus,minutus,0,1,0
20080519,20080529,Ridge,Girdled,5,3,Litter_sifting,LINYPHIIDAE,Ceratinella,brunnea,0,5,0
20080519,20080529,Ridge,Girdled,5,3,Litter_sifting,LINYPHIIDAE,Collinsia,oxypaederotipus,5,1,0
20080519,20080529,Ridge,Girdled,5,3,Litter_sifting,LINYPHIIDAE,Tapinocyba,minuta,4,3,0
20080519,20080529,Ridge,Girdled,5,3,Litter_sifting,LINYPHIIDAE,Tenuiphantes,zebra,0,1,0
20080922,20081002,Ridge,Girdled,5,4,Litter_sifting,LINYPHIIDAE,Ceratinella,brunnea,2,1,0
20080922,20081002,Ridge,Girdled,5,1,Litter_sifting,LYCOSIDAE,immLyco,sp.,0,0,2
20080922,20081002,Ridge,Hemlock,6,5,Litter_sifting,THERIDIIDAE,Robertus,pumilus,1,0,0
20080519,20080529,Ridge,Hemlock,6,5,Litter_sifting,AMAUROBIIDAE,Amaurobius,borealis,1,4,0
20080718,20080728,Ridge,Hemlock,6,2,Pitfall,LINYPHIIDAE,Eperigone,maculata,1,0,0
20080922,20081002,Ridge,Hemlock,6,2,Litter_sifting,AMAUROBIIDAE,Amaurobius,borealis,0,2,0
20080922,20081002,Ridge,Hemlock,6,5,Litter_sifting,UNKNOWN,immUnkn,sp.,0,0,3
20080922,20081002,Ridge,Hemlock,6,5,Litter_sifting,LINYPHIIDAE,immLiny,sp.,0,0,7
20080718,20080728,Ridge,Hemlock,6,4,Pitfall,AMAUROBIIDAE,immAmau,sp.,0,0,1
20080519,20080529,Ridge,Hemlock,6,3,Litter_sifting,HAHNIDAE,immHahn,sp.,0,0,1
20080519,20080529,Ridge,Hemlock,6,3,Litter_sifting,AMAUROBIIDAE,immAmau,sp.,0,0,8
20080519,20080529,Ridge,Hemlock,6,3,Litter_sifting,AMAUROBIIDAE,Amaurobius,borealis,0,1,0
20080922,20081002,Ridge,Hemlock,6,5,Litter_sifting,LYCOSIDAE,immLyco,sp.,0,0,9
20080519,20080529,Ridge,Hemlock,6,3,Litter_sifting,LINYPHIIDAE,Ceratinella,brunnea,0,4,0
20080922,20081002,Ridge,Hemlock,6,5,Litter_sifting,LINYPHIIDAE,Helophora,insignis,0,1,0
20080519,20080529,Ridge,Hemlock,6,3,Litter_sifting,LINYPHIIDAE,Ceraticelus,laetabilis,0,2,0
20080922,20081002,Ridge,Hemlock,6,5,Litter_sifting,LINYPHIIDAE,Tenuiphantes,zebra,2,1,0
20080922,20081002,Ridge,Hemlock,6,5,Litter_sifting,LINYPHIIDAE,Ceratinella,brunnea,0,3,0
20080922,20081002,Ridge,Hemlock,6,5,Litter_sifting,HAHNIIDAE,Neoantistea,magna,0,2,0
20080922,20081002,Ridge,Hemlock,6,5,Litter_sifting,AMAUROBIIDAE,Amaurobius,borealis,1,4,0
20080519,20080529,Ridge,Hemlock,6,4,Litter_sifting,LINYPHIIDAE,Centromerus,persolutus,2,5,0
20080922,20081002,Ridge,Hemlock,6,5,Litter_sifting,AGELENIDAE,immAgel,sp.,0,0,1
20080519,20080529,Ridge,Hemlock,6,4,Litter_sifting,DICTYNIDAE,immDict,sp.,0,0,1
20080519,20080529,Ridge,Hemlock,6,4,Litter_sifting,HAHNIDAE,immHahn,sp.,0,0,1
20080519,20080529,Ridge,Hemlock,6,5,Litter_sifting,LINYPHIIDAE,Collinsia,oxypaederotipus,0,2,0
20080922,20081002,Ridge,Hemlock,6,5,Litter_sifting,AMAUROBIIDAE,immAmau,sp.,0,0,13
20080922,20081002,Ridge,Hemlock,6,2,Litter_sifting,LYCOSIDAE,immLyco,sp.,0,0,10
20080519,20080529,Ridge,Hemlock,6,5,Litter_sifting,LINYPHIIDAE,Centromerus,persolutus,0,1,0
20080922,20081002,Ridge,Hemlock,6,2,Litter_sifting,LINYPHIIDAE,Tenuiphantes,zebra,0,1,0
20080922,20081002,Ridge,Hemlock,6,2,Litter_sifting,LINYPHIIDAE,Centromerus,persolutus,2,0,0
20080922,20081002,Ridge,Hemlock,6,2,Litter_sifting,LINYPHIIDAE,Tapinocyba,minuta,5,3,0
20080922,20081002,Ridge,Hemlock,6,2,Litter_sifting,LINYPHIIDAE,Ceraticelus,laetabilis,1,2,0
20080519,20080529,Ridge,Hemlock,6,2,Litter_sifting,LINYPHIIDAE,Ceratinella,buna,0,1,0
20080519,20080529,Ridge,Hemlock,6,2,Pitfall,AMAUROBIIDAE,Amaurobius,borealis,4,0,0
20080519,20080529,Ridge,Hemlock,6,5,Litter_sifting,HAHNIIDAE,Cryphoeca,montana,1,0,0
20080519,20080529,Ridge,Hemlock,6,5,Litter_sifting,LYCOSIDAE,Pirata,montanus,1,0,0
20080922,20081002,Ridge,Hemlock,6,2,Litter_sifting,LINYPHIIDAE,Ceratinella,brunnea,3,7,0
20080718,20080728,Ridge,Hemlock,6,4,Pitfall,AMAUROBIIDAE,Amaurobius,borealis,0,1,0
20080519,20080529,Ridge,Hemlock,6,2,Litter_sifting,LINYPHIIDAE,Collinsia,oxypaederotipus,2,0,0
20080519,20080529,Ridge,Hemlock,6,2,Pitfall,LYCOSIDAE,immLyco,sp.,0,0,2
20080519,20080529,Ridge,Hemlock,6,2,Litter_sifting,LINYPHIIDAE,Walckenaeria,pallida,1,0,0
20080922,20081002,Ridge,Hemlock,6,1,Litter_sifting,LINYPHIIDAE,Microneta,viaria,0,1,0
20080519,20080529,Ridge,Hemlock,6,4,Litter_sifting,AMAUROBIIDAE,Amaurobius,borealis,1,3,0
20080519,20080529,Ridge,Hemlock,6,4,Litter_sifting,LINYPHIIDAE,Collinsia,oxypaederotipus,20,6,0
20080922,20081002,Ridge,Hemlock,6,5,Litter_sifting,SALTICIDAE,immSalt,sp.,0,0,3
20080519,20080529,Ridge,Hemlock,6,3,Litter_sifting,CORINNIDAE,immCori,sp.,0,0,1
20080519,20080529,Ridge,Hemlock,6,3,Litter_sifting,LINYPHIIDAE,immLiny,sp.,0,0,24
20080519,20080529,Ridge,Hemlock,6,3,Litter_sifting,LINYPHIIDAE,Collinsia,oxypaederotipus,6,1,0
20080519,20080529,Ridge,Hemlock,6,3,Litter_sifting,LINYPHIIDAE,Tapinocyba,minuta,1,1,0
20080519,20080529,Ridge,Hemlock,6,3,Litter_sifting,LINYPHIIDAE,Centromerus,persolutus,0,1,0
20080922,20081002,Ridge,Hemlock,6,2,Litter_sifting,HAHNIIDAE,Neoantistea,magna,0,2,0
20080519,20080529,Ridge,Hemlock,6,2,Pitfall,LYCOSIDAE,Pirata,montanus,1,1,0
20080519,20080529,Ridge,Hemlock,6,5,Litter_sifting,SALTICIDAE,Neon,nelli,0,1,0
20080519,20080529,Ridge,Hemlock,6,1,Litter_sifting,LYCOSIDAE,immLyco,sp.,0,0,6
20080519,20080529,Ridge,Hemlock,6,1,Litter_sifting,SALTICIDAE,immSalt,sp.,0,0,1
20080519,20080529,Ridge,Hemlock,6,1,Litter_sifting,HAHNIDAE,immHahn,sp.,0,0,1
20080519,20080529,Ridge,Hemlock,6,1,Litter_sifting,AMAUROBIIDAE,immAmau,sp.,0,0,3
20080519,20080529,Ridge,Hemlock,6,2,Litter_sifting,THOMISIDAE,immThom,sp.,0,0,2
20080519,20080529,Ridge,Hemlock,6,4,Pitfall,LINYPHIIDAE,Tenuiphantes,zebra,0,1,0
20080519,20080529,Ridge,Hemlock,6,2,Litter_sifting,HAHNIDAE,immHahn,sp.,0,0,1
20080519,20080529,Ridge,Hemlock,6,1,Litter_sifting,THOMISIDAE,immThom,sp.,0,0,5
20080519,20080529,Ridge,Hemlock,6,1,Pitfall,AMAUROBIIDAE,Amaurobius,borealis,1,0,0
20080519,20080529,Ridge,Hemlock,6,1,Litter_sifting,AMAUROBIIDAE,Amaurobius,borealis,1,0,0
20080519,20080529,Ridge,Hemlock,6,1,Pitfall,AMAUROBIIDAE,Wadotes,hybridus,0,1,0
20080519,20080529,Ridge,Hemlock,6,1,Litter_sifting,LINYPHIIDAE,Collinsia,oxypaederotipus,4,0,0
20080519,20080529,Ridge,Hemlock,6,2,Litter_sifting,CORINNIDAE,immCori,sp.,0,0,3
20080519,20080529,Ridge,Hemlock,6,2,Litter_sifting,LINYPHIIDAE,immLiny,sp.,0,0,36
20080519,20080529,Ridge,Hemlock,6,2,Litter_sifting,AMAUROBIIDAE,immAmau,sp.,0,0,22
20080718,20080728,Ridge,Hemlock,6,5,Pitfall,LINYPHIIDAE,immLiny,sp.,0,0,1
20080718,20080728,Ridge,Hemlock,6,5,Pitfall,LYCOSIDAE,immLyco,sp.,0,0,1
20080718,20080728,Ridge,Hemlock,6,5,Pitfall,LINYPHIIDAE,Walckenaeria,pallida,0,1,0
20080519,20080529,Ridge,Hemlock,6,5,Litter_sifting,LINYPHIIDAE,Eperigone,maculata,1,0,0
20080519,20080529,Ridge,Hemlock,6,5,Litter_sifting,DICTYNIDAE,immDict,sp.,0,0,1
20080519,20080529,Ridge,Hemlock,6,5,Litter_sifting,AMAUROBIIDAE,immAmau,sp.,0,0,1
20080519,20080529,Ridge,Hemlock,6,5,Litter_sifting,THOMISIDAE,immThom,sp.,0,0,2
20080718,20080728,Ridge,Hemlock,6,3,Pitfall,LINYPHIIDAE,Ceratinella,brunnea,0,1,0
20080519,20080529,Ridge,Hemlock,6,5,Pitfall,AMAUROBIIDAE,Amaurobius,borealis,1,0,0
20080519,20080529,Ridge,Hemlock,6,2,Pitfall,LINYPHIIDAE,Centromerus,persolutus,1,0,0
20080718,20080728,Ridge,Hemlock,6,3,Pitfall,LYCOSIDAE,immLyco,sp.,0,0,1
20080519,20080529,Ridge,Hemlock,6,5,Litter_sifting,CLUBIONIDAE,immClub,sp.,0,0,1
20080519,20080529,Ridge,Hemlock,6,5,Litter_sifting,THERIDIIDAE,immTher,sp.,0,0,1
20080519,20080529,Ridge,Hemlock,6,5,Litter_sifting,LINYPHIIDAE,immLiny,sp.,0,0,20
20080519,20080529,Ridge,Hemlock,6,4,Litter_sifting,LYCOSIDAE,immLyco,sp.,0,0,3
20080519,20080529,Ridge,Hemlock,6,4,Litter_sifting,AMAUROBIIDAE,immAmau,sp.,0,0,5
20080519,20080529,Ridge,Hemlock,6,4,Litter_sifting,LINYPHIIDAE,immLiny,sp.,0,0,31
20080519,20080529,Ridge,Hemlock,6,4,Pitfall,AMAUROBIIDAE,Amaurobius,borealis,9,0,1
20080519,20080529,Ridge,Hemlock,6,4,Pitfall,LYCOSIDAE,Pirata,montanus,3,0,0
20080519,20080529,Ridge,Hemlock,6,1,Litter_sifting,THOMISIDAE,Ozyptila,distans,2,0,0
20080519,20080529,Ridge,Hemlock,6,1,Litter_sifting,LINYPHIIDAE,immLiny,sp.,0,0,13
20080519,20080529,Ridge,Hemlock,6,5,Litter_sifting,LYCOSIDAE,immLyco,sp.,0,0,2
20080519,20080529,Ridge,Hemlock,6,2,Litter_sifting,LYCOSIDAE,Pirata,montanus,2,0,0
20080519,20080529,Ridge,Hemlock,6,2,Litter_sifting,LYCOSIDAE,immLyco,sp.,0,0,7
20080519,20080529,Ridge,Hemlock,6,4,Pitfall,AMAUROBIIDAE,Callobius,bennetti,0,1,0
20080519,20080529,Ridge,Hemlock,6,5,Litter_sifting,LINYPHIIDAE,Ceratinella,brunnea,0,1,0
20080519,20080529,Ridge,Hemlock,6,1,Litter_sifting,AMAUROBIIDAE,Wadotes,calcaratus,0,1,0
20080519,20080529,Ridge,Hemlock,6,1,Litter_sifting,SALTICIDAE,Neon,nelli,1,2,0
20080519,20080529,Ridge,Hemlock,6,1,Litter_sifting,LINYPHIIDAE,Ceraticelus,minutus,0,1,0
20080519,20080529,Ridge,Hemlock,6,1,Litter_sifting,LINYPHIIDAE,Ceraticelus,laetabilis,0,1,0
20080519,20080529,Ridge,Hemlock,6,1,Litter_sifting,LINYPHIIDAE,Ceratinella,brunnea,1,2,0
20080519,20080529,Ridge,Hemlock,6,1,Litter_sifting,LINYPHIIDAE,Tapinocyba,minuta,1,1,0
20080519,20080529,Ridge,Hemlock,6,4,Pitfall,AMAUROBIIDAE,Wadotes,hybridus,0,1,0
20080718,20080728,Ridge,Hemlock,6,3,Litter_sifting,LINYPHIIDAE,Collinsia,oxypaederotipus,0,1,0
20080718,20080728,Ridge,Hemlock,6,5,Litter_sifting,LINYPHIIDAE,Collinsia,oxypaederotipus,0,3,0
20080718,20080728,Ridge,Hemlock,6,5,Litter_sifting,LINYPHIIDAE,Centromerus,persolutus,0,1,0
20080718,20080728,Ridge,Hemlock,6,5,Litter_sifting,HAHNIIDAE,Neoantistea,magna,1,0,0
20080718,20080728,Ridge,Hemlock,6,5,Litter_sifting,AMAUROBIIDAE,immAmau,sp.,0,0,5
20080718,20080728,Ridge,Hemlock,6,5,Litter_sifting,AGELENIDAE,immAgel,sp.,0,0,2
20080718,20080728,Ridge,Hemlock,6,5,Litter_sifting,LYCOSIDAE,immLyco,sp.,0,0,2
20080922,20081002,Ridge,Hemlock,6,4,Litter_sifting,SALTICIDAE,immSalt,sp.,0,0,3
20080718,20080728,Ridge,Hemlock,6,5,Litter_sifting,UNKNOWN,immUnkn,sp.,0,0,11
20080922,20081002,Ridge,Hemlock,6,1,Pitfall,AMAUROBIIDAE,Coras,juvenilis,1,0,0
20080718,20080728,Ridge,Hemlock,6,3,Litter_sifting,LINYPHIIDAE,Ceratinella,brunnea,0,1,0
20080718,20080728,Ridge,Hemlock,6,3,Litter_sifting,LINYPHIIDAE,Centromerus,persolutus,0,1,0
20080718,20080728,Ridge,Hemlock,6,3,Litter_sifting,HAHNIIDAE,Neoantistea,magna,1,0,0
20080718,20080728,Ridge,Hemlock,6,3,Litter_sifting,AMAUROBIIDAE,immAmau,sp.,0,0,5
20080718,20080728,Ridge,Hemlock,6,3,Litter_sifting,LYCOSIDAE,immLyco,sp.,0,0,3
20080718,20080728,Ridge,Hemlock,6,3,Litter_sifting,DICTYNIDAE,immDict,sp.,0,0,1
20080718,20080728,Ridge,Hemlock,6,3,Litter_sifting,CORINNIDAE,immCori,sp.,0,0,1
20080718,20080728,Ridge,Hemlock,6,5,Litter_sifting,LINYPHIIDAE,immLiny,sp.,0,0,8
20080922,20081002,Ridge,Hemlock,6,4,Litter_sifting,THERIDIIDAE,Robertus,riparius,0,3,0
20080922,20081002,Ridge,Hemlock,6,4,Litter_sifting,LYCOSIDAE,immLyco,sp.,0,0,26
20080922,20081002,Ridge,Hemlock,6,4,Litter_sifting,THOMISIDAE,immThom,sp.,0,0,2
20080922,20081002,Ridge,Hemlock,6,4,Litter_sifting,LINYPHIIDAE,Microneta,viaria,1,0,0
20080922,20081002,Ridge,Hemlock,6,4,Litter_sifting,LYCOSIDAE,Pirata,montanus,0,1,0
20080922,20081002,Ridge,Hemlock,6,4,Litter_sifting,THOMISIDAE,Ozyptila,distans,0,2,0
20080922,20081002,Ridge,Hemlock,6,4,Litter_sifting,LINYPHIIDAE,Tenuiphantes,zebra,0,2,0
20080922,20081002,Ridge,Hemlock,6,4,Litter_sifting,AMAUROBIIDAE,Amaurobius,borealis,0,1,0
20080718,20080728,Ridge,Hemlock,6,5,Litter_sifting,LYCOSIDAE,Pirata,montanus,0,2,0
20080922,20081002,Ridge,Hemlock,6,1,Litter_sifting,SALTICIDAE,immSalt,sp.,0,0,1
20080922,20081002,Ridge,Hemlock,6,1,Pitfall,AMAUROBIIDAE,Wadotes,hybridus,1,0,0
20080922,20081002,Ridge,Hemlock,6,4,Litter_sifting,HAHNIIDAE,Neoantistea,magna,0,1,0
20080922,20081002,Ridge,Hemlock,6,2,Litter_sifting,LINYPHIIDAE,immLiny,sp.,0,0,12
20080922,20081002,Ridge,Hemlock,6,2,Litter_sifting,UNKNOWN,immUnkn,sp.,0,0,9
20080519,20080529,Ridge,Hemlock,6,5,Pitfall,AMAUROBIIDAE,Wadotes,calcaratus,1,0,0
20080922,20081002,Ridge,Hemlock,6,5,Litter_sifting,DICTYNIDAE,immDict,sp.,0,0,2
20080922,20081002,Ridge,Hemlock,6,2,Pitfall,AMAUROBIIDAE,immAmau,sp.,0,0,1
20080718,20080728,Ridge,Hemlock,6,3,Litter_sifting,UNKNOWN,immUnkn,sp.,0,0,2
20080922,20081002,Ridge,Hemlock,6,4,Litter_sifting,LINYPHIIDAE,Ceratinella,brunnea,3,5,0
20080922,20081002,Ridge,Hemlock,6,5,Pitfall,AMAUROBIIDAE,Wadotes,hybridus,1,0,0
20080718,20080728,Ridge,Hemlock,6,3,Litter_sifting,SALTICIDAE,immSalt,sp.,0,0,1
20080718,20080728,Ridge,Hemlock,6,1,Litter_sifting,UNKNOWN,immUnkn,sp.,0,0,9
20080922,20081002,Ridge,Hemlock,6,4,Pitfall,UNKNOWN,immUnkn,sp.,0,0,1
20080922,20081002,Ridge,Hemlock,6,4,Pitfall,AMAUROBIIDAE,Wadotes,calcaratus,0,1,0
20080922,20081002,Ridge,Hemlock,6,4,Pitfall,AMAUROBIIDAE,Wadotes,hybridus,0,1,0
20080922,20081002,Ridge,Hemlock,6,5,Pitfall,UNKNOWN,immUnkn,sp.,0,0,1
20080922,20081002,Ridge,Hemlock,6,5,Pitfall,AMAUROBIIDAE,Amaurobius,borealis,0,1,0
20080718,20080728,Ridge,Hemlock,6,1,Litter_sifting,THERIDIIDAE,immTher,sp.,0,0,1
20080922,20081002,Ridge,Hemlock,6,5,Pitfall,LINYPHIIDAE,LinytoID,ms_bracket_(species5),0,1,0
20080718,20080728,Ridge,Hemlock,6,1,Litter_sifting,LINYPHIIDAE,immLiny,sp.,0,0,6
20080519,20080529,Ridge,Hemlock,6,2,Litter_sifting,DICTYNIDAE,immDict,sp.,0,0,1
20080519,20080529,Ridge,Hemlock,6,2,Litter_sifting,AMAUROBIIDAE,Amaurobius,borealis,0,2,0
20080519,20080529,Ridge,Hemlock,6,2,Litter_sifting,SALTICIDAE,Neon,nelli,0,2,0
20080519,20080529,Ridge,Hemlock,6,2,Litter_sifting,LINYPHIIDAE,Ceratinella,brunnea,0,3,0
20080519,20080529,Ridge,Hemlock,6,2,Litter_sifting,LINYPHIIDAE,Ceraticelus,laetabilis,1,3,0
20080922,20081002,Ridge,Hemlock,6,3,Pitfall,LYCOSIDAE,immLyco,sp.,0,0,1
20080922,20081002,Ridge,Hemlock,6,3,Pitfall,AMAUROBIIDAE,Wadotes,calcaratus,1,0,0
20080922,20081002,Ridge,Hemlock,6,5,Pitfall,LINYPHIIDAE,Tenuiphantes,zebra,0,1,0
20080718,20080728,Ridge,Hemlock,6,4,Litter_sifting,AMAUROBIIDAE,immAmau,sp.,0,0,5
20080922,20081002,Ridge,Hemlock,6,4,Litter_sifting,LINYPHIIDAE,Centromerus,persolutus,3,4,0
20080718,20080728,Ridge,Hemlock,6,4,Litter_sifting,LINYPHIIDAE,Eperigone,brevidentata,0,3,0
20080718,20080728,Ridge,Hemlock,6,4,Litter_sifting,LINYPHIIDAE,Ceratinella,brunnea,0,2,0
20080718,20080728,Ridge,Hemlock,6,4,Litter_sifting,LINYPHIIDAE,Tapinocyba,minuta,0,2,0
20080718,20080728,Ridge,Hemlock,6,4,Litter_sifting,LINYPHIIDAE,Meioneta,simplex,0,1,0
20080718,20080728,Ridge,Hemlock,6,4,Litter_sifting,LINYPHIIDAE,Ceraticelus,laetabilis,0,1,0
20080718,20080728,Ridge,Hemlock,6,4,Litter_sifting,LYCOSIDAE,Pirata,montanus,0,1,0
20080718,20080728,Ridge,Hemlock,6,1,Litter_sifting,LINYPHIIDAE,Ceratinella,brunnea,1,0,0
20080718,20080728,Ridge,Hemlock,6,4,Litter_sifting,SALTICIDAE,immSalt,sp.,0,0,3
20080718,20080728,Ridge,Hemlock,6,3,Litter_sifting,LINYPHIIDAE,immLiny,sp.,0,0,13
20080718,20080728,Ridge,Hemlock,6,4,Litter_sifting,DICTYNIDAE,immDict,sp.,0,0,4
20080718,20080728,Ridge,Hemlock,6,4,Litter_sifting,LINYPHIIDAE,immLiny,sp.,0,0,27
20080718,20080728,Ridge,Hemlock,6,1,Litter_sifting,LINYPHIIDAE,Collinsia,oxypaederotipus,0,3,0
20080718,20080728,Ridge,Hemlock,6,1,Litter_sifting,LYCOSIDAE,Pirata,montanus,0,1,0
20080718,20080728,Ridge,Hemlock,6,1,Litter_sifting,LYCOSIDAE,immLyco,sp.,0,0,3
20080718,20080728,Ridge,Hemlock,6,1,Litter_sifting,AMAUROBIIDAE,immAmau,sp.,0,0,4
20080718,20080728,Ridge,Hemlock,6,1,Litter_sifting,CORINNIDAE,immCori,sp.,0,0,1
20080718,20080728,Ridge,Hemlock,6,4,Litter_sifting,AGELENIDAE,immAgel,sp.,0,0,2
20080922,20081002,Ridge,Hemlock,6,1,Litter_sifting,DICTYNIDAE,immDict,sp.,0,0,1
20080922,20081002,Ridge,Hemlock,6,3,Litter_sifting,AMAUROBIIDAE,Amaurobius,borealis,1,0,0
20080922,20081002,Ridge,Hemlock,6,3,Litter_sifting,LINYPHIIDAE,Microneta,viaria,1,0,0
20080922,20081002,Ridge,Hemlock,6,3,Litter_sifting,LINYPHIIDAE,Tenuiphantes,zebra,1,1,0
20080922,20081002,Ridge,Hemlock,6,3,Litter_sifting,LINYPHIIDAE,Centromerus,persolutus,0,2,0
20080922,20081002,Ridge,Hemlock,6,3,Litter_sifting,LINYPHIIDAE,Ceratinella,brunnea,0,1,0
20080922,20081002,Ridge,Hemlock,6,1,Litter_sifting,LINYPHIIDAE,Centromerus,persolutus,3,3,0
20080922,20081002,Ridge,Hemlock,6,3,Litter_sifting,HAHNIIDAE,Neoantistea,magna,0,2,0
20080922,20081002,Ridge,Hemlock,6,3,Litter_sifting,AMAUROBIIDAE,immAmau,sp.,0,0,7
20080922,20081002,Ridge,Hemlock,6,1,Litter_sifting,HAHNIDAE,immHahn,sp.,0,0,1
20080922,20081002,Ridge,Hemlock,6,1,Litter_sifting,AMAUROBIIDAE,immAmau,sp.,0,0,9
20080922,20081002,Ridge,Hemlock,6,1,Litter_sifting,LYCOSIDAE,immLyco,sp.,0,0,3
20080922,20081002,Ridge,Hemlock,6,1,Litter_sifting,AGELENIDAE,immAgel,sp.,0,0,1
20080922,20081002,Ridge,Hemlock,6,1,Litter_sifting,LINYPHIIDAE,Ceraticelus,laetabilis,1,0,0
20080922,20081002,Ridge,Hemlock,6,1,Litter_sifting,LINYPHIIDAE,Tenuiphantes,zebra,0,3,0
20080922,20081002,Ridge,Hemlock,6,3,Litter_sifting,LINYPHIIDAE,Ceraticelus,minutus,0,2,0
20080922,20081002,Ridge,Hemlock,6,3,Litter_sifting,UNKNOWN,immUnkn,sp.,0,0,4
20080519,20080529,Ridge,Hemlock,6,3,Pitfall,AMAUROBIIDAE,Callobius,bennetti,1,0,0
20080519,20080529,Ridge,Hemlock,6,3,Pitfall,AMAUROBIIDAE,Amaurobius,borealis,1,0,0
20080519,20080529,Ridge,Hemlock,6,3,Pitfall,LYCOSIDAE,Pirata,montanus,5,0,0
20080922,20081002,Ridge,Hemlock,6,2,Litter_sifting,AMAUROBIIDAE,immAmau,sp.,0,0,30
20080922,20081002,Ridge,Hemlock,6,2,Litter_sifting,AGELENIDAE,immAgel,sp.,0,0,1
20080922,20081002,Ridge,Hemlock,6,2,Litter_sifting,DICTYNIDAE,immDict,sp.,0,0,1
20080922,20081002,Ridge,Hemlock,6,3,Litter_sifting,DICTYNIDAE,Cicurina,arcuata,1,0,0
20080922,20081002,Ridge,Hemlock,6,2,Litter_sifting,THERIDIIDAE,immTher,sp.,0,0,1
20080922,20081002,Ridge,Hemlock,6,3,Litter_sifting,LYCOSIDAE,immLyco,sp.,0,0,33
20080922,20081002,Ridge,Hemlock,6,4,Litter_sifting,LINYPHIIDAE,Ceraticelus,minutus,0,2,0
20080922,20081002,Ridge,Hemlock,6,4,Litter_sifting,AMAUROBIIDAE,immAmau,sp.,0,0,20
20080922,20081002,Ridge,Hemlock,6,3,Litter_sifting,LINYPHIIDAE,immLiny,sp.,0,0,8
20080922,20081002,Ridge,Hemlock,6,3,Litter_sifting,ARANEIDAE,immAran,sp.,0,0,1
20080922,20081002,Ridge,Hemlock,6,3,Litter_sifting,DICTYNIDAE,immDict,sp.,0,0,1
20080922,20081002,Ridge,Hemlock,6,1,Litter_sifting,LINYPHIIDAE,immLiny,sp.,0,0,11
20080922,20081002,Ridge,Hemlock,6,2,Litter_sifting,THOMISIDAE,immThom,sp.,0,0,2
20080922,20081002,Ridge,Hemlock,6,4,Litter_sifting,DICTYNIDAE,immDict,sp.,0,0,25
20080718,20080728,Ridge,Hemlock,6,2,Litter_sifting,UNKNOWN,immUnkn,sp.,0,0,2
20080718,20080728,Ridge,Hemlock,6,2,Litter_sifting,LINYPHIIDAE,Eperigone,brevidentata,0,1,0
20080718,20080728,Ridge,Hemlock,6,2,Litter_sifting,LINYPHIIDAE,immLiny,sp.,0,0,6
20080922,20081002,Ridge,Hemlock,6,1,Litter_sifting,LINYPHIIDAE,Ceratinella,brunnea,2,4,0
20080922,20081002,Ridge,Hemlock,6,3,Litter_sifting,THERIDIIDAE,Robertus,riparius,1,2,0
20080718,20080728,Ridge,Hemlock,6,2,Litter_sifting,AGELENIDAE,immAgel,sp.,0,0,1
20080922,20081002,Ridge,Hemlock,6,4,Litter_sifting,ARANEIDAE,immAran,sp.,0,0,1
20080718,20080728,Ridge,Hemlock,6,2,Litter_sifting,AMAUROBIIDAE,immAmau,sp.,0,0,5
20080718,20080728,Ridge,Hemlock,6,2,Litter_sifting,LYCOSIDAE,immLyco,sp.,0,0,3
20080718,20080728,Ridge,Hemlock,6,2,Litter_sifting,LINYPHIIDAE,Collinsia,oxypaederotipus,0,3,0
20080718,20080728,Ridge,Hemlock,6,2,Litter_sifting,DICTYNIDAE,Cicurina,brevis,0,1,0
20080718,20080728,Ridge,Hemlock,6,2,Litter_sifting,AMAUROBIIDAE,Amaurobius,borealis,0,1,0
20080922,20081002,Ridge,Hemlock,6,4,Litter_sifting,UNKNOWN,immUnkn,sp.,0,0,18
20080922,20081002,Ridge,Hemlock,6,1,Litter_sifting,AMAUROBIIDAE,Amaurobius,borealis,0,2,0
20080922,20081002,Ridge,Hemlock,6,4,Litter_sifting,CORINNIDAE,immCori,sp.,0,0,1
20080519,20080529,Ridge,Hardwood,7,4,Litter_sifting,LINYPHIIDAE,Ceraticelus,minutus,0,2,0
20080519,20080529,Ridge,Hardwood,7,4,Litter_sifting,HAHNIDAE,immHahn,sp.,0,0,1
20080519,20080529,Ridge,Hardwood,7,4,Pitfall,DICTYNIDAE,Cicurina,arcuata,0,1,0
20080519,20080529,Ridge,Hardwood,7,4,Pitfall,HAHNIDAE,immHahn,sp.,0,0,1
20080519,20080529,Ridge,Hardwood,7,4,Pitfall,LINYPHIIDAE,Pocadicnemis,americana,1,0,0
20080519,20080529,Ridge,Hardwood,7,4,Litter_sifting,THOMISIDAE,immThom,sp.,0,0,2
20080519,20080529,Ridge,Hardwood,7,4,Litter_sifting,LYCOSIDAE,immLyco,sp.,0,0,3
20080519,20080529,Ridge,Hardwood,7,4,Litter_sifting,CORINNIDAE,immCori,sp.,0,0,1
20080519,20080529,Ridge,Hardwood,7,4,Litter_sifting,CORINNIDAE,Phrurotimpus,alarius,1,0,0
20080519,20080529,Ridge,Hardwood,7,4,Pitfall,CORINNIDAE,Phrurotimpus,alarius,2,1,0
20080519,20080529,Ridge,Hardwood,7,4,Litter_sifting,LINYPHIIDAE,Ceraticelus,laetabilis,0,1,0
20080519,20080529,Ridge,Hardwood,7,4,Pitfall,LIOCRANIDAE,Agroeca,ornata,2,0,0
20080519,20080529,Ridge,Hardwood,7,2,Pitfall,AMAUROBIIDAE,Amaurobius,borealis,2,1,0
20080519,20080529,Ridge,Hardwood,7,2,Pitfall,THERIDIIDAE,Robertus,riparius,3,0,0
20080519,20080529,Ridge,Hardwood,7,2,Pitfall,LINYPHIIDAE,LinyToID,sp1,1,0,0
20080519,20080529,Ridge,Hardwood,7,4,Litter_sifting,LINYPHIIDAE,Eperigone,maculata,1,0,0
20080519,20080529,Ridge,Hardwood,7,2,Litter_sifting,LINYPHIIDAE,Tenuiphantes,zebra,0,1,0
20080519,20080529,Ridge,Hardwood,7,2,Litter_sifting,LINYPHIIDAE,Ceratinella,brunnea,0,1,0
20080519,20080529,Ridge,Hardwood,7,4,Litter_sifting,LINYPHIIDAE,Tenuiphantes,zebra,0,1,0
20080519,20080529,Ridge,Hardwood,7,1,Pitfall,LYCOSIDAE,Pirata,montanus,27,3,0
20080519,20080529,Ridge,Hardwood,7,2,Litter_sifting,LINYPHIIDAE,Ceraticelus,fissiceps,0,1,0
20080519,20080529,Ridge,Hardwood,7,2,Litter_sifting,LINYPHIIDAE,Collinsia,oxypaederotipus,4,3,0
20080519,20080529,Ridge,Hardwood,7,4,Pitfall,LYCOSIDAE,Pirata,montanus,28,1,0
20080519,20080529,Ridge,Hardwood,7,4,Pitfall,AMAUROBIIDAE,Amaurobius,borealis,7,0,0
20080519,20080529,Ridge,Hardwood,7,2,Litter_sifting,CORINNIDAE,immCori,sp.,0,0,1
20080519,20080529,Ridge,Hardwood,7,2,Pitfall,LIOCRANIDAE,Agroeca,ornata,2,0,0
20080519,20080529,Ridge,Hardwood,7,2,Litter_sifting,AMAUROBIIDAE,immAmau,sp.,0,0,6
20080519,20080529,Ridge,Hardwood,7,4,Litter_sifting,LINYPHIIDAE,immLiny,sp.,0,0,6
20080519,20080529,Ridge,Hardwood,7,2,Litter_sifting,LINYPHIIDAE,immLiny,sp.,0,0,9
20080519,20080529,Ridge,Hardwood,7,2,Litter_sifting,SALTICIDAE,immSalt,sp.,0,0,1
20080519,20080529,Ridge,Hardwood,7,2,Pitfall,LYCOSIDAE,Pirata,montanus,3,0,0
20080519,20080529,Ridge,Hardwood,7,5,Pitfall,LIOCRANIDAE,Agroeca,ornata,1,0,0
20080519,20080529,Ridge,Hardwood,7,5,Pitfall,AMAUROBIIDAE,Amaurobius,borealis,5,0,0
20080519,20080529,Ridge,Hardwood,7,5,Pitfall,LYCOSIDAE,Pirata,montanus,17,0,0
20080519,20080529,Ridge,Hardwood,7,2,Litter_sifting,LYCOSIDAE,Pirata,montanus,1,0,0
20080519,20080529,Ridge,Hardwood,7,4,Litter_sifting,AMAUROBIIDAE,immAmau,sp.,0,0,20
20080519,20080529,Ridge,Hardwood,7,4,Pitfall,AMAUROBIIDAE,Callobius,bennetti,1,0,0
20080519,20080529,Ridge,Hardwood,7,2,Litter_sifting,HAHNIDAE,immHahn,sp.,0,0,1
20080519,20080529,Ridge,Hardwood,7,3,Litter_sifting,THOMISIDAE,Ozyptila,distans,1,2,0
20080519,20080529,Ridge,Hardwood,7,2,Litter_sifting,UNKNOWN,immUnkn,sp.,0,0,1
20080519,20080529,Ridge,Hardwood,7,3,Pitfall,LIOCRANIDAE,Agroeca,ornata,2,0,0
20080519,20080529,Ridge,Hardwood,7,3,Pitfall,HAHNIDAE,immHahn,sp.,0,0,1
20080519,20080529,Ridge,Hardwood,7,3,Litter_sifting,DICTYNIDAE,immDict,sp.,0,0,1
20080519,20080529,Ridge,Hardwood,7,3,Litter_sifting,LINYPHIIDAE,Eperigone,serrata,1,0,0
20080519,20080529,Ridge,Hardwood,7,3,Litter_sifting,THERIDIIDAE,Pholcomma,hirsutum,1,0,0
20080519,20080529,Ridge,Hardwood,7,3,Litter_sifting,LINYPHIIDAE,Pocadicnemis,americana,1,0,0
20080519,20080529,Ridge,Hardwood,7,4,Litter_sifting,THOMISIDAE,immThom,sp.,0,0,1
20080519,20080529,Ridge,Hardwood,7,3,Litter_sifting,CORINNIDAE,Phrurotimpus,alarius,1,0,0
20080519,20080529,Ridge,Hardwood,7,3,Pitfall,LYCOSIDAE,Pirata,montanus,7,0,0
20080519,20080529,Ridge,Hardwood,7,3,Litter_sifting,LINYPHIIDAE,Tapinocyba,simplex,0,1,0
20080519,20080529,Ridge,Hardwood,7,3,Litter_sifting,LINYPHIIDAE,Ceraticelus,laetabilis,1,1,0
20080519,20080529,Ridge,Hardwood,7,3,Litter_sifting,LINYPHIIDAE,Ceraticelus,minutus,0,1,0
20080519,20080529,Ridge,Hardwood,7,3,Litter_sifting,LINYPHIIDAE,Tapinocyba,minuta,0,1,0
20080519,20080529,Ridge,Hardwood,7,3,Litter_sifting,LINYPHIIDAE,Tenuiphantes,zebra,0,1,0
20080519,20080529,Ridge,Hardwood,7,3,Litter_sifting,DICTYNIDAE,Cicurina,brevis,0,1,0
20080519,20080529,Ridge,Hardwood,7,3,Litter_sifting,SALTICIDAE,Neon,nelli,0,1,0
20080519,20080529,Ridge,Hardwood,7,3,Litter_sifting,AMAUROBIIDAE,Amaurobius,borealis,1,3,0
20080519,20080529,Ridge,Hardwood,7,3,Litter_sifting,LINYPHIIDAE,Collinsia,oxypaederotipus,1,0,0
20080519,20080529,Ridge,Hardwood,7,3,Litter_sifting,HAHNIDAE,immHahn,sp.,0,0,7
20080519,20080529,Ridge,Hardwood,7,1,Pitfall,LIOCRANIDAE,Agroeca,ornata,3,0,0
20080519,20080529,Ridge,Hardwood,7,1,Pitfall,HAHNIIDAE,Cryphoeca,montana,1,0,0
20080519,20080529,Ridge,Hardwood,7,1,Pitfall,THOMISIDAE,Ozyptila,distans,1,0,0
20080519,20080529,Ridge,Hardwood,7,1,Pitfall,CORINNIDAE,Phrurotimpus,alarius,1,0,0
20080519,20080529,Ridge,Hardwood,7,3,Litter_sifting,UNKNOWN,immUnkn,sp.,0,0,1
20080519,20080529,Ridge,Hardwood,7,3,Litter_sifting,AGELENIDAE,immAgel,sp.,0,0,1
20080519,20080529,Ridge,Hardwood,7,3,Litter_sifting,LINYPHIIDAE,immLiny,sp.,0,0,10
20080519,20080529,Ridge,Hardwood,7,3,Litter_sifting,LIOCRANIDAE,immLioc,sp.,0,0,1
20080519,20080529,Ridge,Hardwood,7,3,Pitfall,AMAUROBIIDAE,Amaurobius,borealis,8,1,0
20080519,20080529,Ridge,Hardwood,7,3,Litter_sifting,THOMISIDAE,immThom,sp.,0,0,1
20080519,20080529,Ridge,Hardwood,7,3,Pitfall,AMAUROBIIDAE,Callobius,bennetti,1,0,0
20080519,20080529,Ridge,Hardwood,7,3,Litter_sifting,AMAUROBIIDAE,immAmau,sp.,0,0,7
20080519,20080529,Ridge,Hardwood,7,1,Pitfall,LINYPHIIDAE,Walckenaeria,pallida,0,1,0
20080519,20080529,Ridge,Hardwood,7,1,Pitfall,HAHNIDAE,immHahn,sp.,0,0,1
20080519,20080529,Ridge,Hardwood,7,4,Litter_sifting,LYCOSIDAE,Pirata,montanus,0,1,0
20080519,20080529,Ridge,Hardwood,7,4,Litter_sifting,LINYPHIIDAE,Walckenaeria,pallida,0,1,0
20080519,20080529,Ridge,Hardwood,7,4,Litter_sifting,AMAUROBIIDAE,Amaurobius,borealis,0,6,0
20080718,20080728,Ridge,Hardwood,7,3,Litter_sifting,AMAUROBIIDAE,immAmau,sp.,0,0,2
20080519,20080529,Ridge,Hardwood,7,1,Pitfall,AMAUROBIIDAE,Amaurobius,borealis,6,1,0
20080519,20080529,Ridge,Hardwood,7,3,Litter_sifting,LYCOSIDAE,immLyco,sp.,0,0,1
20080922,20081002,Ridge,Hardwood,7,2,Litter_sifting,LINYPHIIDAE,Ceratinella,brunnea,1,1,0
20080718,20080728,Ridge,Hardwood,7,4,Litter_sifting,LYCOSIDAE,immLyco,sp.,0,0,1
20080718,20080728,Ridge,Hardwood,7,4,Litter_sifting,THOMISIDAE,immThom,sp.,0,0,1
20080718,20080728,Ridge,Hardwood,7,4,Litter_sifting,AMAUROBIIDAE,immAmau,sp.,0,0,10
20080718,20080728,Ridge,Hardwood,7,4,Litter_sifting,DICTYNIDAE,immDict,sp.,0,0,3
20080718,20080728,Ridge,Hardwood,7,4,Litter_sifting,CORINNIDAE,immCori,sp.,0,0,3
20080718,20080728,Ridge,Hardwood,7,4,Litter_sifting,LIOCRANIDAE,immLioc,sp.,0,0,1
20080718,20080728,Ridge,Hardwood,7,4,Litter_sifting,LINYPHIIDAE,immLiny,sp.,0,0,21
20080922,20081002,Ridge,Hardwood,7,2,Litter_sifting,THOMISIDAE,immThom,sp.,0,0,1
20080922,20081002,Ridge,Hardwood,7,2,Litter_sifting,LINYPHIIDAE,immLiny,sp.,0,0,23
20080922,20081002,Ridge,Hardwood,7,2,Litter_sifting,ARANEIDAE,immAran,sp.,0,0,1
20080922,20081002,Ridge,Hardwood,7,2,Litter_sifting,AMAUROBIIDAE,immAmau,sp.,0,0,8
20080922,20081002,Ridge,Hardwood,7,2,Litter_sifting,CORINNIDAE,immCori,sp.,0,0,5
20080922,20081002,Ridge,Hardwood,7,2,Litter_sifting,LIOCRANIDAE,immLioc,sp.,0,0,1
20080718,20080728,Ridge,Hardwood,7,1,Litter_sifting,AMAUROBIIDAE,Amaurobius,borealis,0,1,0
20080922,20081002,Ridge,Hardwood,7,2,Litter_sifting,LINYPHIIDAE,Walckenaeria,minuta,0,2,0
20080922,20081002,Ridge,Hardwood,7,2,Litter_sifting,AMAUROBIIDAE,Amaurobius,borealis,1,3,0
20080922,20081002,Ridge,Hardwood,7,2,Litter_sifting,LIOCRANIDAE,Agroeca,ornata,0,3,0
20080922,20081002,Ridge,Hardwood,7,2,Litter_sifting,HAHNIIDAE,Neoantistea,magna,0,1,0
20080922,20081002,Ridge,Hardwood,7,2,Litter_sifting,LINYPHIIDAE,Collinsia,oxypaederotipus,0,1,0
20080922,20081002,Ridge,Hardwood,7,2,Litter_sifting,LINYPHIIDAE,Ceraticelus,laetabilis,2,3,0
20080922,20081002,Ridge,Hardwood,7,2,Litter_sifting,LYCOSIDAE,immLyco,sp.,0,0,11
20080922,20081002,Ridge,Hardwood,7,2,Litter_sifting,LINYPHIIDAE,Tenuiphantes,zebra,0,2,0
20080922,20081002,Ridge,Hardwood,7,2,Litter_sifting,SALTICIDAE,immSalt,sp.,0,0,1
20080922,20081002,Ridge,Hardwood,7,2,Litter_sifting,LINYPHIIDAE,Tapinocyba,minuta,3,2,0
20080922,20081002,Ridge,Hardwood,7,2,Litter_sifting,LINYPHIIDAE,Macrargus,multesimus,0,1,0
20080922,20081002,Ridge,Hardwood,7,2,Litter_sifting,HAHNIIDAE,Hahnia,cinerea,0,1,0
20080922,20081002,Ridge,Hardwood,7,2,Litter_sifting,LINYPHIIDAE,Scylaceus,pallidus,0,1,0
20080718,20080728,Ridge,Hardwood,7,4,Litter_sifting,UNKNOWN,immUnkn,sp.,0,0,3
20080718,20080728,Ridge,Hardwood,7,4,Litter_sifting,LINYPHIIDAE,Ceraticelus,laetabilis,0,1,0
20080922,20081002,Ridge,Hardwood,7,2,Litter_sifting,LINYPHIIDAE,Ceraticelus,minutus,2,2,0
20080718,20080728,Ridge,Hardwood,7,1,Litter_sifting,THOMISIDAE,immThom,sp.,0,0,4
20080718,20080728,Ridge,Hardwood,7,4,Litter_sifting,HAHNIIDAE,Neoantistea,magna,1,0,0
20080718,20080728,Ridge,Hardwood,7,1,Litter_sifting,LINYPHIIDAE,Ceratinops,annulipes,1,1,0
20080718,20080728,Ridge,Hardwood,7,1,Litter_sifting,AGELENIDAE,immAgel,sp.,0,0,1
20080718,20080728,Ridge,Hardwood,7,1,Litter_sifting,CORINNIDAE,immCori,sp.,0,0,1
20080718,20080728,Ridge,Hardwood,7,1,Litter_sifting,LYCOSIDAE,immLyco,sp.,0,0,1
20080718,20080728,Ridge,Hardwood,7,3,Litter_sifting,LYCOSIDAE,Pirata,montanus,0,1,0
20080718,20080728,Ridge,Hardwood,7,1,Litter_sifting,LINYPHIIDAE,immLiny,sp.,0,0,8
20080718,20080728,Ridge,Hardwood,7,3,Litter_sifting,LINYPHIIDAE,Collinsia,oxypaederotipus,0,1,0
20080718,20080728,Ridge,Hardwood,7,1,Litter_sifting,LINYPHIIDAE,Centromerus,persolutus,0,1,0
20080718,20080728,Ridge,Hardwood,7,1,Litter_sifting,LINYPHIIDAE,Tapinocyba,minuta,0,1,0
20080718,20080728,Ridge,Hardwood,7,1,Litter_sifting,LINYPHIIDAE,Collinsia,oxypaederotipus,0,1,0
20080718,20080728,Ridge,Hardwood,7,1,Litter_sifting,LINYPHIIDAE,Ceraticelus,minutus,0,1,0
20080718,20080728,Ridge,Hardwood,7,1,Litter_sifting,LYCOSIDAE,Pirata,montanus,0,1,0
20080718,20080728,Ridge,Hardwood,7,1,Litter_sifting,THERIDIIDAE,Robertus,riparius,0,1,0
20080718,20080728,Ridge,Hardwood,7,1,Litter_sifting,AMAUROBIIDAE,immAmau,sp.,0,0,11
20080718,20080728,Ridge,Hardwood,7,3,Litter_sifting,UNKNOWN,immUnkn,sp.,0,0,20
20080922,20081002,Ridge,Hardwood,7,1,Litter_sifting,AMAUROBIIDAE,immAmau,sp.,0,0,10
20080718,20080728,Ridge,Hardwood,7,4,Litter_sifting,LINYPHIIDAE,Ceratinella,brunnea,0,1,0
20080718,20080728,Ridge,Hardwood,7,4,Litter_sifting,LINYPHIIDAE,Tapinocyba,minuta,0,2,0
20080718,20080728,Ridge,Hardwood,7,4,Litter_sifting,LINYPHIIDAE,Collinsia,oxypaederotipus,0,3,0
20080718,20080728,Ridge,Hardwood,7,4,Litter_sifting,SALTICIDAE,Neon,nelli,0,1,0
20080718,20080728,Ridge,Hardwood,7,3,Litter_sifting,AMAUROBIIDAE,Amaurobius,borealis,0,1,0
20080718,20080728,Ridge,Hardwood,7,4,Litter_sifting,AMAUROBIIDAE,Amaurobius,borealis,0,1,0
20080718,20080728,Ridge,Hardwood,7,4,Litter_sifting,LINYPHIIDAE,Eperigone,brevidentata,0,1,0
20080718,20080728,Ridge,Hardwood,7,3,Litter_sifting,DICTYNIDAE,immDict,sp.,0,0,8
20080718,20080728,Ridge,Hardwood,7,3,Litter_sifting,LYCOSIDAE,immLyco,sp.,0,0,4
20080718,20080728,Ridge,Hardwood,7,3,Litter_sifting,LINYPHIIDAE,LinytoID,ms_bracket_(species5),0,1,0
20080718,20080728,Ridge,Hardwood,7,3,Litter_sifting,LINYPHIIDAE,Eperigone,brevidentata,0,3,0
20080718,20080728,Ridge,Hardwood,7,3,Litter_sifting,LINYPHIIDAE,Tapinocyba,simplex,0,1,0
20080718,20080728,Ridge,Hardwood,7,3,Litter_sifting,LINYPHIIDAE,Ceraticelus,minutus,0,1,0
20080718,20080728,Ridge,Hardwood,7,4,Litter_sifting,CORINNIDAE,Phrurotimpus,alarius,0,2,0
20080922,20081002,Ridge,Hardwood,7,3,Litter_sifting,CORINNIDAE,immCori,sp.,0,0,10
20080922,20081002,Ridge,Hardwood,7,4,Litter_sifting,HAHNIIDAE,Neoantistea,magna,0,1,0
20080922,20081002,Ridge,Hardwood,7,3,Litter_sifting,LINYPHIIDAE,Tenuiphantes,sabulosus,0,1,0
20080922,20081002,Ridge,Hardwood,7,3,Litter_sifting,LINYPHIIDAE,Helophora,insignis,0,2,0
20080922,20081002,Ridge,Hardwood,7,3,Litter_sifting,DICTYNIDAE,Cicurina,brevis,0,1,0
20080922,20081002,Ridge,Hardwood,7,3,Litter_sifting,LINYPHIIDAE,Ceratinops,annulipes,1,0,0
20080922,20081002,Ridge,Hardwood,7,3,Litter_sifting,AMAUROBIIDAE,Amaurobius,borealis,1,1,0
20080922,20081002,Ridge,Hardwood,7,3,Litter_sifting,LYCOSIDAE,immLyco,sp.,0,0,4
20080718,20080728,Ridge,Hardwood,7,2,Pitfall,AMAUROBIIDAE,immAmau,sp.,0,0,1
20080922,20081002,Ridge,Hardwood,7,3,Litter_sifting,AMAUROBIIDAE,immAmau,sp.,0,0,19
20080922,20081002,Ridge,Hardwood,7,3,Litter_sifting,CORINNIDAE,immCori,sp.,0,0,1
20080922,20081002,Ridge,Hardwood,7,3,Litter_sifting,DICTYNIDAE,immDict,sp.,0,0,2
20080922,20081002,Ridge,Hardwood,7,3,Litter_sifting,LINYPHIIDAE,Scylaceus,pallidus,1,2,0
20080922,20081002,Ridge,Hardwood,7,3,Litter_sifting,LINYPHIIDAE,immLiny,sp.,0,0,4
20080922,20081002,Ridge,Hardwood,7,1,Litter_sifting,UNKNOWN,immUnkn,sp.,0,0,4
20080922,20081002,Ridge,Hardwood,7,3,Litter_sifting,LINYPHIIDAE,Ceraticelus,laetabilis,1,0,0
20080922,20081002,Ridge,Hardwood,7,3,Pitfall,LINYPHIIDAE,LinytoID,ms_bracket_(species5),0,2,0
20080922,20081002,Ridge,Hardwood,7,5,Pitfall,LINYPHIIDAE,Helophora,insignis,0,1,0
20080922,20081002,Ridge,Hardwood,7,5,Pitfall,DICTYNIDAE,Cicurina,pallida,0,1,0
20080922,20081002,Ridge,Hardwood,7,5,Pitfall,DICTYNIDAE,Cicurina,arcuata,0,1,0
20080922,20081002,Ridge,Hardwood,7,5,Pitfall,HAHNIIDAE,Neoantistea,magna,0,1,0
20080922,20081002,Ridge,Hardwood,7,5,Pitfall,LIOCRANIDAE,Agroeca,ornata,1,0,0
20080922,20081002,Ridge,Hardwood,7,3,Litter_sifting,LINYPHIIDAE,Ceraticelus,minutus,0,1,0
20080922,20081002,Ridge,Hardwood,7,3,Pitfall,THOMISIDAE,immThom,sp.,0,0,1
20080922,20081002,Ridge,Hardwood,7,4,Litter_sifting,CORINNIDAE,Phrurotimpus,alarius,0,3,0
20080922,20081002,Ridge,Hardwood,7,3,Pitfall,AMAUROBIIDAE,Wadotes,hybridus,1,0,0
20080922,20081002,Ridge,Hardwood,7,2,Pitfall,LINYPHIIDAE,LinytoID,ms_bracket_(species5),0,1,0
20080922,20081002,Ridge,Hardwood,7,2,Pitfall,HAHNIIDAE,Neoantistea,magna,0,2,0
20080922,20081002,Ridge,Hardwood,7,1,Pitfall,DICTYNIDAE,Cicurina,arcuata,0,1,0
20080922,20081002,Ridge,Hardwood,7,1,Pitfall,AMAUROBIIDAE,Wadotes,hybridus,2,0,0
20080718,20080728,Ridge,Hardwood,7,3,Litter_sifting,LINYPHIIDAE,Ceratinopsidis,formosa,1,0,0
20080922,20081002,Ridge,Hardwood,7,3,Pitfall,DICTYNIDAE,immDict,sp.,0,0,1
20080922,20081002,Ridge,Hardwood,7,1,Litter_sifting,LINYPHIIDAE,Centromerus,cornupalpis,0,1,0
20080922,20081002,Ridge,Hardwood,7,4,Litter_sifting,AMAUROBIIDAE,Amaurobius,borealis,2,2,0
20080922,20081002,Ridge,Hardwood,7,4,Litter_sifting,LINYPHIIDAE,Helophora,insignis,1,0,0
20080922,20081002,Ridge,Hardwood,7,4,Litter_sifting,LINYPHIIDAE,Tapinocyba,simplex,2,3,0
20080922,20081002,Ridge,Hardwood,7,4,Litter_sifting,LINYPHIIDAE,Scylaceus,pallidus,1,6,0
20080922,20081002,Ridge,Hardwood,7,4,Litter_sifting,LINYPHIIDAE,Tapinocyba,sp1,0,1,0
20080922,20081002,Ridge,Hardwood,7,4,Litter_sifting,THERIDIIDAE,Pholcomma,hirsutum,0,1,0
20080922,20081002,Ridge,Hardwood,7,1,Litter_sifting,HAHNIIDAE,Neoantistea,magna,0,1,0
20080922,20081002,Ridge,Hardwood,7,4,Litter_sifting,LINYPHIIDAE,Ceraticelus,minutus,1,4,0
20080922,20081002,Ridge,Hardwood,7,1,Litter_sifting,LINYPHIIDAE,Ceratinella,brunnea,0,1,0
20080922,20081002,Ridge,Hardwood,7,1,Litter_sifting,LINYPHIIDAE,Tenuiphantes,zebra,0,1,0
20080922,20081002,Ridge,Hardwood,7,1,Litter_sifting,THOMISIDAE,immThom,sp.,0,0,1
20080922,20081002,Ridge,Hardwood,7,1,Litter_sifting,CORINNIDAE,immCori,sp.,0,0,2
20080922,20081002,Ridge,Hardwood,7,1,Litter_sifting,LYCOSIDAE,immLyco,sp.,0,0,11
20080718,20080728,Ridge,Hardwood,7,3,Litter_sifting,HAHNIDAE,immHahn,sp.,0,0,2
20080922,20081002,Ridge,Hardwood,7,1,Litter_sifting,AMAUROBIIDAE,Amaurobius,borealis,0,1,0
20080922,20081002,Ridge,Hardwood,7,4,Litter_sifting,THERIDIIDAE,immTher,sp.,0,0,3
20080922,20081002,Ridge,Hardwood,7,4,Litter_sifting,DICTYNIDAE,Cicurina,arcuata,0,1,0
20080922,20081002,Ridge,Hardwood,7,4,Litter_sifting,LIOCRANIDAE,Agroeca,ornata,1,0,0
20080922,20081002,Ridge,Hardwood,7,4,Litter_sifting,LINYPHIIDAE,Tenuiphantes,sabulosus,0,2,0
20080922,20081002,Ridge,Hardwood,7,4,Litter_sifting,DICTYNIDAE,Cicurina,brevis,0,1,0
20080922,20081002,Ridge,Hardwood,7,4,Litter_sifting,LYCOSIDAE,immLyco,sp.,0,0,17
20080922,20081002,Ridge,Hardwood,7,4,Litter_sifting,LINYPHIIDAE,Ceratinella,brunnea,1,0,0
20080922,20081002,Ridge,Hardwood,7,4,Litter_sifting,AMAUROBIIDAE,immAmau,sp.,0,0,37
20080922,20081002,Ridge,Hardwood,7,1,Litter_sifting,DICTYNIDAE,immDict,sp.,0,0,1
20080922,20081002,Ridge,Hardwood,7,4,Litter_sifting,LIOCRANIDAE,immLioc,sp.,0,0,1
20080922,20081002,Ridge,Hardwood,7,4,Litter_sifting,DICTYNIDAE,immDict,sp.,0,0,6
20080922,20081002,Ridge,Hardwood,7,4,Litter_sifting,ARANEIDAE,immAran,sp.,0,0,1
20080922,20081002,Ridge,Hardwood,7,4,Litter_sifting,SALTICIDAE,immSalt,sp.,0,0,2
20080922,20081002,Ridge,Hardwood,7,4,Litter_sifting,LINYPHIIDAE,immLiny,sp.,0,0,24
20080922,20081002,Ridge,Hardwood,7,4,Litter_sifting,UNKNOWN,immUnkn,sp.,0,0,4
20080922,20081002,Ridge,Hardwood,7,4,Litter_sifting,CORINNIDAE,immCori,sp.,0,0,24
20080718,20080728,Ridge,Hardwood,7,2,Litter_sifting,DICTYNIDAE,immDict,sp.,0,0,1
20080718,20080728,Ridge,Hardwood,7,2,Litter_sifting,SALTICIDAE,Neon,nelli,0,2,0
20080718,20080728,Ridge,Hardwood,7,2,Litter_sifting,CORINNIDAE,Phrurotimpus,alarius,0,1,0
20080718,20080728,Ridge,Hardwood,7,2,Litter_sifting,LINYPHIIDAE,Collinsia,oxypaederotipus,0,3,0
20080718,20080728,Ridge,Hardwood,7,2,Litter_sifting,LINYPHIIDAE,Ceratinella,brunnea,0,1,0
20080718,20080728,Ridge,Hardwood,7,2,Litter_sifting,LINYPHIIDAE,Eperigone,maculata,0,1,0
20080718,20080728,Ridge,Hardwood,7,2,Litter_sifting,AMAUROBIIDAE,immAmau,sp.,0,0,8
20080718,20080728,Ridge,Hardwood,7,2,Litter_sifting,THOMISIDAE,immThom,sp.,0,0,1
20080718,20080728,Ridge,Hardwood,7,2,Litter_sifting,LYCOSIDAE,immLyco,sp.,0,0,1
20080718,20080728,Ridge,Hardwood,7,2,Litter_sifting,HAHNIDAE,immHahn,sp.,0,0,2
20080718,20080728,Ridge,Hardwood,7,5,Litter_sifting,LINYPHIIDAE,Eperigone,brevidentata,0,2,0
20080519,20080529,Ridge,Hardwood,7,5,Litter_sifting,LYCOSIDAE,Pirata,montanus,4,4,0
20080718,20080728,Ridge,Hardwood,7,3,Pitfall,AMAUROBIIDAE,immAmau,sp.,0,0,1
20080718,20080728,Ridge,Hardwood,7,5,Litter_sifting,AMAUROBIIDAE,Amaurobius,borealis,0,1,0
20080718,20080728,Ridge,Hardwood,7,5,Litter_sifting,SALTICIDAE,Neon,nelli,0,1,0
20080718,20080728,Ridge,Hardwood,7,5,Litter_sifting,LINYPHIIDAE,Ceraticelus,laetabilis,0,2,0
20080718,20080728,Ridge,Hardwood,7,5,Litter_sifting,LINYPHIIDAE,Ceraticelus,minutus,2,2,0
20080519,20080529,Ridge,Hardwood,7,1,Litter_sifting,AMAUROBIIDAE,Amaurobius,borealis,1,2,0
20080519,20080529,Ridge,Hardwood,7,5,Litter_sifting,CORINNIDAE,immCori,sp.,0,0,2
20080718,20080728,Ridge,Hardwood,7,1,Pitfall,LYCOSIDAE,immLyco,sp.,0,0,1
20080718,20080728,Ridge,Hardwood,7,1,Pitfall,HAHNIDAE,immHahn,sp.,0,0,1
20080718,20080728,Ridge,Hardwood,7,1,Pitfall,HAHNIIDAE,Neoantistea,magna,2,0,0
20080718,20080728,Ridge,Hardwood,7,2,Pitfall,HAHNIIDAE,Neoantistea,magna,1,1,0
20080718,20080728,Ridge,Hardwood,7,2,Litter_sifting,CORINNIDAE,immCori,sp.,0,0,1
20080519,20080529,Ridge,Hardwood,7,5,Litter_sifting,THOMISIDAE,immThom,sp.,0,0,5
20080519,20080529,Ridge,Hardwood,7,5,Litter_sifting,LYCOSIDAE,immLyco,sp.,0,0,2
20080519,20080529,Ridge,Hardwood,7,5,Litter_sifting,AMAUROBIIDAE,Amaurobius,borealis,0,7,0
20080519,20080529,Ridge,Hardwood,7,5,Litter_sifting,AMAUROBIIDAE,immAmau,sp.,0,0,7
20080519,20080529,Ridge,Hardwood,7,5,Litter_sifting,DICTYNIDAE,Cicurina,brevis,0,1,0
20080519,20080529,Ridge,Hardwood,7,1,Litter_sifting,CORINNIDAE,Phrurotimpus,alarius,3,0,0
20080519,20080529,Ridge,Hardwood,7,1,Litter_sifting,AMAUROBIIDAE,immAmau,sp.,0,0,6
20080519,20080529,Ridge,Hardwood,7,1,Litter_sifting,LINYPHIIDAE,Collinsia,oxypaederotipus,1,0,0
20080519,20080529,Ridge,Hardwood,7,1,Litter_sifting,HAHNIDAE,immHahn,sp.,0,0,5
20080519,20080529,Ridge,Hardwood,7,1,Litter_sifting,LYCOSIDAE,immLyco,sp.,0,0,2
20080519,20080529,Ridge,Hardwood,7,1,Litter_sifting,THOMISIDAE,immThom,sp.,0,0,7
20080718,20080728,Ridge,Hardwood,7,3,Pitfall,LINYPHIIDAE,immLiny,sp.,0,0,2
20080519,20080529,Ridge,Hardwood,7,1,Litter_sifting,LINYPHIIDAE,immLiny,sp.,0,0,7
20080718,20080728,Ridge,Hardwood,7,3,Pitfall,LYCOSIDAE,immLyco,sp.,0,0,1
20080519,20080529,Ridge,Hardwood,7,5,Litter_sifting,LINYPHIIDAE,Walckenaeria,pallida,0,1,0
20080718,20080728,Ridge,Hardwood,7,3,Litter_sifting,LINYPHIIDAE,immLiny,sp.,0,0,21
20080519,20080529,Ridge,Hardwood,7,5,Litter_sifting,LINYPHIIDAE,Ceraticelus,minutus,0,1,0
20080519,20080529,Ridge,Hardwood,7,5,Litter_sifting,LINYPHIIDAE,Eperigone,maculata,2,0,0
20080519,20080529,Ridge,Hardwood,7,5,Litter_sifting,LINYPHIIDAE,immLiny,sp.,0,0,2
20080519,20080529,Ridge,Hardwood,7,1,Litter_sifting,THERIDIIDAE,Robertus,riparius,1,0,0
20080519,20080529,Ridge,Hardwood,7,1,Litter_sifting,LIOCRANIDAE,Agroeca,ornata,0,1,0
20080519,20080529,Ridge,Hardwood,7,1,Litter_sifting,LINYPHIIDAE,Ceraticelus,laetabilis,0,3,0
20080519,20080529,Ridge,Hardwood,7,1,Litter_sifting,LYCOSIDAE,Pirata,montanus,1,1,0
20080718,20080728,Ridge,Hardwood,7,2,Litter_sifting,UNKNOWN,immUnkn,sp.,0,0,3
20080519,20080529,Ridge,Hardwood,7,1,Litter_sifting,CORINNIDAE,immCori,sp.,0,0,3
20080922,20081002,Ridge,Hardwood,7,5,Litter_sifting,LINYPHIIDAE,Tenuiphantes,sabulosus,6,1,0
20080718,20080728,Ridge,Hardwood,7,2,Litter_sifting,LINYPHIIDAE,immLiny,sp.,0,0,5
20080718,20080728,Ridge,Hardwood,7,5,Litter_sifting,LINYPHIIDAE,Scylaceus,pallidus,0,3,0
20080922,20081002,Ridge,Hardwood,7,5,Litter_sifting,AMAUROBIIDAE,Amaurobius,borealis,2,3,0
20080922,20081002,Ridge,Hardwood,7,5,Litter_sifting,LIOCRANIDAE,Agroeca,ornata,0,2,0
20080922,20081002,Ridge,Hardwood,7,5,Litter_sifting,HAHNIIDAE,Neoantistea,magna,0,1,0
20080922,20081002,Ridge,Hardwood,7,5,Litter_sifting,LINYPHIIDAE,Ceraticelus,laetabilis,0,1,0
20080922,20081002,Ridge,Hardwood,7,5,Litter_sifting,LINYPHIIDAE,Tenuiphantes,zebra,0,2,0
20080922,20081002,Ridge,Hardwood,7,5,Litter_sifting,LINYPHIIDAE,LinytoID,ms_bracket_(species5),0,1,0
20080922,20081002,Ridge,Hardwood,7,5,Litter_sifting,LYCOSIDAE,Trochosa,terricola,1,0,0
20080922,20081002,Ridge,Hardwood,7,5,Litter_sifting,LINYPHIIDAE,Walckenaeria,minuta,0,1,0
20080922,20081002,Ridge,Hardwood,7,5,Litter_sifting,THOMISIDAE,immThom,sp.,0,0,6
20080922,20081002,Ridge,Hardwood,7,5,Litter_sifting,AMAUROBIIDAE,immAmau,sp.,0,0,22
20080922,20081002,Ridge,Hardwood,7,5,Litter_sifting,CORINNIDAE,immCori,sp.,0,0,20
20080718,20080728,Ridge,Hardwood,7,5,Litter_sifting,LINYPHIIDAE,immLiny,sp.,0,0,13
20080718,20080728,Ridge,Hardwood,7,5,Litter_sifting,LINYPHIIDAE,Eperigone,maculata,0,1,0
20080718,20080728,Ridge,Hardwood,7,5,Litter_sifting,LYCOSIDAE,immLyco,sp.,0,0,3
20080922,20081002,Ridge,Hardwood,7,5,Litter_sifting,LINYPHIIDAE,Ceraticelus,minutus,1,2,0
20080922,20081002,Ridge,Hardwood,7,5,Litter_sifting,LYCOSIDAE,immLyco,sp.,0,0,18
20080718,20080728,Ridge,Hardwood,7,5,Litter_sifting,HAHNIDAE,immHahn,sp.,0,0,1
20080718,20080728,Ridge,Hardwood,7,5,Litter_sifting,CORINNIDAE,immCori,sp.,0,0,1
20080718,20080728,Ridge,Hardwood,7,5,Litter_sifting,THOMISIDAE,immThom,sp.,0,0,2
20080718,20080728,Ridge,Hardwood,7,5,Litter_sifting,AMAUROBIIDAE,immAmau,sp.,0,0,33
20080922,20081002,Ridge,Hardwood,7,5,Litter_sifting,LIOCRANIDAE,immLioc,sp.,0,0,3
20080718,20080728,Ridge,Hardwood,7,5,Litter_sifting,DICTYNIDAE,immDict,sp.,0,0,2
20080922,20081002,Ridge,Hardwood,7,5,Litter_sifting,DICTYNIDAE,immDict,sp.,0,0,1
20080922,20081002,Ridge,Hardwood,7,5,Litter_sifting,LINYPHIIDAE,immLiny,sp.,0,0,11
20080718,20080728,Ridge,Hardwood,7,5,Litter_sifting,LIOCRANIDAE,immLioc,sp.,0,0,1
20080922,20081002,Valley,Hardwood,8,3,Litter_sifting,LINYPHIIDAE,immLiny,sp.,0,0,23
20080922,20081002,Valley,Hardwood,8,3,Litter_sifting,DICTYNIDAE,immDict,sp.,0,0,2
20080922,20081002,Valley,Hardwood,8,3,Litter_sifting,THOMISIDAE,immThom,sp.,0,0,4
20080922,20081002,Valley,Hardwood,8,4,Litter_sifting,SALTICIDAE,immSalt,sp.,0,0,2
20080922,20081002,Valley,Hardwood,8,3,Litter_sifting,UNKNOWN,immUnkn,sp.,0,0,6
20080922,20081002,Valley,Hardwood,8,4,Litter_sifting,LIOCRANIDAE,Agroeca,ornata,0,1,0
20080922,20081002,Valley,Hardwood,8,4,Litter_sifting,CORINNIDAE,immCori,sp.,0,0,10
20080922,20081002,Valley,Hardwood,8,3,Litter_sifting,CORINNIDAE,immCori,sp.,0,0,5
20080922,20081002,Valley,Hardwood,8,4,Litter_sifting,UNKNOWN,immUnkn,sp.,0,0,2
20080922,20081002,Valley,Hardwood,8,4,Litter_sifting,HAHNIIDAE,Neoantistea,magna,0,2,0
20080922,20081002,Valley,Hardwood,8,3,Litter_sifting,AMAUROBIIDAE,immAmau,sp.,0,0,22
20080922,20081002,Valley,Hardwood,8,3,Litter_sifting,LINYPHIIDAE,Centromerus,cornupalpis,0,1,0
20080922,20081002,Valley,Hardwood,8,4,Litter_sifting,AGELENIDAE,immAgel,sp.,0,0,3
20080922,20081002,Valley,Hardwood,8,4,Litter_sifting,THOMISIDAE,immThom,sp.,0,0,2
20080922,20081002,Valley,Hardwood,8,4,Litter_sifting,LINYPHIIDAE,immLiny,sp.,0,0,14
20080922,20081002,Valley,Hardwood,8,3,Litter_sifting,LINYPHIIDAE,Macrargus,multesimus,1,0,0
20080922,20081002,Valley,Hardwood,8,4,Litter_sifting,AMAUROBIIDAE,Amaurobius,borealis,0,3,0
20080519,20080529,Valley,Hardwood,8,1,Litter_sifting,LINYPHIIDAE,Walckenaeria,minuta,0,1,0
20080922,20081002,Valley,Hardwood,8,3,Litter_sifting,THERIDIIDAE,Robertus,pumilus,1,0,0
20080922,20081002,Valley,Hardwood,8,3,Litter_sifting,LINYPHIIDAE,Tenuiphantes,sabulosus,0,3,0
20080922,20081002,Valley,Hardwood,8,3,Litter_sifting,THERIDIIDAE,Pholcomma,hirsutum,0,1,0
20080922,20081002,Valley,Hardwood,8,4,Litter_sifting,AMAUROBIIDAE,immAmau,sp.,0,0,23
20080519,20080529,Valley,Hardwood,8,1,Litter_sifting,SALTICIDAE,Eris,militaris,0,2,0
20080922,20081002,Valley,Hardwood,8,5,Litter_sifting,LINYPHIIDAE,immLiny,sp.,0,0,17
20080519,20080529,Valley,Hardwood,8,1,Litter_sifting,THERIDIIDAE,immTher,sp.,0,0,4
20080519,20080529,Valley,Hardwood,8,1,Litter_sifting,AMAUROBIIDAE,immAmau,sp.,0,0,14
20080519,20080529,Valley,Hardwood,8,1,Litter_sifting,CORINNIDAE,immCori,sp.,0,0,7
20080519,20080529,Valley,Hardwood,8,1,Litter_sifting,THOMISIDAE,immThom,sp.,0,0,3
20080519,20080529,Valley,Hardwood,8,1,Litter_sifting,LINYPHIIDAE,immLiny,sp.,0,0,27
20080922,20081002,Valley,Hardwood,8,4,Litter_sifting,LINYPHIIDAE,Tenuiphantes,zebra,0,1,0
20080519,20080529,Valley,Hardwood,8,1,Litter_sifting,HAHNIDAE,immHahn,sp.,0,0,1
20080519,20080529,Valley,Hardwood,8,1,Litter_sifting,LINYPHIIDAE,Collinsia,oxypaederotipus,15,6,0
20080519,20080529,Valley,Hardwood,8,1,Litter_sifting,LINYPHIIDAE,Ceraticelus,minutus,0,2,0
20080519,20080529,Valley,Hardwood,8,1,Litter_sifting,SALTICIDAE,Neon,nelli,0,1,0
20080922,20081002,Valley,Hardwood,8,4,Litter_sifting,DICTYNIDAE,immDict,sp.,0,0,3
20080519,20080529,Valley,Hardwood,8,1,Litter_sifting,THERIDIIDAE,Robertus,riparius,1,1,0
20080519,20080529,Valley,Hardwood,8,1,Litter_sifting,GNAPHOSIDAE,Zelotes,duplex,0,2,0
20080519,20080529,Valley,Hardwood,8,1,Litter_sifting,AMAUROBIIDAE,Amaurobius,borealis,0,4,0
20080922,20081002,Valley,Hardwood,8,4,Litter_sifting,LINYPHIIDAE,Tenuiphantes,sabulosus,0,2,0
20080922,20081002,Valley,Hardwood,8,4,Litter_sifting,LINYPHIIDAE,Ceraticelus,minutus,0,2,0
20080922,20081002,Valley,Hardwood,8,4,Litter_sifting,LINYPHIIDAE,Macrargus,multesimus,0,1,0
20080922,20081002,Valley,Hardwood,8,4,Litter_sifting,DICTYNIDAE,Cicurina,itasca,0,1,0
20080922,20081002,Valley,Hardwood,8,4,Litter_sifting,THERIDIIDAE,Pholcomma,hirsutum,0,2,0
20080922,20081002,Valley,Hardwood,8,4,Litter_sifting,LINYPHIIDAE,Sisicus,penifusifer,1,0,0
20080519,20080529,Valley,Hardwood,8,1,Litter_sifting,CORINNIDAE,Phrurotimpus,alarius,2,1,0
20080519,20080529,Valley,Hardwood,8,3,Pitfall,LYCOSIDAE,Pirata,montanus,4,0,0
20080922,20081002,Valley,Hardwood,8,5,Litter_sifting,UNKNOWN,immUnkn,sp.,0,0,14
20080922,20081002,Valley,Hardwood,8,1,Litter_sifting,DICTYNIDAE,Cicurina,arcuata,0,2,0
20080922,20081002,Valley,Hardwood,8,1,Litter_sifting,LINYPHIIDAE,Walckenaeria,castanea,0,1,0
20080922,20081002,Valley,Hardwood,8,3,Pitfall,AGELENIDAE,immAgel,sp.,0,0,1
20080922,20081002,Valley,Hardwood,8,3,Litter_sifting,LINYPHIIDAE,Ceraticelus,minutus,0,1,0
20080922,20081002,Valley,Hardwood,8,1,Litter_sifting,THERIDIIDAE,immTher,sp.,0,0,3
20080519,20080529,Valley,Hardwood,8,3,Pitfall,AMAUROBIIDAE,Amaurobius,borealis,9,0,0
20080922,20081002,Valley,Hardwood,8,1,Litter_sifting,CORINNIDAE,immCori,sp.,0,0,13
20080519,20080529,Valley,Hardwood,8,3,Pitfall,CORINNIDAE,Phrurotimpus,alarius,1,0,0
20080519,20080529,Valley,Hardwood,8,3,Pitfall,HAHNIDAE,immHahn,sp.,0,0,1
20080922,20081002,Valley,Hardwood,8,1,Litter_sifting,AMAUROBIIDAE,Amaurobius,borealis,3,2,0
20080922,20081002,Valley,Hardwood,8,5,Litter_sifting,LYCOSIDAE,Trochosa,terricola,0,1,0
20080922,20081002,Valley,Hardwood,8,5,Litter_sifting,LIOCRANIDAE,Agroeca,ornata,0,2,0
20080922,20081002,Valley,Hardwood,8,5,Litter_sifting,HAHNIIDAE,Neoantistea,magna,0,4,0
20080922,20081002,Valley,Hardwood,8,1,Litter_sifting,LINYPHIIDAE,Macrargus,multesimus,0,2,0
20080922,20081002,Valley,Hardwood,8,1,Litter_sifting,LYCOSIDAE,immLyco,sp.,0,0,4
20080922,20081002,Valley,Hardwood,8,1,Litter_sifting,LINYPHIIDAE,Sisicus,penifusifer,1,0,0
20080922,20081002,Valley,Hardwood,8,1,Litter_sifting,CORINNIDAE,Phrurotimpus,alarius,0,2,0
20080922,20081002,Valley,Hardwood,8,1,Litter_sifting,LINYPHIIDAE,Ceraticelus,minutus,1,3,0
20080922,20081002,Valley,Hardwood,8,1,Litter_sifting,LINYPHIIDAE,Ceraticelus,laetabilis,0,1,0
20080922,20081002,Valley,Hardwood,8,1,Litter_sifting,LINYPHIIDAE,Tenuiphantes,sabulosus,1,0,0
20080922,20081002,Valley,Hardwood,8,1,Litter_sifting,LINYPHIIDAE,immLiny,sp.,0,0,27
20080922,20081002,Valley,Hardwood,8,1,Litter_sifting,DICTYNIDAE,Cicurina,robusta,0,1,0
20080922,20081002,Valley,Hardwood,8,5,Litter_sifting,LINYPHIIDAE,Ceraticelus,laetabilis,0,1,0
20080922,20081002,Valley,Hardwood,8,1,Litter_sifting,AMAUROBIIDAE,immAmau,sp.,0,0,24
20080922,20081002,Valley,Hardwood,8,1,Litter_sifting,THOMISIDAE,immThom,sp.,0,0,2
20080922,20081002,Valley,Hardwood,8,1,Litter_sifting,DICTYNIDAE,immDict,sp.,0,0,6
20080922,20081002,Valley,Hardwood,8,1,Litter_sifting,LINYPHIIDAE,Collinsia,oxypaederotipus,0,1,0
20080922,20081002,Valley,Hardwood,8,1,Litter_sifting,THERIDIIDAE,Robertus,riparius,2,2,0
20080922,20081002,Valley,Hardwood,8,1,Litter_sifting,DICTYNIDAE,Cicurina,brevis,0,4,0
20080922,20081002,Valley,Hardwood,8,1,Litter_sifting,LIOCRANIDAE,Agroeca,ornata,1,0,0
20080519,20080529,Valley,Hardwood,8,1,Pitfall,AMAUROBIIDAE,Amaurobius,borealis,10,0,0
20080519,20080529,Valley,Hardwood,8,5,Pitfall,THOMISIDAE,Xysticus,elegans,1,0,0
20080519,20080529,Valley,Hardwood,8,5,Pitfall,HAHNIDAE,immHahn,sp.,0,0,2
20080519,20080529,Valley,Hardwood,8,4,Pitfall,LINYPHIIDAE,Walckenaeria,directa,1,0,0
20080519,20080529,Valley,Hardwood,8,4,Pitfall,DICTYNIDAE,Dictyna,minuta,1,0,0
20080519,20080529,Valley,Hardwood,8,4,Pitfall,AMAUROBIIDAE,Amaurobius,borealis,3,0,0
20080922,20081002,Valley,Hardwood,8,5,Litter_sifting,THERIDIIDAE,Robertus,riparius,1,2,0
20080519,20080529,Valley,Hardwood,8,5,Pitfall,UNKNOWN,unk_toID,ms_ventral_spike,1,0,0
20080519,20080529,Valley,Hardwood,8,5,Pitfall,AMAUROBIIDAE,Amaurobius,borealis,6,0,0
20080519,20080529,Valley,Hardwood,8,1,Pitfall,LYCOSIDAE,Pirata,montanus,4,0,0
20080519,20080529,Valley,Hardwood,8,1,Pitfall,LIOCRANIDAE,Agroeca,ornata,3,0,0
20080519,20080529,Valley,Hardwood,8,1,Pitfall,THOMISIDAE,Xysticus,fraternus,1,0,0
20080519,20080529,Valley,Hardwood,8,1,Pitfall,THERIDIIDAE,Robertus,riparius,2,0,0
20080519,20080529,Valley,Hardwood,8,1,Pitfall,CORINNIDAE,Phrurotimpus,alarius,0,1,0
20080519,20080529,Valley,Hardwood,8,1,Pitfall,LINYPHIIDAE,Eperigone,maculata,1,0,0
20080519,20080529,Valley,Hardwood,8,5,Pitfall,LYCOSIDAE,immLyco,sp.,0,0,1
20080922,20081002,Valley,Hardwood,8,5,Litter_sifting,LYCOSIDAE,immLyco,sp.,0,0,2
20080519,20080529,Valley,Hardwood,8,1,Pitfall,HAHNIDAE,immHahn,sp.,0,0,1
20080922,20081002,Valley,Hardwood,8,5,Litter_sifting,THERIDIIDAE,Pholcomma,hirsutum,0,1,0
20080922,20081002,Valley,Hardwood,8,5,Litter_sifting,LINYPHIIDAE,Eperigone,maculata,0,1,0
20080922,20081002,Valley,Hardwood,8,5,Litter_sifting,LINYPHIIDAE,Centromerus,persolutus,1,1,0
20080922,20081002,Valley,Hardwood,8,5,Litter_sifting,LINYPHIIDAE,Tenuiphantes,zebra,1,0,0
20080922,20081002,Valley,Hardwood,8,5,Litter_sifting,LINYPHIIDAE,Macrargus,multesimus,0,1,0
20080519,20080529,Valley,Hardwood,8,5,Pitfall,LYCOSIDAE,Pirata,montanus,1,0,0
20080922,20081002,Valley,Hardwood,8,5,Litter_sifting,CORINNIDAE,immCori,sp.,0,0,11
20080519,20080529,Valley,Hardwood,8,5,Pitfall,LIOCRANIDAE,Agroeca,ornata,1,0,0
20080922,20081002,Valley,Hardwood,8,5,Litter_sifting,AMAUROBIIDAE,immAmau,sp.,0,0,6
20080922,20081002,Valley,Hardwood,8,5,Litter_sifting,THOMISIDAE,immThom,sp.,0,0,1
20080922,20081002,Valley,Hardwood,8,1,Litter_sifting,LINYPHIIDAE,Walckenaeria,minuta,1,2,0
20080922,20081002,Valley,Hardwood,8,5,Litter_sifting,THERIDIIDAE,immTher,sp.,0,0,1
20080519,20080529,Valley,Hardwood,8,5,Pitfall,AMAUROBIIDAE,Wadotes,calcaratus,1,0,0
20080922,20081002,Valley,Hardwood,8,5,Litter_sifting,CORINNIDAE,Phrurotimpus,alarius,0,1,0
20080922,20081002,Valley,Hardwood,8,5,Litter_sifting,AGELENIDAE,immAgel,sp.,0,0,1
20080718,20080728,Valley,Hardwood,8,5,Litter_sifting,THERIDIIDAE,immTher,sp.,0,0,1
20080718,20080728,Valley,Hardwood,8,5,Litter_sifting,THERIDIIDAE,Robertus,riparius,0,1,0
20080718,20080728,Valley,Hardwood,8,1,Litter_sifting,HAHNIDAE,immHahn,sp.,0,0,2
20080718,20080728,Valley,Hardwood,8,1,Litter_sifting,THERIDIIDAE,Pholcomma,hirsutum,0,3,0
20080718,20080728,Valley,Hardwood,8,1,Litter_sifting,DICTYNIDAE,Lathys,foxi,0,1,0
20080718,20080728,Valley,Hardwood,8,1,Litter_sifting,LINYPHIIDAE,Ceraticelus,laetabilis,0,1,0
20080718,20080728,Valley,Hardwood,8,1,Litter_sifting,LINYPHIIDAE,Ceraticelus,minutus,0,2,0
20080718,20080728,Valley,Hardwood,8,1,Litter_sifting,LINYPHIIDAE,Collinsia,oxypaederotipus,0,7,0
20080718,20080728,Valley,Hardwood,8,1,Litter_sifting,SALTICIDAE,Neon,nelli,0,1,0
20080718,20080728,Valley,Hardwood,8,1,Litter_sifting,CORINNIDAE,Phrurotimpus,alarius,0,1,0
20080718,20080728,Valley,Hardwood,8,1,Litter_sifting,HAHNIIDAE,Neoantistea,magna,2,1,0
20080718,20080728,Valley,Hardwood,8,1,Litter_sifting,CORINNIDAE,immCori,sp.,0,0,12
20080718,20080728,Valley,Hardwood,8,5,Litter_sifting,LINYPHIIDAE,immLiny,sp.,0,0,9
20080718,20080728,Valley,Hardwood,8,1,Litter_sifting,GNAPHOSIDAE,immGnap,sp.,0,0,2
20080718,20080728,Valley,Hardwood,8,5,Litter_sifting,DICTYNIDAE,immDict,sp.,0,0,3
20080718,20080728,Valley,Hardwood,8,5,Litter_sifting,AMAUROBIIDAE,immAmau,sp.,0,0,13
20080718,20080728,Valley,Hardwood,8,5,Litter_sifting,CORINNIDAE,immCori,sp.,0,0,9
20080718,20080728,Valley,Hardwood,8,5,Litter_sifting,LYCOSIDAE,immLyco,sp.,0,0,4
20080718,20080728,Valley,Hardwood,8,5,Litter_sifting,HAHNIIDAE,Neoantistea,magna,4,0,0
20080718,20080728,Valley,Hardwood,8,5,Litter_sifting,DICTYNIDAE,Lathys,foxi,0,1,1
20080718,20080728,Valley,Hardwood,8,5,Litter_sifting,LINYPHIIDAE,Eperigone,maculata,0,3,0
20080718,20080728,Valley,Hardwood,8,5,Litter_sifting,LINYPHIIDAE,Collinsia,oxypaederotipus,0,2,0
20080718,20080728,Valley,Hardwood,8,5,Litter_sifting,LINYPHIIDAE,Ceraticelus,minutus,0,1,0
20080718,20080728,Valley,Hardwood,8,5,Litter_sifting,SALTICIDAE,Neon,nelli,0,1,0
20080922,20081002,Valley,Hardwood,8,3,Pitfall,CORINNIDAE,immCori,sp.,0,0,1
20080718,20080728,Valley,Hardwood,8,5,Litter_sifting,UNKNOWN,immUnkn,sp.,0,0,5
20080519,20080529,Valley,Hardwood,8,4,Litter_sifting,SALTICIDAE,immSalt,sp.,0,0,1
20080718,20080728,Valley,Hardwood,8,3,Litter_sifting,LINYPHIIDAE,Collinsia,oxypaederotipus,0,4,0
20080519,20080529,Valley,Hardwood,8,4,Litter_sifting,LYCOSIDAE,Pirata,montanus,0,1,0
20080519,20080529,Valley,Hardwood,8,4,Litter_sifting,AMAUROBIIDAE,Amaurobius,borealis,0,4,0
20080519,20080529,Valley,Hardwood,8,4,Litter_sifting,THERIDIIDAE,Robertus,riparius,2,1,0
20080519,20080529,Valley,Hardwood,8,4,Litter_sifting,LINYPHIIDAE,Collinsia,oxypaederotipus,5,5,0
20080519,20080529,Valley,Hardwood,8,4,Litter_sifting,CORINNIDAE,Phrurotimpus,alarius,4,1,0
20080519,20080529,Valley,Hardwood,8,4,Litter_sifting,LINYPHIIDAE,Centromerus,persolutus,0,2,0
20080519,20080529,Valley,Hardwood,8,4,Litter_sifting,THERIDIIDAE,Pholcomma,hirsutum,0,1,0
20080519,20080529,Valley,Hardwood,8,4,Litter_sifting,LINYPHIIDAE,Eperigone,maculata,0,1,0
20080519,20080529,Valley,Hardwood,8,4,Litter_sifting,LINYPHIIDAE,Ceraticelus,laetabilis,1,0,0
20080718,20080728,Valley,Hardwood,8,1,Litter_sifting,THOMISIDAE,immThom,sp.,0,0,1
20080519,20080529,Valley,Hardwood,8,4,Litter_sifting,AMAUROBIIDAE,immAmau,sp.,0,0,7
20080718,20080728,Valley,Hardwood,8,5,Litter_sifting,LIOCRANIDAE,Agroeca,ornata,0,1,0
20080519,20080529,Valley,Hardwood,8,4,Litter_sifting,CORINNIDAE,immCori,sp.,0,0,5
20080519,20080529,Valley,Hardwood,8,4,Litter_sifting,LINYPHIIDAE,immLiny,sp.,0,0,22
20080519,20080529,Valley,Hardwood,8,4,Litter_sifting,UNKNOWN,immUnkn,sp.,0,0,2
20080519,20080529,Valley,Hardwood,8,2,Litter_sifting,CORINNIDAE,immCori,sp.,0,0,12
20080519,20080529,Valley,Hardwood,8,2,Litter_sifting,LINYPHIIDAE,immLiny,sp.,0,0,16
20080519,20080529,Valley,Hardwood,8,2,Litter_sifting,UNKNOWN,immUnkn,sp.,0,0,1
20080718,20080728,Valley,Hardwood,8,1,Litter_sifting,UNKNOWN,immUnkn,sp.,0,0,8
20080718,20080728,Valley,Hardwood,8,1,Litter_sifting,LINYPHIIDAE,immLiny,sp.,0,0,2
20080718,20080728,Valley,Hardwood,8,1,Litter_sifting,THERIDIIDAE,immTher,sp.,0,0,1
20080718,20080728,Valley,Hardwood,8,1,Litter_sifting,DICTYNIDAE,immDict,sp.,0,0,6
20080718,20080728,Valley,Hardwood,8,1,Litter_sifting,AMAUROBIIDAE,immAmau,sp.,0,0,9
20080519,20080529,Valley,Hardwood,8,4,Litter_sifting,HAHNIDAE,immHahn,sp.,0,0,5
20080519,20080529,Valley,Hardwood,8,3,Litter_sifting,CORINNIDAE,Phrurotimpus,alarius,1,0,0
20080718,20080728,Valley,Hardwood,8,5,Litter_sifting,CORINNIDAE,Phrurotimpus,alarius,0,3,0
20080519,20080529,Valley,Hardwood,8,2,Litter_sifting,THERIDIIDAE,Robertus,riparius,0,1,0
20080519,20080529,Valley,Hardwood,8,2,Litter_sifting,AMAUROBIIDAE,Amaurobius,borealis,0,3,0
20080519,20080529,Valley,Hardwood,8,3,Litter_sifting,AMAUROBIIDAE,Amaurobius,borealis,0,5,0
20080519,20080529,Valley,Hardwood,8,3,Litter_sifting,AMAUROBIIDAE,Callobius,bennetti,0,1,0
20080519,20080529,Valley,Hardwood,8,3,Litter_sifting,LINYPHIIDAE,Collinsia,oxypaederotipus,2,1,0
20080519,20080529,Valley,Hardwood,8,3,Litter_sifting,LINYPHIIDAE,Ceraticelus,laetabilis,0,1,0
20080519,20080529,Valley,Hardwood,8,3,Litter_sifting,LINYPHIIDAE,Ceratinella,brunnea,0,1,0
20080519,20080529,Valley,Hardwood,8,3,Litter_sifting,LINYPHIIDAE,Eperigone,maculata,0,2,0
20080519,20080529,Valley,Hardwood,8,3,Litter_sifting,THOMISIDAE,immThom,sp.,0,0,1
20080519,20080529,Valley,Hardwood,8,2,Litter_sifting,LINYPHIIDAE,Collinsia,oxypaederotipus,6,2,0
20080519,20080529,Valley,Hardwood,8,3,Litter_sifting,CORINNIDAE,Phrurotimpus,borealis,1,0,0
20080519,20080529,Valley,Hardwood,8,2,Litter_sifting,LINYPHIIDAE,Walckenaeria,minuta,0,1,0
20080519,20080529,Valley,Hardwood,8,3,Litter_sifting,THERIDIIDAE,Pholcomma,hirsutum,2,0,0
20080519,20080529,Valley,Hardwood,8,3,Litter_sifting,THERIDIIDAE,Robertus,riparius,1,0,0
20080519,20080529,Valley,Hardwood,8,3,Litter_sifting,SALTICIDAE,immSalt,sp.,0,0,1
20080519,20080529,Valley,Hardwood,8,3,Litter_sifting,THOMISIDAE,immThom,sp.,0,0,1
20080519,20080529,Valley,Hardwood,8,3,Litter_sifting,LYCOSIDAE,immLyco,sp.,0,0,2
20080519,20080529,Valley,Hardwood,8,3,Litter_sifting,AMAUROBIIDAE,immAmau,sp.,0,0,4
20080519,20080529,Valley,Hardwood,8,3,Litter_sifting,CORINNIDAE,immCori,sp.,0,0,9
20080519,20080529,Valley,Hardwood,8,3,Litter_sifting,HAHNIDAE,immHahn,sp.,0,0,1
20080519,20080529,Valley,Hardwood,8,3,Litter_sifting,LINYPHIIDAE,immLiny,sp.,0,0,10
20080519,20080529,Valley,Hardwood,8,3,Litter_sifting,UNKNOWN,immUnkn,sp.,0,0,1
20080718,20080728,Valley,Hardwood,8,1,Pitfall,HAHNIIDAE,Neoantistea,magna,1,0,0
20080519,20080529,Valley,Hardwood,8,3,Litter_sifting,CLUBIONIDAE,Clubiona,spiralis,0,1,0
20080718,20080728,Valley,Hardwood,8,3,Pitfall,LINYPHIIDAE,Centromerus,cornupalpis,0,1,0
20080718,20080728,Valley,Hardwood,8,5,Litter_sifting,AMAUROBIIDAE,Amaurobius,borealis,0,1,0
20080718,20080728,Valley,Hardwood,8,5,Pitfall,AMAUROBIIDAE,immAmau,sp.,0,0,1
20080718,20080728,Valley,Hardwood,8,5,Pitfall,CORINNIDAE,immCori,sp.,0,0,1
20080718,20080728,Valley,Hardwood,8,5,Pitfall,CORINNIDAE,Phrurotimpus,alarius,0,1,0
20080718,20080728,Valley,Hardwood,8,5,Pitfall,LINYPHIIDAE,Collinsia,oxypaederotipus,0,1,0
20080718,20080728,Valley,Hardwood,8,5,Pitfall,HAHNIIDAE,Neoantistea,magna,2,0,0
20080718,20080728,Valley,Hardwood,8,4,Pitfall,LYCOSIDAE,immLyco,sp.,0,0,1
20080718,20080728,Valley,Hardwood,8,4,Pitfall,DICTYNIDAE,Emblyna,sublata,0,1,0
20080718,20080728,Valley,Hardwood,8,4,Pitfall,CORINNIDAE,Phrurotimpus,alarius,0,1,0
20080718,20080728,Valley,Hardwood,8,4,Pitfall,HAHNIIDAE,Neoantistea,magna,3,0,0
20080519,20080529,Valley,Hardwood,8,2,Litter_sifting,DICTYNIDAE,Cicurina,brevis,0,1,0
20080718,20080728,Valley,Hardwood,8,2,Pitfall,HAHNIIDAE,Neoantistea,magna,5,0,0
20080718,20080728,Valley,Hardwood,8,3,Litter_sifting,LINYPHIIDAE,Ceraticelus,laetabilis,1,0,0
20080718,20080728,Valley,Hardwood,8,3,Pitfall,CORINNIDAE,immCori,sp.,0,0,1
20080718,20080728,Valley,Hardwood,8,3,Pitfall,CORINNIDAE,Phrurotimpus,alarius,0,1,0
20080718,20080728,Valley,Hardwood,8,3,Pitfall,HAHNIIDAE,Neoantistea,magna,2,0,0
20080718,20080728,Valley,Hardwood,8,1,Pitfall,AMAUROBIIDAE,immAmau,sp.,0,0,1
20080718,20080728,Valley,Hardwood,8,1,Pitfall,AGELENIDAE,immAgel,sp.,0,0,1
20080519,20080529,Valley,Hardwood,8,2,Litter_sifting,THOMISIDAE,immThom,sp.,0,0,1
20080519,20080529,Valley,Hardwood,8,2,Litter_sifting,AMAUROBIIDAE,immAmau,sp.,0,0,7
20080519,20080529,Valley,Hardwood,8,2,Litter_sifting,HAHNIDAE,immHahn,sp.,0,0,1
20080519,20080529,Valley,Hardwood,8,2,Litter_sifting,CORINNIDAE,Phrurotimpus,alarius,2,1,0
20080519,20080529,Valley,Hardwood,8,2,Litter_sifting,THERIDIIDAE,Pholcomma,hirsutum,0,2,0
20080519,20080529,Valley,Hardwood,8,2,Litter_sifting,LINYPHIIDAE,Ceraticelus,minutus,0,1,0
20080718,20080728,Valley,Hardwood,8,2,Pitfall,THOMISIDAE,immThom,sp.,0,0,2
20080922,20081002,Valley,Hardwood,8,3,Pitfall,DICTYNIDAE,immDict,sp.,0,0,1
20080718,20080728,Valley,Hardwood,8,3,Litter_sifting,LINYPHIIDAE,Eperigone,brevidentata,0,1,0
20080922,20081002,Valley,Hardwood,8,1,Pitfall,DICTYNIDAE,immDict,sp.,0,0,1
20080922,20081002,Valley,Hardwood,8,1,Pitfall,AMAUROBIIDAE,Wadotes,hybridus,2,0,0
20080922,20081002,Valley,Hardwood,8,1,Pitfall,DICTYNIDAE,Cicurina,arcuata,0,1,0
20080922,20081002,Valley,Hardwood,8,1,Pitfall,LINYPHIIDAE,LinytoID,ms_bracket_(species5),0,1,0
20080922,20081002,Valley,Hardwood,8,4,Pitfall,DICTYNIDAE,immDict,sp.,0,0,1
20080922,20081002,Valley,Hardwood,8,4,Pitfall,DICTYNIDAE,Cicurina,arcuata,1,0,0
20080922,20081002,Valley,Hardwood,8,4,Pitfall,LINYPHIIDAE,LinytoID,ms_bracket_(species5),0,1,0
20080922,20081002,Valley,Hardwood,8,4,Pitfall,LINYPHIIDAE,Tenuiphantes,sabulosus,0,1,0
20080922,20081002,Valley,Hardwood,8,4,Pitfall,THERIDIIDAE,Robertus,riparius,0,1,0
20080922,20081002,Valley,Hardwood,8,2,Pitfall,LINYPHIIDAE,immLiny,sp.,0,0,1
20080922,20081002,Valley,Hardwood,8,4,Pitfall,AMAUROBIIDAE,Wadotes,hybridus,3,0,0
20080922,20081002,Valley,Hardwood,8,2,Pitfall,AMAUROBIIDAE,Wadotes,hybridus,1,0,0
20080922,20081002,Valley,Hardwood,8,3,Pitfall,HAHNIIDAE,Neoantistea,magna,1,0,0
20080718,20080728,Valley,Hardwood,8,2,Litter_sifting,UNKNOWN,immUnkn,sp.,0,0,12
20080718,20080728,Valley,Hardwood,8,2,Litter_sifting,LINYPHIIDAE,immLiny,sp.,0,0,13
20080718,20080728,Valley,Hardwood,8,2,Litter_sifting,THERIDIIDAE,immTher,sp.,0,0,9
20080718,20080728,Valley,Hardwood,8,2,Litter_sifting,DICTYNIDAE,immDict,sp.,0,0,8
20080718,20080728,Valley,Hardwood,8,2,Litter_sifting,CORINNIDAE,immCori,sp.,0,0,8
20080718,20080728,Valley,Hardwood,8,2,Litter_sifting,AMAUROBIIDAE,immAmau,sp.,0,0,4
20080718,20080728,Valley,Hardwood,8,2,Litter_sifting,LIOCRANIDAE,immLioc,sp.,0,0,1
20080718,20080728,Valley,Hardwood,8,2,Litter_sifting,LINYPHIIDAE,Walckenaeria,atrotibialis,0,1,0
20080718,20080728,Valley,Hardwood,8,2,Litter_sifting,THERIDIIDAE,Pholcomma,hirsutum,0,2,0
20080718,20080728,Valley,Hardwood,8,2,Litter_sifting,LINYPHIIDAE,Ceraticelus,minutus,0,1,0
20080922,20081002,Valley,Hardwood,8,4,Pitfall,HAHNIIDAE,Neoantistea,magna,2,2,0
20080922,20081002,Valley,Hardwood,8,2,Litter_sifting,THERIDIIDAE,Pholcomma,hirsutum,2,5,0
20080922,20081002,Valley,Hardwood,8,3,Litter_sifting,HAHNIIDAE,Neoantistea,magna,0,2,0
20080922,20081002,Valley,Hardwood,8,3,Litter_sifting,THERIDIIDAE,Robertus,riparius,0,1,0
20080922,20081002,Valley,Hardwood,8,3,Litter_sifting,LYCOSIDAE,Trochosa,terricola,0,1,0
20080922,20081002,Valley,Hardwood,8,2,Litter_sifting,UNKNOWN,immUnkn,sp.,0,0,49
20080922,20081002,Valley,Hardwood,8,2,Litter_sifting,LINYPHIIDAE,immLiny,sp.,0,0,55
20080922,20081002,Valley,Hardwood,8,2,Litter_sifting,THERIDIIDAE,immTher,sp.,0,0,8
20080922,20081002,Valley,Hardwood,8,2,Litter_sifting,SALTICIDAE,immSalt,sp.,0,0,2
20080922,20081002,Valley,Hardwood,8,2,Litter_sifting,AMAUROBIIDAE,immAmau,sp.,0,0,7
20080922,20081002,Valley,Hardwood,8,2,Litter_sifting,DICTYNIDAE,immDict,sp.,0,0,9
20080922,20081002,Valley,Hardwood,8,2,Litter_sifting,CORINNIDAE,immCori,sp.,0,0,20
20080922,20081002,Valley,Hardwood,8,2,Pitfall,THOMISIDAE,immThom,sp.,0,0,1
20080922,20081002,Valley,Hardwood,8,2,Litter_sifting,LINYPHIIDAE,Walckenaeria,minuta,1,4,0
20080718,20080728,Valley,Hardwood,8,2,Litter_sifting,LINYPHIIDAE,Ceraticelus,laetabilis,1,4,0
20080922,20081002,Valley,Hardwood,8,2,Litter_sifting,LINYPHIIDAE,Ceratinops,annulipes,1,0,0
20080922,20081002,Valley,Hardwood,8,2,Litter_sifting,LINYPHIIDAE,Sisicus,penifusifer,1,0,0
20080922,20081002,Valley,Hardwood,8,2,Litter_sifting,LINYPHIIDAE,Centromerus,cornupalpis,0,1,0
20080922,20081002,Valley,Hardwood,8,2,Litter_sifting,LINYPHIIDAE,Tenuiphantes,sabulosus,0,1,0
20080922,20081002,Valley,Hardwood,8,2,Litter_sifting,THERIDIIDAE,Robertus,riparius,2,3,0
20080922,20081002,Valley,Hardwood,8,2,Litter_sifting,DICTYNIDAE,Lathys,foxi,0,1,0
20080922,20081002,Valley,Hardwood,8,2,Litter_sifting,LINYPHIIDAE,Ceraticelus,laetabilis,0,1,0
20080922,20081002,Valley,Hardwood,8,2,Litter_sifting,LINYPHIIDAE,Ceraticelus,minutus,5,4,0
20080922,20081002,Valley,Hardwood,8,2,Litter_sifting,HAHNIIDAE,Neoantistea,magna,0,1,0
20080922,20081002,Valley,Hardwood,8,5,Pitfall,HAHNIIDAE,Neoantistea,magna,0,1,0
20080922,20081002,Valley,Hardwood,8,5,Pitfall,AMAUROBIIDAE,Wadotes,hybridus,1,0,0
20080922,20081002,Valley,Hardwood,8,2,Litter_sifting,THOMISIDAE,immThom,sp.,0,0,4
20080519,20080529,Valley,Hardwood,8,5,Litter_sifting,CORINNIDAE,immCori,sp.,0,0,16
20080519,20080529,Valley,Hardwood,8,5,Litter_sifting,SALTICIDAE,Neon,nelli,0,1,0
20080519,20080529,Valley,Hardwood,8,5,Litter_sifting,THERIDIIDAE,Robertus,riparius,0,1,0
20080519,20080529,Valley,Hardwood,8,5,Litter_sifting,CORINNIDAE,Phrurotimpus,borealis,2,0,0
20080519,20080529,Valley,Hardwood,8,5,Litter_sifting,CORINNIDAE,Phrurotimpus,alarius,1,0,0
20080519,20080529,Valley,Hardwood,8,5,Litter_sifting,LINYPHIIDAE,Ceraticelus,laetabilis,0,1,0
20080519,20080529,Valley,Hardwood,8,5,Litter_sifting,LINYPHIIDAE,Ceraticelus,minutus,0,1,0
20080519,20080529,Valley,Hardwood,8,5,Litter_sifting,THERIDIIDAE,Pholcomma,hirsutum,0,1,0
20080519,20080529,Valley,Hardwood,8,5,Litter_sifting,LINYPHIIDAE,Ceraticelus,fissiceps,0,1,0
20080519,20080529,Valley,Hardwood,8,5,Litter_sifting,DICTYNIDAE,Emblyna,sublata,0,1,0
20080519,20080529,Valley,Hardwood,8,5,Litter_sifting,LINYPHIIDAE,Collinsia,oxypaederotipus,2,1,0
20080718,20080728,Valley,Hardwood,8,2,Litter_sifting,LINYPHIIDAE,Eperigone,brevidentata,0,3,0
20080519,20080529,Valley,Hardwood,8,5,Litter_sifting,AMAUROBIIDAE,immAmau,sp.,0,0,8
20080718,20080728,Valley,Hardwood,8,3,Litter_sifting,DICTYNIDAE,immDict,sp.,0,0,1
20080519,20080529,Valley,Hardwood,8,5,Litter_sifting,SALTICIDAE,immSalt,sp.,0,0,2
20080519,20080529,Valley,Hardwood,8,5,Litter_sifting,DICTYNIDAE,immDict,sp.,0,0,6
20080519,20080529,Valley,Hardwood,8,5,Litter_sifting,THOMISIDAE,immThom,sp.,0,0,3
20080519,20080529,Valley,Hardwood,8,5,Litter_sifting,LINYPHIIDAE,immLiny,sp.,0,0,16
20080519,20080529,Valley,Hardwood,8,5,Litter_sifting,GNAPHOSIDAE,immGnap,sp.,0,0,1
20080519,20080529,Valley,Hardwood,8,5,Litter_sifting,UNKNOWN,immUnkn,sp.,0,0,2
20080718,20080728,Valley,Hardwood,8,3,Litter_sifting,THOMISIDAE,immThom,sp.,0,0,5
20080718,20080728,Valley,Hardwood,8,3,Litter_sifting,LYCOSIDAE,immLyco,sp.,0,0,1
20080718,20080728,Valley,Hardwood,8,3,Litter_sifting,HAHNIIDAE,Neoantistea,magna,1,1,0
20080718,20080728,Valley,Hardwood,8,3,Litter_sifting,THERIDIIDAE,Pholcomma,hirsutum,3,1,0
20080922,20081002,Valley,Hardwood,8,3,Litter_sifting,LINYPHIIDAE,Ceraticelus,laetabilis,2,1,0
20080519,20080529,Valley,Hardwood,8,5,Litter_sifting,HAHNIDAE,immHahn,sp.,0,0,3
20080718,20080728,Valley,Hardwood,8,4,Litter_sifting,AMAUROBIIDAE,Callobius,bennetti,0,1,0
20080718,20080728,Valley,Hardwood,8,3,Litter_sifting,LINYPHIIDAE,Ceraticelus,minutus,0,1,0
20080718,20080728,Valley,Hardwood,8,2,Litter_sifting,HAHNIIDAE,Neoantistea,magna,0,1,0
20080718,20080728,Valley,Hardwood,8,2,Litter_sifting,CORINNIDAE,Phrurotimpus,borealis,0,1,0
20080718,20080728,Valley,Hardwood,8,2,Litter_sifting,AMAUROBIIDAE,Amaurobius,borealis,0,1,0
20080718,20080728,Valley,Hardwood,8,4,Litter_sifting,UNKNOWN,immUnkn,sp.,0,0,2
20080718,20080728,Valley,Hardwood,8,4,Litter_sifting,LINYPHIIDAE,immLiny,sp.,0,0,15
20080718,20080728,Valley,Hardwood,8,4,Litter_sifting,DICTYNIDAE,immDict,sp.,0,0,4
20080718,20080728,Valley,Hardwood,8,4,Litter_sifting,LIOCRANIDAE,immLioc,sp.,0,0,1
20080718,20080728,Valley,Hardwood,8,4,Litter_sifting,THOMISIDAE,immThom,sp.,0,0,5
20080718,20080728,Valley,Hardwood,8,4,Litter_sifting,HAHNIDAE,immHahn,sp.,0,0,2
20080718,20080728,Valley,Hardwood,8,4,Litter_sifting,CORINNIDAE,immCori,sp.,0,0,3
20080519,20080529,Valley,Hardwood,8,5,Litter_sifting,AMAUROBIIDAE,Amaurobius,borealis,1,2,0
20080718,20080728,Valley,Hardwood,8,4,Litter_sifting,AMAUROBIIDAE,immAmau,sp.,0,0,14
20080718,20080728,Valley,Hardwood,8,3,Litter_sifting,LIOCRANIDAE,immLioc,sp.,0,0,1
20080718,20080728,Valley,Hardwood,8,4,Litter_sifting,LINYPHIIDAE,Ceraticelus,laetabilis,0,1,0
20080718,20080728,Valley,Hardwood,8,4,Litter_sifting,LINYPHIIDAE,Tapinocyba,minuta,0,1,0
20080718,20080728,Valley,Hardwood,8,4,Litter_sifting,LINYPHIIDAE,Collinsia,oxypaederotipus,0,2,0
20080718,20080728,Valley,Hardwood,8,4,Litter_sifting,CORINNIDAE,Phrurotimpus,alarius,0,1,0
20080718,20080728,Valley,Hardwood,8,4,Litter_sifting,AMAUROBIIDAE,Amaurobius,borealis,0,2,0
20080718,20080728,Valley,Hardwood,8,3,Litter_sifting,UNKNOWN,immUnkn,sp.,0,0,5
20080718,20080728,Valley,Hardwood,8,3,Litter_sifting,LINYPHIIDAE,immLiny,sp.,0,0,20
20080718,20080728,Valley,Hardwood,8,3,Litter_sifting,AGELENIDAE,immAgel,sp.,0,0,2
20080718,20080728,Valley,Hardwood,8,3,Litter_sifting,CORINNIDAE,immCori,sp.,0,0,11
20080718,20080728,Valley,Hardwood,8,3,Litter_sifting,AMAUROBIIDAE,immAmau,sp.,0,0,2
20080718,20080728,Valley,Hardwood,8,2,Litter_sifting,LINYPHIIDAE,Collinsia,oxypaederotipus,0,2,0
20080718,20080728,Valley,Hardwood,8,4,Litter_sifting,AGELENIDAE,immAgel,sp.,0,0,1
