River,Site,Year,Site_code,Latitude,Longitude,Drainage.area.sq.km,Transect,life_history,Tribe,species_code,TDMt_total,TAFDMt_total,TSMt_total,OSMt_total,ISMt_total,P_TDM_total,P_TAFDM_total,P_TSM_total,P_OSM_total,P_ISM_total,total_organic_B_total,total_organic_P_total,total_inorganic_B_total,total_inorganic_P_total,TDMt_m2,TAFDMt_m2,TSMt_m2,OSMt_m2,ISMt_m2,P_TDM_m2,P_TAFDM_m2,P_TSM_m2,P_OSM_m2,P_ISM_m2,total_organic_B_m2,total_organic_P_m2,total_inorganic_B_m2,total_inorganic_P_m2
LUBBUB,LUBBUB_1,2016,L1,33.19698,-88.090603,318.5685375,0-15_13,NA,Corbicula,CFLU,1.464587826,1.065066887,48.69210396,1.416940225,47.27516374,0.981510541,0.715738271,32.91756063,0.957901014,31.95965962,2.482007112,1.673639285,47.67468467,32.22543189,0.976391884,0.710044591,32.46140264,0.944626817,31.51677582,0.654340361,0.477158847,21.94504042,0.638600676,21.30643974,1.654671408,1.115759524,31.78312312,21.48362126
LUBBUB,LUBBUB_1,2016,L1,33.19698,-88.090603,318.5685375,0-15_13,Equilibrium,Pleurobemini,FCER,0.365744482,0.323619955,16.08327367,0.839546886,15.24372678,0.091945794,0.078786527,3.626934335,0.189325972,3.437608363,1.163166841,0.268112499,15.28585131,3.45076763,0.243829654,0.215746637,10.72218245,0.559697924,10.16248452,0.061297196,0.052524351,2.417956224,0.126217315,2.291738909,0.77544456,0.178741666,10.19056754,2.300511754
LUBBUB,LUBBUB_1,2016,L1,33.19698,-88.090603,318.5685375,0-15_13,Opportunistic,Lampsilini,LORN,0,0,0,0,0,0,0,0,0,0,0,0,0,0,0,0,0,0,0,0,0,0,0,0,0,0,0,NA
LUBBUB,LUBBUB_1,2016,L1,33.19698,-88.090603,318.5685375,0-15_13,Periodic,Lampsilini,OREF,0,0,0,0,0,0,0,0,0,0,0,0,0,0,0,0,0,0,0,0,0,0,0,0,0,0,0,NA
LUBBUB,LUBBUB_1,2016,L1,33.19698,-88.090603,318.5685375,0-15_13,Equilibrium,Pleurobemini,PDEC,0,0,0,0,0,0,0,0,0,0,0,0,0,0,0,0,0,0,0,0,0,0,0,0,0,0,0,NA
LUBBUB,LUBBUB_1,2016,L1,33.19698,-88.090603,318.5685375,0-15_13,Equilibrium,Quadrulini,PKIE,3.495278248,3.094345015,133.3524307,9.948091328,123.4043393,0.566412308,0.502110968,21.15190484,1.577932101,19.57397274,13.04243634,2.08004307,123.8052726,19.63827408,2.330185499,2.062896677,88.90162044,6.632060885,82.26955956,0.377608205,0.334740645,14.1012699,1.051954734,13.04931516,8.694957562,1.38669538,82.53684838,13.09218272
LUBBUB,LUBBUB_1,2016,L1,33.19698,-88.090603,318.5685375,0-15_13,Periodic,Lampsilini,LSTR,0,0,0,0,0,0,0,0,0,0,0,0,0,0,0,0,0,0,0,0,0,0,0,0,0,0,0,NA
LUBBUB,LUBBUB_1,2016,L1,33.19698,-88.090603,318.5685375,0-15_13,Periodic,Lampsilini,MACU,0.169378821,0.14795966,2.063057,0.121514057,1.941542943,0.032584726,0.027637642,0.399156209,0.023510301,0.375645908,0.269473717,0.051147943,1.962962104,0.380592992,0.112919214,0.098639773,1.375371334,0.081009372,1.294361962,0.021723151,0.018425095,0.266104139,0.015673534,0.250430605,0.179649145,0.034098628,1.308641403,0.253728661
LUBBUB,LUBBUB_1,2016,L1,33.19698,-88.090603,318.5685375,0-15_13,Periodic,Lampsilini,OUNI,0,0,0,0,0,0,0,0,0,0,0,0,0,0,0,0,0,0,0,0,0,0,0,0,0,0,0,NA
LUBBUB,LUBBUB_1,2016,L1,33.19698,-88.090603,318.5685375,0-15_13,Equilibrium,Quadrulini,QVER,3.225463645,2.067702773,101.0779881,6.206188471,94.87179965,1.102395876,0.770671465,34.25653863,2.103351472,32.15318716,8.273891244,2.874022936,96.02956052,32.48491157,2.150309096,1.378468515,67.38532541,4.13745898,63.24786643,0.734930584,0.513780976,22.83769242,1.402234315,21.4354581,5.515927496,1.916015291,64.01970701,21.65660771
LUBBUB,LUBBUB_1,2016,L1,33.19698,-88.090603,318.5685375,0-15_13,Periodic,Pleurobemini,EARC,0,0,0,0,0,0,0,0,0,0,0,0,0,0,0,0,0,0,0,0,0,0,0,0,0,0,0,NA
LUBBUB,LUBBUB_1,2016,L1,33.19698,-88.090603,318.5685375,0-15_13,Equilibrium,Amblemini,APLI,0,0,0,0,0,0,0,0,0,0,0,0,0,0,0,0,0,0,0,0,0,0,0,0,0,0,0,NA
LUBBUB,LUBBUB_1,2016,L1,33.19698,-88.090603,318.5685375,0-15_13,Equilibrium,Pleurobemini,REBE,0,0,0,0,0,0,0,0,0,0,0,0,0,0,0,0,0,0,0,0,0,0,0,0,0,0,0,NA
LUBBUB,LUBBUB_1,2016,L1,33.19698,-88.090603,318.5685375,0-15_13,Equilibrium,Quadrulini,QQUA,0,0,0,0,0,0,0,0,0,0,0,0,0,0,0,0,0,0,0,0,0,0,0,0,0,0,0,NA
LUBBUB,LUBBUB_1,2016,L1,33.19698,-88.090603,318.5685375,0-15_13,Opportunistic,Lampsilini,TDON,0,0,0,0,0,0,0,0,0,0,0,0,0,0,0,0,0,0,0,0,0,0,0,0,0,0,0,NA
LUBBUB,LUBBUB_1,2016,L1,33.19698,-88.090603,318.5685375,0-15_13,Equilibrium,Quadrulini,MNER,0,0,0,0,0,0,0,0,0,0,0,0,0,0,0,0,0,0,0,0,0,0,0,0,0,0,0,NA
LUBBUB,LUBBUB_1,2016,L1,33.19698,-88.090603,318.5685375,0-15_13,Periodic,Lampsilini,LLIE,0,0,0,0,0,0,0,0,0,0,0,0,0,0,0,0,0,0,0,0,0,0,0,0,0,0,0,NA
LUBBUB,LUBBUB_1,2016,L1,33.19698,-88.090603,318.5685375,0-15_13,Periodic,Lampsilini,ELIN,0,0,0,0,0,0,0,0,0,0,0,0,0,0,0,0,0,0,0,0,0,0,0,0,0,0,0,NA
LUBBUB,LUBBUB_1,2016,L1,33.19698,-88.090603,318.5685375,0-15_13,Opportunistic,Lampsilini,PFRA,0,0,0,0,0,0,0,0,0,0,0,0,0,0,0,0,0,0,0,0,0,0,0,0,0,0,0,NA
LUBBUB,LUBBUB_1,2016,L1,33.19698,-88.090603,318.5685375,0-15_13,Opportunistic,Lampsilini,LREC,0,0,0,0,0,0,0,0,0,0,0,0,0,0,0,0,0,0,0,0,0,0,0,0,0,0,0,NA
LUBBUB,LUBBUB_1,2016,L1,33.19698,-88.090603,318.5685375,0-15_13,Periodic,Lampsilini,OARK,0,0,0,0,0,0,0,0,0,0,0,0,0,0,0,0,0,0,0,0,0,0,0,0,0,0,0,NA
LUBBUB,LUBBUB_1,2016,L1,33.19698,-88.090603,318.5685375,0-15_13,Opportunistic,Lampsilini,PINF,0,0,0,0,0,0,0,0,0,0,0,0,0,0,0,0,0,0,0,0,0,0,0,0,0,0,0,NA
LUBBUB,LUBBUB_1,2016,L1,33.19698,-88.090603,318.5685375,0-15_13,Equilibrium,Pleurobemini,PPER,0,0,0,0,0,0,0,0,0,0,0,0,0,0,0,0,0,0,0,0,0,0,0,0,0,0,0,NA
LUBBUB,LUBBUB_1,2016,L1,33.19698,-88.090603,318.5685375,0-15_13,Opportunistic,Lampsilini,LTER,0,0,0,0,0,0,0,0,0,0,0,0,0,0,0,0,0,0,0,0,0,0,0,0,0,0,0,NA
LUBBUB,LUBBUB_1,2016,L1,33.19698,-88.090603,318.5685375,0-15_13,Periodic,Alasmodontini,SSUB,0,0,0,0,0,0,0,0,0,0,0,0,0,0,0,0,0,0,0,0,0,0,0,0,0,0,0,NA
LUBBUB,LUBBUB_1,2016,L1,33.19698,-88.090603,318.5685375,0-15_13,Opportunistic,Lampsilini,TPAR,0,0,0,0,0,0,0,0,0,0,0,0,0,0,0,0,0,0,0,0,0,0,0,0,0,0,0,NA
LUBBUB,LUBBUB_1,2016,L1,33.19698,-88.090603,318.5685375,0-15_13,Opportunistic,Lampsilini,PPUR,0,0,0,0,0,0,0,0,0,0,0,0,0,0,0,0,0,0,0,0,0,0,0,0,0,0,0,NA
LUBBUB,LUBBUB_1,2016,L1,33.19698,-88.090603,318.5685375,0-15_13,Periodic,Lampsilini,HPER,0.00175356,0.001594471,0.018875236,0.001151389,0.017723847,0.00175356,0.001594471,0.018875236,0.001151389,0.017723847,0.00274586,0.00274586,0.017882935,0.017882935,0.00116904,0.001062981,0.012583491,0.000767593,0.011815898,0.00116904,0.001062981,0.012583491,0.000767593,0.011815898,0.001830573,0.001830573,0.011921957,0.011921957
LUBBUB,LUBBUB_1,2016,L1,33.19698,-88.090603,318.5685375,0-15_13,Periodic,Lampsilini,VVIB,0,0,0,0,0,0,0,0,0,0,0,0,0,0,0,0,0,0,0,0,0,0,0,0,0,0,0,NA
LUBBUB,LUBBUB_1,2016,L1,33.19698,-88.090603,318.5685375,0-15_13,Periodic,Pleurobemini,ECRA,0,0,0,0,0,0,0,0,0,0,0,0,0,0,0,0,0,0,0,0,0,0,0,0,0,0,0,NA
LUBBUB,LUBBUB_1,2016,L1,33.19698,-88.090603,318.5685375,0-15_13,Opportunistic,Lampsilini,TTRU,0,0,0,0,0,0,0,0,0,0,0,0,0,0,0,0,0,0,0,0,0,0,0,0,0,0,0,NA
LUBBUB,LUBBUB_1,2016,L1,33.19698,-88.090603,318.5685375,0-15_13,NA,Lampsilini,LAMP,0,0,0,0,0,0,0,0,0,0,0,0,0,0,0,0,0,0,0,0,0,0,0,0,0,0,0,NA
LUBBUB,LUBBUB_1,2016,L1,33.19698,-88.090603,318.5685375,0-15_13,Periodic,Anodontini,LCOM,0,0,0,0,0,0,0,0,0,0,0,0,0,0,0,0,0,0,0,0,0,0,0,0,0,0,0,NA
LUBBUB,LUBBUB_1,2016,L1,33.19698,-88.090603,318.5685375,0-15_5,NA,Corbicula,CFLU,0,0,0,0,0,0,0,0,0,0,0,0,0,0,0,0,0,0,0,0,0,0,0,0,0,0,0,NA
LUBBUB,LUBBUB_1,2016,L1,33.19698,-88.090603,318.5685375,0-15_5,Equilibrium,Pleurobemini,FCER,0,0,0,0,0,0,0,0,0,0,0,0,0,0,0,0,0,0,0,0,0,0,0,0,0,0,0,NA
LUBBUB,LUBBUB_1,2016,L1,33.19698,-88.090603,318.5685375,0-15_5,Opportunistic,Lampsilini,LORN,0,0,0,0,0,0,0,0,0,0,0,0,0,0,0,0,0,0,0,0,0,0,0,0,0,0,0,NA
LUBBUB,LUBBUB_1,2016,L1,33.19698,-88.090603,318.5685375,0-15_5,Periodic,Lampsilini,OREF,0,0,0,0,0,0,0,0,0,0,0,0,0,0,0,0,0,0,0,0,0,0,0,0,0,0,0,NA
LUBBUB,LUBBUB_1,2016,L1,33.19698,-88.090603,318.5685375,0-15_5,Equilibrium,Pleurobemini,PDEC,0,0,0,0,0,0,0,0,0,0,0,0,0,0,0,0,0,0,0,0,0,0,0,0,0,0,0,NA
LUBBUB,LUBBUB_1,2016,L1,33.19698,-88.090603,318.5685375,0-15_5,Equilibrium,Quadrulini,PKIE,0,0,0,0,0,0,0,0,0,0,0,0,0,0,0,0,0,0,0,0,0,0,0,0,0,0,0,NA
LUBBUB,LUBBUB_1,2016,L1,33.19698,-88.090603,318.5685375,0-15_5,Periodic,Lampsilini,LSTR,0,0,0,0,0,0,0,0,0,0,0,0,0,0,0,0,0,0,0,0,0,0,0,0,0,0,0,NA
LUBBUB,LUBBUB_1,2016,L1,33.19698,-88.090603,318.5685375,0-15_5,Periodic,Lampsilini,MACU,0,0,0,0,0,0,0,0,0,0,0,0,0,0,0,0,0,0,0,0,0,0,0,0,0,0,0,NA
LUBBUB,LUBBUB_1,2016,L1,33.19698,-88.090603,318.5685375,0-15_5,Periodic,Lampsilini,OUNI,0,0,0,0,0,0,0,0,0,0,0,0,0,0,0,0,0,0,0,0,0,0,0,0,0,0,0,NA
LUBBUB,LUBBUB_1,2016,L1,33.19698,-88.090603,318.5685375,0-15_5,Equilibrium,Quadrulini,QVER,0,0,0,0,0,0,0,0,0,0,0,0,0,0,0,0,0,0,0,0,0,0,0,0,0,0,0,NA
LUBBUB,LUBBUB_1,2016,L1,33.19698,-88.090603,318.5685375,0-15_5,Periodic,Pleurobemini,EARC,0,0,0,0,0,0,0,0,0,0,0,0,0,0,0,0,0,0,0,0,0,0,0,0,0,0,0,NA
LUBBUB,LUBBUB_1,2016,L1,33.19698,-88.090603,318.5685375,0-15_5,Equilibrium,Amblemini,APLI,0,0,0,0,0,0,0,0,0,0,0,0,0,0,0,0,0,0,0,0,0,0,0,0,0,0,0,NA
LUBBUB,LUBBUB_1,2016,L1,33.19698,-88.090603,318.5685375,0-15_5,Equilibrium,Pleurobemini,REBE,0,0,0,0,0,0,0,0,0,0,0,0,0,0,0,0,0,0,0,0,0,0,0,0,0,0,0,NA
LUBBUB,LUBBUB_1,2016,L1,33.19698,-88.090603,318.5685375,0-15_5,Equilibrium,Quadrulini,QQUA,0,0,0,0,0,0,0,0,0,0,0,0,0,0,0,0,0,0,0,0,0,0,0,0,0,0,0,NA
LUBBUB,LUBBUB_1,2016,L1,33.19698,-88.090603,318.5685375,0-15_5,Opportunistic,Lampsilini,TDON,0,0,0,0,0,0,0,0,0,0,0,0,0,0,0,0,0,0,0,0,0,0,0,0,0,0,0,NA
LUBBUB,LUBBUB_1,2016,L1,33.19698,-88.090603,318.5685375,0-15_5,Equilibrium,Quadrulini,MNER,0,0,0,0,0,0,0,0,0,0,0,0,0,0,0,0,0,0,0,0,0,0,0,0,0,0,0,NA
LUBBUB,LUBBUB_1,2016,L1,33.19698,-88.090603,318.5685375,0-15_5,Periodic,Lampsilini,LLIE,0,0,0,0,0,0,0,0,0,0,0,0,0,0,0,0,0,0,0,0,0,0,0,0,0,0,0,NA
LUBBUB,LUBBUB_1,2016,L1,33.19698,-88.090603,318.5685375,0-15_5,Periodic,Lampsilini,ELIN,0,0,0,0,0,0,0,0,0,0,0,0,0,0,0,0,0,0,0,0,0,0,0,0,0,0,0,NA
LUBBUB,LUBBUB_1,2016,L1,33.19698,-88.090603,318.5685375,0-15_5,Opportunistic,Lampsilini,PFRA,0,0,0,0,0,0,0,0,0,0,0,0,0,0,0,0,0,0,0,0,0,0,0,0,0,0,0,NA
LUBBUB,LUBBUB_1,2016,L1,33.19698,-88.090603,318.5685375,0-15_5,Opportunistic,Lampsilini,LREC,0,0,0,0,0,0,0,0,0,0,0,0,0,0,0,0,0,0,0,0,0,0,0,0,0,0,0,NA
LUBBUB,LUBBUB_1,2016,L1,33.19698,-88.090603,318.5685375,0-15_5,Periodic,Lampsilini,OARK,0,0,0,0,0,0,0,0,0,0,0,0,0,0,0,0,0,0,0,0,0,0,0,0,0,0,0,NA
LUBBUB,LUBBUB_1,2016,L1,33.19698,-88.090603,318.5685375,0-15_5,Opportunistic,Lampsilini,PINF,0,0,0,0,0,0,0,0,0,0,0,0,0,0,0,0,0,0,0,0,0,0,0,0,0,0,0,NA
LUBBUB,LUBBUB_1,2016,L1,33.19698,-88.090603,318.5685375,0-15_5,Equilibrium,Pleurobemini,PPER,0,0,0,0,0,0,0,0,0,0,0,0,0,0,0,0,0,0,0,0,0,0,0,0,0,0,0,NA
LUBBUB,LUBBUB_1,2016,L1,33.19698,-88.090603,318.5685375,0-15_5,Opportunistic,Lampsilini,LTER,0,0,0,0,0,0,0,0,0,0,0,0,0,0,0,0,0,0,0,0,0,0,0,0,0,0,0,NA
LUBBUB,LUBBUB_1,2016,L1,33.19698,-88.090603,318.5685375,0-15_5,Periodic,Alasmodontini,SSUB,0,0,0,0,0,0,0,0,0,0,0,0,0,0,0,0,0,0,0,0,0,0,0,0,0,0,0,NA
LUBBUB,LUBBUB_1,2016,L1,33.19698,-88.090603,318.5685375,0-15_5,Opportunistic,Lampsilini,TPAR,0,0,0,0,0,0,0,0,0,0,0,0,0,0,0,0,0,0,0,0,0,0,0,0,0,0,0,NA
LUBBUB,LUBBUB_1,2016,L1,33.19698,-88.090603,318.5685375,0-15_5,Opportunistic,Lampsilini,PPUR,0,0,0,0,0,0,0,0,0,0,0,0,0,0,0,0,0,0,0,0,0,0,0,0,0,0,0,NA
LUBBUB,LUBBUB_1,2016,L1,33.19698,-88.090603,318.5685375,0-15_5,Periodic,Lampsilini,HPER,0,0,0,0,0,0,0,0,0,0,0,0,0,0,0,0,0,0,0,0,0,0,0,0,0,0,0,NA
LUBBUB,LUBBUB_1,2016,L1,33.19698,-88.090603,318.5685375,0-15_5,Periodic,Lampsilini,VVIB,0,0,0,0,0,0,0,0,0,0,0,0,0,0,0,0,0,0,0,0,0,0,0,0,0,0,0,NA
LUBBUB,LUBBUB_1,2016,L1,33.19698,-88.090603,318.5685375,0-15_5,Periodic,Pleurobemini,ECRA,0,0,0,0,0,0,0,0,0,0,0,0,0,0,0,0,0,0,0,0,0,0,0,0,0,0,0,NA
LUBBUB,LUBBUB_1,2016,L1,33.19698,-88.090603,318.5685375,0-15_5,Opportunistic,Lampsilini,TTRU,0,0,0,0,0,0,0,0,0,0,0,0,0,0,0,0,0,0,0,0,0,0,0,0,0,0,0,NA
LUBBUB,LUBBUB_1,2016,L1,33.19698,-88.090603,318.5685375,0-15_5,NA,Lampsilini,LAMP,0,0,0,0,0,0,0,0,0,0,0,0,0,0,0,0,0,0,0,0,0,0,0,0,0,0,0,NA
LUBBUB,LUBBUB_1,2016,L1,33.19698,-88.090603,318.5685375,0-15_5,Periodic,Anodontini,LCOM,0,0,0,0,0,0,0,0,0,0,0,0,0,0,0,0,0,0,0,0,0,0,0,0,0,0,0,NA
LUBBUB,LUBBUB_1,2016,L1,33.19698,-88.090603,318.5685375,0-15_6,NA,Corbicula,CFLU,0.021714097,0.016685473,0.81918951,0.023838415,0.795351095,0.009637165,0.007952257,0.424825927,0.012362434,0.412463492,0.040523887,0.020314692,0.80037972,0.4141484,0.012408055,0.009534556,0.468108291,0.013621951,0.45448634,0.005506951,0.004544147,0.242757672,0.007064248,0.235693424,0.023156507,0.011608395,0.45735984,0.236656229
LUBBUB,LUBBUB_1,2016,L1,33.19698,-88.090603,318.5685375,0-15_6,Equilibrium,Pleurobemini,FCER,0.79468511,0.683553699,31.9026334,1.665317463,30.23731593,0.060884271,0.050534174,2.167244794,0.113130178,2.054114616,2.348871162,0.163664352,30.34844734,2.064464714,0.454105777,0.390602114,18.23007623,0.951609979,17.27846625,0.034791012,0.028876671,1.238425597,0.064645816,1.173779781,1.342212093,0.093522487,17.34196991,1.179694122
LUBBUB,LUBBUB_1,2016,L1,33.19698,-88.090603,318.5685375,0-15_6,Opportunistic,Lampsilini,LORN,0,0,0,0,0,0,0,0,0,0,0,0,0,0,0,0,0,0,0,0,0,0,0,0,0,0,0,NA
LUBBUB,LUBBUB_1,2016,L1,33.19698,-88.090603,318.5685375,0-15_6,Periodic,Lampsilini,OREF,0,0,0,0,0,0,0,0,0,0,0,0,0,0,0,0,0,0,0,0,0,0,0,0,0,0,0,NA
LUBBUB,LUBBUB_1,2016,L1,33.19698,-88.090603,318.5685375,0-15_6,Equilibrium,Pleurobemini,PDEC,0.447036482,0.369821754,24.54762293,1.342754974,23.20486796,0.042633296,0.034849439,2.329062863,0.127399739,2.201663124,1.712576729,0.162249177,23.28208269,2.209446981,0.255449418,0.211326717,14.02721311,0.767288557,13.25992455,0.024361883,0.019913965,1.330893065,0.072799851,1.258093214,0.978615274,0.092713816,13.30404725,1.262541132
LUBBUB,LUBBUB_1,2016,L1,33.19698,-88.090603,318.5685375,0-15_6,Equilibrium,Quadrulini,PKIE,1.351357935,1.18492077,58.15295494,4.338210438,53.8147445,0.457384733,0.402975724,18.49067625,1.379404448,17.1112718,5.523131208,1.782380172,53.98118166,17.16568081,0.772204535,0.677097583,33.23025996,2.478977393,30.75128257,0.261362704,0.230271842,10.56610072,0.788231113,9.777869602,3.156074976,1.018502955,30.84638952,9.808960464
LUBBUB,LUBBUB_1,2016,L1,33.19698,-88.090603,318.5685375,0-15_6,Periodic,Lampsilini,LSTR,0,0,0,0,0,0,0,0,0,0,0,0,0,0,0,0,0,0,0,0,0,0,0,0,0,0,0,NA
LUBBUB,LUBBUB_1,2016,L1,33.19698,-88.090603,318.5685375,0-15_6,Periodic,Lampsilini,MACU,0,0,0,0,0,0,0,0,0,0,0,0,0,0,0,0,0,0,0,0,0,0,0,0,0,0,0,NA
LUBBUB,LUBBUB_1,2016,L1,33.19698,-88.090603,318.5685375,0-15_6,Periodic,Lampsilini,OUNI,0.038107832,0.026013512,1.058836975,0.063212567,0.995624407,0.030771276,0.021318328,0.89053261,0.053164797,0.837367813,0.089226079,0.074483124,1.007718728,0.846820762,0.021775904,0.014864864,0.6050497,0.036121467,0.568928233,0.017583586,0.012181901,0.508875777,0.030379884,0.478495893,0.050986331,0.042561785,0.575839273,0.483897578
LUBBUB,LUBBUB_1,2016,L1,33.19698,-88.090603,318.5685375,0-15_6,Equilibrium,Quadrulini,QVER,4.355637275,3.907442216,132.3112633,8.123911566,124.1873517,0.016095026,0.017531651,0.479479268,0.029440027,0.450039241,12.03135378,0.046971678,124.6355468,0.448602616,2.488935586,2.232824124,75.60643616,4.64223518,70.96420098,0.009197158,0.010018086,0.273988153,0.016822873,0.25716528,6.875059304,0.026840959,71.22031245,0.256344352
LUBBUB,LUBBUB_1,2016,L1,33.19698,-88.090603,318.5685375,0-15_6,Periodic,Pleurobemini,EARC,0,0,0,0,0,0,0,0,0,0,0,0,0,0,0,0,0,0,0,0,0,0,0,0,0,0,0,NA
LUBBUB,LUBBUB_1,2016,L1,33.19698,-88.090603,318.5685375,0-15_6,Equilibrium,Amblemini,APLI,0,0,0,0,0,0,0,0,0,0,0,0,0,0,0,0,0,0,0,0,0,0,0,0,0,0,0,NA
LUBBUB,LUBBUB_1,2016,L1,33.19698,-88.090603,318.5685375,0-15_6,Equilibrium,Pleurobemini,REBE,0,0,0,0,0,0,0,0,0,0,0,0,0,0,0,0,0,0,0,0,0,0,0,0,0,0,0,NA
LUBBUB,LUBBUB_1,2016,L1,33.19698,-88.090603,318.5685375,0-15_6,Equilibrium,Quadrulini,QQUA,0,0,0,0,0,0,0,0,0,0,0,0,0,0,0,0,0,0,0,0,0,0,0,0,0,0,0,NA
LUBBUB,LUBBUB_1,2016,L1,33.19698,-88.090603,318.5685375,0-15_6,Opportunistic,Lampsilini,TDON,0,0,0,0,0,0,0,0,0,0,0,0,0,0,0,0,0,0,0,0,0,0,0,0,0,0,0,NA
LUBBUB,LUBBUB_1,2016,L1,33.19698,-88.090603,318.5685375,0-15_6,Equilibrium,Quadrulini,MNER,0,0,0,0,0,0,0,0,0,0,0,0,0,0,0,0,0,0,0,0,0,0,0,0,0,0,0,NA
LUBBUB,LUBBUB_1,2016,L1,33.19698,-88.090603,318.5685375,0-15_6,Periodic,Lampsilini,LLIE,0,0,0,0,0,0,0,0,0,0,0,0,0,0,0,0,0,0,0,0,0,0,0,0,0,0,0,NA
LUBBUB,LUBBUB_1,2016,L1,33.19698,-88.090603,318.5685375,0-15_6,Periodic,Lampsilini,ELIN,0,0,0,0,0,0,0,0,0,0,0,0,0,0,0,0,0,0,0,0,0,0,0,0,0,0,0,NA
LUBBUB,LUBBUB_1,2016,L1,33.19698,-88.090603,318.5685375,0-15_6,Opportunistic,Lampsilini,PFRA,0,0,0,0,0,0,0,0,0,0,0,0,0,0,0,0,0,0,0,0,0,0,0,0,0,0,0,NA
LUBBUB,LUBBUB_1,2016,L1,33.19698,-88.090603,318.5685375,0-15_6,Opportunistic,Lampsilini,LREC,0,0,0,0,0,0,0,0,0,0,0,0,0,0,0,0,0,0,0,0,0,0,0,0,0,0,0,NA
LUBBUB,LUBBUB_1,2016,L1,33.19698,-88.090603,318.5685375,0-15_6,Periodic,Lampsilini,OARK,0,0,0,0,0,0,0,0,0,0,0,0,0,0,0,0,0,0,0,0,0,0,0,0,0,0,0,NA
LUBBUB,LUBBUB_1,2016,L1,33.19698,-88.090603,318.5685375,0-15_6,Opportunistic,Lampsilini,PINF,0,0,0,0,0,0,0,0,0,0,0,0,0,0,0,0,0,0,0,0,0,0,0,0,0,0,0,NA
LUBBUB,LUBBUB_1,2016,L1,33.19698,-88.090603,318.5685375,0-15_6,Equilibrium,Pleurobemini,PPER,0,0,0,0,0,0,0,0,0,0,0,0,0,0,0,0,0,0,0,0,0,0,0,0,0,0,0,NA
LUBBUB,LUBBUB_1,2016,L1,33.19698,-88.090603,318.5685375,0-15_6,Opportunistic,Lampsilini,LTER,0,0,0,0,0,0,0,0,0,0,0,0,0,0,0,0,0,0,0,0,0,0,0,0,0,0,0,NA
LUBBUB,LUBBUB_1,2016,L1,33.19698,-88.090603,318.5685375,0-15_6,Periodic,Alasmodontini,SSUB,0,0,0,0,0,0,0,0,0,0,0,0,0,0,0,0,0,0,0,0,0,0,0,0,0,0,0,NA
LUBBUB,LUBBUB_1,2016,L1,33.19698,-88.090603,318.5685375,0-15_6,Opportunistic,Lampsilini,TPAR,0,0,0,0,0,0,0,0,0,0,0,0,0,0,0,0,0,0,0,0,0,0,0,0,0,0,0,NA
LUBBUB,LUBBUB_1,2016,L1,33.19698,-88.090603,318.5685375,0-15_6,Opportunistic,Lampsilini,PPUR,0,0,0,0,0,0,0,0,0,0,0,0,0,0,0,0,0,0,0,0,0,0,0,0,0,0,0,NA
LUBBUB,LUBBUB_1,2016,L1,33.19698,-88.090603,318.5685375,0-15_6,Periodic,Lampsilini,HPER,0.06116245,0.052140747,0.809805696,0.049398147,0.760407548,0.058072675,0.049359019,0.775440882,0.047301894,0.728138988,0.101538895,0.096660913,0.769429251,0.736852644,0.034949972,0.029794713,0.462746112,0.028227513,0.434518599,0.033184386,0.028205154,0.443109075,0.027029654,0.416079422,0.058022226,0.055234807,0.439673858,0.421058654
LUBBUB,LUBBUB_1,2016,L1,33.19698,-88.090603,318.5685375,0-15_6,Periodic,Lampsilini,VVIB,0,0,0,0,0,0,0,0,0,0,0,0,0,0,0,0,0,0,0,0,0,0,0,0,0,0,0,NA
LUBBUB,LUBBUB_1,2016,L1,33.19698,-88.090603,318.5685375,0-15_6,Periodic,Pleurobemini,ECRA,0,0,0,0,0,0,0,0,0,0,0,0,0,0,0,0,0,0,0,0,0,0,0,0,0,0,0,NA
LUBBUB,LUBBUB_1,2016,L1,33.19698,-88.090603,318.5685375,0-15_6,Opportunistic,Lampsilini,TTRU,0,0,0,0,0,0,0,0,0,0,0,0,0,0,0,0,0,0,0,0,0,0,0,0,0,0,0,NA
LUBBUB,LUBBUB_1,2016,L1,33.19698,-88.090603,318.5685375,0-15_6,NA,Lampsilini,LAMP,0,0,0,0,0,0,0,0,0,0,0,0,0,0,0,0,0,0,0,0,0,0,0,0,0,0,0,NA
LUBBUB,LUBBUB_1,2016,L1,33.19698,-88.090603,318.5685375,0-15_6,Periodic,Anodontini,LCOM,0,0,0,0,0,0,0,0,0,0,0,0,0,0,0,0,0,0,0,0,0,0,0,0,0,0,0,NA
LUBBUB,LUBBUB_1,2016,L1,33.19698,-88.090603,318.5685375,15-30_13,NA,Corbicula,CFLU,0.719028622,0.590264654,32.84617079,0.95582357,31.89034722,0.574105437,0.485466069,28.11380779,0.818111807,27.29569598,1.546088224,1.303577876,32.01911118,27.38433535,0.479352415,0.393509769,21.89744719,0.637215713,21.26023148,0.382736958,0.323644046,18.74253853,0.545407871,18.19713065,1.030725483,0.869051917,21.34607412,18.25622357
LUBBUB,LUBBUB_1,2016,L1,33.19698,-88.090603,318.5685375,15-30_13,Equilibrium,Pleurobemini,FCER,1.263328532,1.068460068,48.03004787,2.507168499,45.52287937,0,0,0,0,0,3.575628567,0,45.71774784,0,0.842219021,0.712306712,32.02003192,1.671445666,30.34858625,0,0,0,0,0,2.383752378,0,30.47849856,0
LUBBUB,LUBBUB_1,2016,L1,33.19698,-88.090603,318.5685375,15-30_13,Opportunistic,Lampsilini,LORN,0,0,0,0,0,0,0,0,0,0,0,0,0,0,0,0,0,0,0,0,0,0,0,0,0,0,0,NA
LUBBUB,LUBBUB_1,2016,L1,33.19698,-88.090603,318.5685375,15-30_13,Periodic,Lampsilini,OREF,0,0,0,0,0,0,0,0,0,0,0,0,0,0,0,0,0,0,0,0,0,0,0,0,0,0,0,NA
LUBBUB,LUBBUB_1,2016,L1,33.19698,-88.090603,318.5685375,15-30_13,Equilibrium,Pleurobemini,PDEC,0,0,0,0,0,0,0,0,0,0,0,0,0,0,0,0,0,0,0,0,0,0,0,0,0,0,0,NA
LUBBUB,LUBBUB_1,2016,L1,33.19698,-88.090603,318.5685375,15-30_13,Equilibrium,Quadrulini,PKIE,0.434094131,0.381685879,18.03285867,1.345251256,16.68760741,0.123462411,0.109069999,4.831463415,0.360427171,4.471036244,1.726937136,0.469497169,16.74001566,4.485428657,0.289396087,0.254457253,12.02190578,0.896834171,11.12507161,0.082308274,0.072713332,3.22097561,0.240284781,2.98069083,1.151291424,0.312998113,11.16001044,2.990285772
LUBBUB,LUBBUB_1,2016,L1,33.19698,-88.090603,318.5685375,15-30_13,Periodic,Lampsilini,LSTR,0,0,0,0,0,0,0,0,0,0,0,0,0,0,0,0,0,0,0,0,0,0,0,0,0,0,0,NA
LUBBUB,LUBBUB_1,2016,L1,33.19698,-88.090603,318.5685375,15-30_13,Periodic,Lampsilini,MACU,0.072663004,0.062589694,0.887342413,0.052264468,0.835077945,0.024733132,0.022483967,0.298621126,0.017588784,0.281032342,0.114854162,0.040072752,0.845151255,0.283281507,0.048442003,0.041726463,0.591561609,0.034842979,0.55671863,0.016488755,0.014989311,0.199080751,0.011725856,0.187354895,0.076569441,0.026715168,0.56343417,0.188854338
LUBBUB,LUBBUB_1,2016,L1,33.19698,-88.090603,318.5685375,15-30_13,Periodic,Lampsilini,OUNI,0.160869105,0.119462929,5.740537409,0.342710083,5.397827325,0.059367516,0.045449451,2.309628232,0.137884805,2.171743426,0.462173012,0.183334257,5.439233501,2.185661491,0.10724607,0.079641953,3.827024939,0.228473389,3.59855155,0.039578344,0.030299634,1.539752155,0.091923204,1.447828951,0.308115341,0.122222838,3.626155667,1.457107661
LUBBUB,LUBBUB_1,2016,L1,33.19698,-88.090603,318.5685375,15-30_13,Equilibrium,Quadrulini,QVER,0.718893564,0.421705269,22.70838848,1.394295053,21.31409343,0.312081884,0.202432549,9.769720499,0.599860839,9.16985966,1.816000322,0.802293387,21.61128172,9.279508995,0.479262376,0.281136846,15.13892565,0.929530035,14.20939562,0.208054589,0.134955032,6.513146999,0.399907226,6.113239773,1.210666881,0.534862258,14.40752115,6.18633933
LUBBUB,LUBBUB_1,2016,L1,33.19698,-88.090603,318.5685375,15-30_13,Periodic,Pleurobemini,EARC,0,0,0,0,0,0,0,0,0,0,0,0,0,0,0,0,0,0,0,0,0,0,0,0,0,0,0,NA
LUBBUB,LUBBUB_1,2016,L1,33.19698,-88.090603,318.5685375,15-30_13,Equilibrium,Amblemini,APLI,0,0,0,0,0,0,0,0,0,0,0,0,0,0,0,0,0,0,0,0,0,0,0,0,0,0,0,NA
LUBBUB,LUBBUB_1,2016,L1,33.19698,-88.090603,318.5685375,15-30_13,Equilibrium,Pleurobemini,REBE,0,0,0,0,0,0,0,0,0,0,0,0,0,0,0,0,0,0,0,0,0,0,0,0,0,0,0,NA
LUBBUB,LUBBUB_1,2016,L1,33.19698,-88.090603,318.5685375,15-30_13,Equilibrium,Quadrulini,QQUA,0,0,0,0,0,0,0,0,0,0,0,0,0,0,0,0,0,0,0,0,0,0,0,0,0,0,0,NA
LUBBUB,LUBBUB_1,2016,L1,33.19698,-88.090603,318.5685375,15-30_13,Opportunistic,Lampsilini,TDON,0,0,0,0,0,0,0,0,0,0,0,0,0,0,0,0,0,0,0,0,0,0,0,0,0,0,0,NA
LUBBUB,LUBBUB_1,2016,L1,33.19698,-88.090603,318.5685375,15-30_13,Equilibrium,Quadrulini,MNER,0,0,0,0,0,0,0,0,0,0,0,0,0,0,0,0,0,0,0,0,0,0,0,0,0,0,0,NA
LUBBUB,LUBBUB_1,2016,L1,33.19698,-88.090603,318.5685375,15-30_13,Periodic,Lampsilini,LLIE,0,0,0,0,0,0,0,0,0,0,0,0,0,0,0,0,0,0,0,0,0,0,0,0,0,0,0,NA
LUBBUB,LUBBUB_1,2016,L1,33.19698,-88.090603,318.5685375,15-30_13,Periodic,Lampsilini,ELIN,0,0,0,0,0,0,0,0,0,0,0,0,0,0,0,0,0,0,0,0,0,0,0,0,0,0,0,NA
LUBBUB,LUBBUB_1,2016,L1,33.19698,-88.090603,318.5685375,15-30_13,Opportunistic,Lampsilini,PFRA,0,0,0,0,0,0,0,0,0,0,0,0,0,0,0,0,0,0,0,0,0,0,0,0,0,0,0,NA
LUBBUB,LUBBUB_1,2016,L1,33.19698,-88.090603,318.5685375,15-30_13,Opportunistic,Lampsilini,LREC,0,0,0,0,0,0,0,0,0,0,0,0,0,0,0,0,0,0,0,0,0,0,0,0,0,0,0,NA
LUBBUB,LUBBUB_1,2016,L1,33.19698,-88.090603,318.5685375,15-30_13,Periodic,Lampsilini,OARK,0,0,0,0,0,0,0,0,0,0,0,0,0,0,0,0,0,0,0,0,0,0,0,0,0,0,0,NA
LUBBUB,LUBBUB_1,2016,L1,33.19698,-88.090603,318.5685375,15-30_13,Opportunistic,Lampsilini,PINF,0,0,0,0,0,0,0,0,0,0,0,0,0,0,0,0,0,0,0,0,0,0,0,0,0,0,0,NA
LUBBUB,LUBBUB_1,2016,L1,33.19698,-88.090603,318.5685375,15-30_13,Equilibrium,Pleurobemini,PPER,0,0,0,0,0,0,0,0,0,0,0,0,0,0,0,0,0,0,0,0,0,0,0,0,0,0,0,NA
LUBBUB,LUBBUB_1,2016,L1,33.19698,-88.090603,318.5685375,15-30_13,Opportunistic,Lampsilini,LTER,2.136951297,1.69327464,29.6054401,1.421061125,28.18437897,0.787603271,0.613528515,11.30302931,0.542545407,10.7604839,3.114335765,1.156073922,28.62805563,10.93455866,1.424634198,1.12884976,19.73696007,0.947374083,18.78958598,0.525068847,0.40901901,7.535352873,0.361696938,7.173655936,2.076223843,0.770715948,19.08537042,7.289705773
LUBBUB,LUBBUB_1,2016,L1,33.19698,-88.090603,318.5685375,15-30_13,Periodic,Alasmodontini,SSUB,0,0,0,0,0,0,0,0,0,0,0,0,0,0,0,0,0,0,0,0,0,0,0,0,0,0,0,NA
LUBBUB,LUBBUB_1,2016,L1,33.19698,-88.090603,318.5685375,15-30_13,Opportunistic,Lampsilini,TPAR,0,0,0,0,0,0,0,0,0,0,0,0,0,0,0,0,0,0,0,0,0,0,0,0,0,0,0,NA
LUBBUB,LUBBUB_1,2016,L1,33.19698,-88.090603,318.5685375,15-30_13,Opportunistic,Lampsilini,PPUR,0,0,0,0,0,0,0,0,0,0,0,0,0,0,0,0,0,0,0,0,0,0,0,0,0,0,0,NA
LUBBUB,LUBBUB_1,2016,L1,33.19698,-88.090603,318.5685375,15-30_13,Periodic,Lampsilini,HPER,0.052372958,0.044657889,0.693336376,0.042293519,0.651042857,0.049353935,0.041945171,0.659579835,0.04023437,0.619345465,0.086951408,0.082179541,0.658757927,0.626754229,0.034915306,0.029771926,0.462224251,0.028195679,0.434028572,0.032902623,0.027963447,0.43971989,0.026822913,0.412896977,0.057967605,0.05478636,0.439171951,0.417836153
LUBBUB,LUBBUB_1,2016,L1,33.19698,-88.090603,318.5685375,15-30_13,Periodic,Lampsilini,VVIB,0,0,0,0,0,0,0,0,0,0,0,0,0,0,0,0,0,0,0,0,0,0,0,0,0,0,0,NA
LUBBUB,LUBBUB_1,2016,L1,33.19698,-88.090603,318.5685375,15-30_13,Periodic,Pleurobemini,ECRA,0,0,0,0,0,0,0,0,0,0,0,0,0,0,0,0,0,0,0,0,0,0,0,0,0,0,0,NA
LUBBUB,LUBBUB_1,2016,L1,33.19698,-88.090603,318.5685375,15-30_13,Opportunistic,Lampsilini,TTRU,0,0,0,0,0,0,0,0,0,0,0,0,0,0,0,0,0,0,0,0,0,0,0,0,0,0,0,NA
LUBBUB,LUBBUB_1,2016,L1,33.19698,-88.090603,318.5685375,15-30_13,NA,Lampsilini,LAMP,0,0,0,0,0,0,0,0,0,0,0,0,0,0,0,0,0,0,0,0,0,0,0,0,0,0,0,NA
LUBBUB,LUBBUB_1,2016,L1,33.19698,-88.090603,318.5685375,15-30_13,Periodic,Anodontini,LCOM,0,0,0,0,0,0,0,0,0,0,0,0,0,0,0,0,0,0,0,0,0,0,0,0,0,0,0,NA
LUBBUB,LUBBUB_1,2016,L1,33.19698,-88.090603,318.5685375,15-30_5,NA,Corbicula,CFLU,0.090542622,0.063673893,2.768539428,0.080564497,2.687974931,0.090542622,0.063673893,2.768539428,0.080564497,2.687974931,0.14423839,0.14423839,2.71484366,2.71484366,0.120723496,0.084898524,3.691385904,0.10741933,3.583966574,0.120723496,0.084898524,3.691385904,0.10741933,3.583966574,0.192317853,0.192317853,3.619791547,3.619791547
LUBBUB,LUBBUB_1,2016,L1,33.19698,-88.090603,318.5685375,15-30_5,Equilibrium,Pleurobemini,FCER,1.090883445,0.95044001,45.65144938,2.383005658,43.26844372,0.167353632,0.141336674,6.301891127,0.328958717,5.97293241,3.333445668,0.470295391,43.40888716,5.998949368,1.45451126,1.267253347,60.86859918,3.177340877,57.6912583,0.223138176,0.188448898,8.402521502,0.438611622,7.96390988,4.444594224,0.627060521,57.87851621,7.998599157
LUBBUB,LUBBUB_1,2016,L1,33.19698,-88.090603,318.5685375,15-30_5,Opportunistic,Lampsilini,LORN,0,0,0,0,0,0,0,0,0,0,0,0,0,0,0,0,0,0,0,0,0,0,0,0,0,0,0,NA
LUBBUB,LUBBUB_1,2016,L1,33.19698,-88.090603,318.5685375,15-30_5,Periodic,Lampsilini,OREF,0,0,0,0,0,0,0,0,0,0,0,0,0,0,0,0,0,0,0,0,0,0,0,0,0,0,0,NA
LUBBUB,LUBBUB_1,2016,L1,33.19698,-88.090603,318.5685375,15-30_5,Equilibrium,Pleurobemini,PDEC,0,0,0,0,0,0,0,0,0,0,0,0,0,0,0,0,0,0,0,0,0,0,0,0,0,0,0,NA
LUBBUB,LUBBUB_1,2016,L1,33.19698,-88.090603,318.5685375,15-30_5,Equilibrium,Quadrulini,PKIE,3.758851724,3.339519254,137.023779,10.22197392,126.8018051,0.409515098,0.36379163,14.79495,1.10370327,13.69124673,13.56149317,1.4674949,127.2211376,13.7369702,5.011802298,4.452692339,182.6983721,13.62929856,169.0690735,0.546020131,0.485055506,19.7266,1.47160436,18.25499564,18.0819909,1.956659866,169.6281835,18.31596027
LUBBUB,LUBBUB_1,2016,L1,33.19698,-88.090603,318.5685375,15-30_5,Periodic,Lampsilini,LSTR,0,0,0,0,0,0,0,0,0,0,0,0,0,0,0,0,0,0,0,0,0,0,0,0,0,0,0,NA
LUBBUB,LUBBUB_1,2016,L1,33.19698,-88.090603,318.5685375,15-30_5,Periodic,Lampsilini,MACU,0.133406818,0.111566674,1.639128063,0.096544643,1.54258342,0.076303048,0.064882654,0.93416541,0.055022343,0.879143067,0.208111317,0.119904996,1.564423565,0.890563462,0.177875758,0.148755566,2.185504085,0.128726191,2.056777894,0.101737398,0.086510205,1.24555388,0.073363124,1.172190756,0.277481756,0.159873328,2.085898086,1.187417949
LUBBUB,LUBBUB_1,2016,L1,33.19698,-88.090603,318.5685375,15-30_5,Periodic,Lampsilini,OUNI,0,0,0,0,0,0,0,0,0,0,0,0,0,0,0,0,0,0,0,0,0,0,0,0,0,0,0,NA
LUBBUB,LUBBUB_1,2016,L1,33.19698,-88.090603,318.5685375,15-30_5,Equilibrium,Quadrulini,QVER,1.491328006,0.992629276,46.57716686,2.859838045,43.71732882,0.44838377,0.323793606,13.89888528,0.853391556,13.04549372,3.852467321,1.177185162,44.21602755,13.17008388,1.988437341,1.323505702,62.10288915,3.813117394,58.28977176,0.597845027,0.431724808,18.53184703,1.137855408,17.39399163,5.136623095,1.569580216,58.9547034,17.56011185
LUBBUB,LUBBUB_1,2016,L1,33.19698,-88.090603,318.5685375,15-30_5,Periodic,Pleurobemini,EARC,0,0,0,0,0,0,0,0,0,0,0,0,0,0,0,0,0,0,0,0,0,0,0,0,0,0,0,NA
LUBBUB,LUBBUB_1,2016,L1,33.19698,-88.090603,318.5685375,15-30_5,Equilibrium,Amblemini,APLI,0,0,0,0,0,0,0,0,0,0,0,0,0,0,0,0,0,0,0,0,0,0,0,0,0,0,0,NA
LUBBUB,LUBBUB_1,2016,L1,33.19698,-88.090603,318.5685375,15-30_5,Equilibrium,Pleurobemini,REBE,0,0,0,0,0,0,0,0,0,0,0,0,0,0,0,0,0,0,0,0,0,0,0,0,0,0,0,NA
LUBBUB,LUBBUB_1,2016,L1,33.19698,-88.090603,318.5685375,15-30_5,Equilibrium,Quadrulini,QQUA,0,0,0,0,0,0,0,0,0,0,0,0,0,0,0,0,0,0,0,0,0,0,0,0,0,0,0,NA
LUBBUB,LUBBUB_1,2016,L1,33.19698,-88.090603,318.5685375,15-30_5,Opportunistic,Lampsilini,TDON,0,0,0,0,0,0,0,0,0,0,0,0,0,0,0,0,0,0,0,0,0,0,0,0,0,0,0,NA
LUBBUB,LUBBUB_1,2016,L1,33.19698,-88.090603,318.5685375,15-30_5,Equilibrium,Quadrulini,MNER,0,0,0,0,0,0,0,0,0,0,0,0,0,0,0,0,0,0,0,0,0,0,0,0,0,0,0,NA
LUBBUB,LUBBUB_1,2016,L1,33.19698,-88.090603,318.5685375,15-30_5,Periodic,Lampsilini,LLIE,0,0,0,0,0,0,0,0,0,0,0,0,0,0,0,0,0,0,0,0,0,0,0,0,0,0,0,NA
LUBBUB,LUBBUB_1,2016,L1,33.19698,-88.090603,318.5685375,15-30_5,Periodic,Lampsilini,ELIN,0,0,0,0,0,0,0,0,0,0,0,0,0,0,0,0,0,0,0,0,0,0,0,0,0,0,0,NA
LUBBUB,LUBBUB_1,2016,L1,33.19698,-88.090603,318.5685375,15-30_5,Opportunistic,Lampsilini,PFRA,0,0,0,0,0,0,0,0,0,0,0,0,0,0,0,0,0,0,0,0,0,0,0,0,0,0,0,NA
LUBBUB,LUBBUB_1,2016,L1,33.19698,-88.090603,318.5685375,15-30_5,Opportunistic,Lampsilini,LREC,0,0,0,0,0,0,0,0,0,0,0,0,0,0,0,0,0,0,0,0,0,0,0,0,0,0,0,NA
LUBBUB,LUBBUB_1,2016,L1,33.19698,-88.090603,318.5685375,15-30_5,Periodic,Lampsilini,OARK,0,0,0,0,0,0,0,0,0,0,0,0,0,0,0,0,0,0,0,0,0,0,0,0,0,0,0,NA
LUBBUB,LUBBUB_1,2016,L1,33.19698,-88.090603,318.5685375,15-30_5,Opportunistic,Lampsilini,PINF,0,0,0,0,0,0,0,0,0,0,0,0,0,0,0,0,0,0,0,0,0,0,0,0,0,0,0,NA
LUBBUB,LUBBUB_1,2016,L1,33.19698,-88.090603,318.5685375,15-30_5,Equilibrium,Pleurobemini,PPER,0,0,0,0,0,0,0,0,0,0,0,0,0,0,0,0,0,0,0,0,0,0,0,0,0,0,0,NA
LUBBUB,LUBBUB_1,2016,L1,33.19698,-88.090603,318.5685375,15-30_5,Opportunistic,Lampsilini,LTER,0,0,0,0,0,0,0,0,0,0,0,0,0,0,0,0,0,0,0,0,0,0,0,0,0,0,0,NA
LUBBUB,LUBBUB_1,2016,L1,33.19698,-88.090603,318.5685375,15-30_5,Periodic,Alasmodontini,SSUB,0,0,0,0,0,0,0,0,0,0,0,0,0,0,0,0,0,0,0,0,0,0,0,0,0,0,0,NA
LUBBUB,LUBBUB_1,2016,L1,33.19698,-88.090603,318.5685375,15-30_5,Opportunistic,Lampsilini,TPAR,0,0,0,0,0,0,0,0,0,0,0,0,0,0,0,0,0,0,0,0,0,0,0,0,0,0,0,NA
LUBBUB,LUBBUB_1,2016,L1,33.19698,-88.090603,318.5685375,15-30_5,Opportunistic,Lampsilini,PPUR,0,0,0,0,0,0,0,0,0,0,0,0,0,0,0,0,0,0,0,0,0,0,0,0,0,0,0,NA
LUBBUB,LUBBUB_1,2016,L1,33.19698,-88.090603,318.5685375,15-30_5,Periodic,Lampsilini,HPER,0.247852439,0.205155273,3.60554658,0.219938341,3.385608239,0.178951313,0.14662564,2.682643697,0.163641266,2.519002431,0.425093614,0.310266906,3.428305405,2.551328104,0.330469919,0.273540364,4.80739544,0.293251122,4.514144318,0.238601751,0.195500853,3.576858262,0.218188354,3.358669908,0.566791486,0.413689207,4.571073873,3.401770806
LUBBUB,LUBBUB_1,2016,L1,33.19698,-88.090603,318.5685375,15-30_5,Periodic,Lampsilini,VVIB,0,0,0,0,0,0,0,0,0,0,0,0,0,0,0,0,0,0,0,0,0,0,0,0,0,0,0,NA
LUBBUB,LUBBUB_1,2016,L1,33.19698,-88.090603,318.5685375,15-30_5,Periodic,Pleurobemini,ECRA,0,0,0,0,0,0,0,0,0,0,0,0,0,0,0,0,0,0,0,0,0,0,0,0,0,0,0,NA
LUBBUB,LUBBUB_1,2016,L1,33.19698,-88.090603,318.5685375,15-30_5,Opportunistic,Lampsilini,TTRU,0,0,0,0,0,0,0,0,0,0,0,0,0,0,0,0,0,0,0,0,0,0,0,0,0,0,0,NA
LUBBUB,LUBBUB_1,2016,L1,33.19698,-88.090603,318.5685375,15-30_5,NA,Lampsilini,LAMP,0,0,0,0,0,0,0,0,0,0,0,0,0,0,0,0,0,0,0,0,0,0,0,0,0,0,0,NA
LUBBUB,LUBBUB_1,2016,L1,33.19698,-88.090603,318.5685375,15-30_5,Periodic,Anodontini,LCOM,0,0,0,0,0,0,0,0,0,0,0,0,0,0,0,0,0,0,0,0,0,0,0,0,0,0,0,NA
LUBBUB,LUBBUB_1,2016,L1,33.19698,-88.090603,318.5685375,30-45_13,NA,Corbicula,CFLU,0.196215295,0.142263751,6.505590599,0.189312686,6.316277913,0.17206143,0.12479732,5.716863433,0.166360726,5.550502707,0.331576437,0.291158046,6.370229457,5.597766817,0.087206798,0.063228334,2.8913736,0.084138972,2.807234628,0.076471747,0.055465475,2.540828192,0.0739381,2.466890092,0.147367305,0.129403576,2.831213092,2.487896363
LUBBUB,LUBBUB_1,2016,L1,33.19698,-88.090603,318.5685375,30-45_13,Equilibrium,Pleurobemini,FCER,0.365744482,0.323619955,16.08327367,0.839546886,15.24372678,0.091945794,0.078786527,3.626934335,0.189325972,3.437608363,1.163166841,0.268112499,15.28585131,3.45076763,0.162553103,0.143831091,7.148121631,0.373131949,6.774989682,0.040864797,0.035016234,1.611970816,0.084144877,1.527825939,0.51696304,0.119161111,6.793711694,1.533674502
LUBBUB,LUBBUB_1,2016,L1,33.19698,-88.090603,318.5685375,30-45_13,Opportunistic,Lampsilini,LORN,0,0,0,0,0,0,0,0,0,0,0,0,0,0,0,0,0,0,0,0,0,0,0,0,0,0,0,NA
LUBBUB,LUBBUB_1,2016,L1,33.19698,-88.090603,318.5685375,30-45_13,Periodic,Lampsilini,OREF,0,0,0,0,0,0,0,0,0,0,0,0,0,0,0,0,0,0,0,0,0,0,0,0,0,0,0,NA
LUBBUB,LUBBUB_1,2016,L1,33.19698,-88.090603,318.5685375,30-45_13,Equilibrium,Pleurobemini,PDEC,0,0,0,0,0,0,0,0,0,0,0,0,0,0,0,0,0,0,0,0,0,0,0,0,0,0,0,NA
LUBBUB,LUBBUB_1,2016,L1,33.19698,-88.090603,318.5685375,30-45_13,Equilibrium,Quadrulini,PKIE,0.098208881,0.08467483,5.210726135,0.38872017,4.822005966,0.066954125,0.058016726,3.306050077,0.246631336,3.059418741,0.473394999,0.304648062,4.835540017,3.06835614,0.043648392,0.037633258,2.315878282,0.17276452,2.143113762,0.029757389,0.025785212,1.46935559,0.109613927,1.359741663,0.210397778,0.135399139,2.149128897,1.36371384
LUBBUB,LUBBUB_1,2016,L1,33.19698,-88.090603,318.5685375,30-45_13,Periodic,Lampsilini,LSTR,0,0,0,0,0,0,0,0,0,0,0,0,0,0,0,0,0,0,0,0,0,0,0,0,0,0,0,NA
LUBBUB,LUBBUB_1,2016,L1,33.19698,-88.090603,318.5685375,30-45_13,Periodic,Lampsilini,MACU,0,0,0,0,0,0,0,0,0,0,0,0,0,0,0,0,0,0,0,0,0,0,0,0,0,0,0,NA
LUBBUB,LUBBUB_1,2016,L1,33.19698,-88.090603,318.5685375,30-45_13,Periodic,Lampsilini,OUNI,0,0,0,0,0,0,0,0,0,0,0,0,0,0,0,0,0,0,0,0,0,0,0,0,0,0,0,NA
LUBBUB,LUBBUB_1,2016,L1,33.19698,-88.090603,318.5685375,30-45_13,Equilibrium,Quadrulini,QVER,0,0,0,0,0,0,0,0,0,0,0,0,0,0,0,0,0,0,0,0,0,0,0,0,0,0,0,NA
LUBBUB,LUBBUB_1,2016,L1,33.19698,-88.090603,318.5685375,30-45_13,Periodic,Pleurobemini,EARC,0,0,0,0,0,0,0,0,0,0,0,0,0,0,0,0,0,0,0,0,0,0,0,0,0,0,0,NA
LUBBUB,LUBBUB_1,2016,L1,33.19698,-88.090603,318.5685375,30-45_13,Equilibrium,Amblemini,APLI,0,0,0,0,0,0,0,0,0,0,0,0,0,0,0,0,0,0,0,0,0,0,0,0,0,0,0,NA
LUBBUB,LUBBUB_1,2016,L1,33.19698,-88.090603,318.5685375,30-45_13,Equilibrium,Pleurobemini,REBE,0,0,0,0,0,0,0,0,0,0,0,0,0,0,0,0,0,0,0,0,0,0,0,0,0,0,0,NA
LUBBUB,LUBBUB_1,2016,L1,33.19698,-88.090603,318.5685375,30-45_13,Equilibrium,Quadrulini,QQUA,0,0,0,0,0,0,0,0,0,0,0,0,0,0,0,0,0,0,0,0,0,0,0,0,0,0,0,NA
LUBBUB,LUBBUB_1,2016,L1,33.19698,-88.090603,318.5685375,30-45_13,Opportunistic,Lampsilini,TDON,0,0,0,0,0,0,0,0,0,0,0,0,0,0,0,0,0,0,0,0,0,0,0,0,0,0,0,NA
LUBBUB,LUBBUB_1,2016,L1,33.19698,-88.090603,318.5685375,30-45_13,Equilibrium,Quadrulini,MNER,0,0,0,0,0,0,0,0,0,0,0,0,0,0,0,0,0,0,0,0,0,0,0,0,0,0,0,NA
LUBBUB,LUBBUB_1,2016,L1,33.19698,-88.090603,318.5685375,30-45_13,Periodic,Lampsilini,LLIE,0,0,0,0,0,0,0,0,0,0,0,0,0,0,0,0,0,0,0,0,0,0,0,0,0,0,0,NA
LUBBUB,LUBBUB_1,2016,L1,33.19698,-88.090603,318.5685375,30-45_13,Periodic,Lampsilini,ELIN,0,0,0,0,0,0,0,0,0,0,0,0,0,0,0,0,0,0,0,0,0,0,0,0,0,0,0,NA
LUBBUB,LUBBUB_1,2016,L1,33.19698,-88.090603,318.5685375,30-45_13,Opportunistic,Lampsilini,PFRA,0,0,0,0,0,0,0,0,0,0,0,0,0,0,0,0,0,0,0,0,0,0,0,0,0,0,0,NA
LUBBUB,LUBBUB_1,2016,L1,33.19698,-88.090603,318.5685375,30-45_13,Opportunistic,Lampsilini,LREC,0,0,0,0,0,0,0,0,0,0,0,0,0,0,0,0,0,0,0,0,0,0,0,0,0,0,0,NA
LUBBUB,LUBBUB_1,2016,L1,33.19698,-88.090603,318.5685375,30-45_13,Periodic,Lampsilini,OARK,0,0,0,0,0,0,0,0,0,0,0,0,0,0,0,0,0,0,0,0,0,0,0,0,0,0,0,NA
LUBBUB,LUBBUB_1,2016,L1,33.19698,-88.090603,318.5685375,30-45_13,Opportunistic,Lampsilini,PINF,0,0,0,0,0,0,0,0,0,0,0,0,0,0,0,0,0,0,0,0,0,0,0,0,0,0,0,NA
LUBBUB,LUBBUB_1,2016,L1,33.19698,-88.090603,318.5685375,30-45_13,Equilibrium,Pleurobemini,PPER,0,0,0,0,0,0,0,0,0,0,0,0,0,0,0,0,0,0,0,0,0,0,0,0,0,0,0,NA
LUBBUB,LUBBUB_1,2016,L1,33.19698,-88.090603,318.5685375,30-45_13,Opportunistic,Lampsilini,LTER,0,0,0,0,0,0,0,0,0,0,0,0,0,0,0,0,0,0,0,0,0,0,0,0,0,0,0,NA
LUBBUB,LUBBUB_1,2016,L1,33.19698,-88.090603,318.5685375,30-45_13,Periodic,Alasmodontini,SSUB,0,0,0,0,0,0,0,0,0,0,0,0,0,0,0,0,0,0,0,0,0,0,0,0,0,0,0,NA
LUBBUB,LUBBUB_1,2016,L1,33.19698,-88.090603,318.5685375,30-45_13,Opportunistic,Lampsilini,TPAR,0,0,0,0,0,0,0,0,0,0,0,0,0,0,0,0,0,0,0,0,0,0,0,0,0,0,0,NA
LUBBUB,LUBBUB_1,2016,L1,33.19698,-88.090603,318.5685375,30-45_13,Opportunistic,Lampsilini,PPUR,0,0,0,0,0,0,0,0,0,0,0,0,0,0,0,0,0,0,0,0,0,0,0,0,0,0,0,NA
LUBBUB,LUBBUB_1,2016,L1,33.19698,-88.090603,318.5685375,30-45_13,Periodic,Lampsilini,HPER,1.969137476,1.535644726,34.65905548,2.114202384,32.5448531,0,0,0,0,0,3.649847111,0,32.97834585,0,0.875172211,0.682508767,15.40402466,0.939645504,14.46437915,0,0,0,0,0,1.622154271,0,14.6570426,0
LUBBUB,LUBBUB_1,2016,L1,33.19698,-88.090603,318.5685375,30-45_13,Periodic,Lampsilini,VVIB,0,0,0,0,0,0,0,0,0,0,0,0,0,0,0,0,0,0,0,0,0,0,0,0,0,0,0,NA
LUBBUB,LUBBUB_1,2016,L1,33.19698,-88.090603,318.5685375,30-45_13,Periodic,Pleurobemini,ECRA,0,0,0,0,0,0,0,0,0,0,0,0,0,0,0,0,0,0,0,0,0,0,0,0,0,0,0,NA
LUBBUB,LUBBUB_1,2016,L1,33.19698,-88.090603,318.5685375,30-45_13,Opportunistic,Lampsilini,TTRU,0,0,0,0,0,0,0,0,0,0,0,0,0,0,0,0,0,0,0,0,0,0,0,0,0,0,0,NA
LUBBUB,LUBBUB_1,2016,L1,33.19698,-88.090603,318.5685375,30-45_13,NA,Lampsilini,LAMP,0,0,0,0,0,0,0,0,0,0,0,0,0,0,0,0,0,0,0,0,0,0,0,0,0,0,0,NA
LUBBUB,LUBBUB_1,2016,L1,33.19698,-88.090603,318.5685375,30-45_13,Periodic,Anodontini,LCOM,0,0,0,0,0,0,0,0,0,0,0,0,0,0,0,0,0,0,0,0,0,0,0,0,0,0,0,NA
LUBBUB,LUBBUB_1,2016,L1,33.19698,-88.090603,318.5685375,30-45_5,NA,Corbicula,CFLU,0.741604923,0.560912195,27.25186719,0.793029335,26.45883785,0.524220145,0.403714318,20.15332269,0.58646169,19.566861,1.35394153,0.990176008,26.63953058,19.68736683,0.370802462,0.280456098,13.62593359,0.396514668,13.22941893,0.262110072,0.201857159,10.07666134,0.293230845,9.7834305,0.676970765,0.495088004,13.31976529,9.843683413
LUBBUB,LUBBUB_1,2016,L1,33.19698,-88.090603,318.5685375,30-45_5,Equilibrium,Pleurobemini,FCER,0,0,0,0,0,0,0,0,0,0,0,0,0,0,0,0,0,0,0,0,0,0,0,0,0,0,0,NA
LUBBUB,LUBBUB_1,2016,L1,33.19698,-88.090603,318.5685375,30-45_5,Opportunistic,Lampsilini,LORN,0,0,0,0,0,0,0,0,0,0,0,0,0,0,0,0,0,0,0,0,0,0,0,0,0,0,0,NA
LUBBUB,LUBBUB_1,2016,L1,33.19698,-88.090603,318.5685375,30-45_5,Periodic,Lampsilini,OREF,0,0,0,0,0,0,0,0,0,0,0,0,0,0,0,0,0,0,0,0,0,0,0,0,0,0,0,NA
LUBBUB,LUBBUB_1,2016,L1,33.19698,-88.090603,318.5685375,30-45_5,Equilibrium,Pleurobemini,PDEC,0,0,0,0,0,0,0,0,0,0,0,0,0,0,0,0,0,0,0,0,0,0,0,0,0,0,0,NA
LUBBUB,LUBBUB_1,2016,L1,33.19698,-88.090603,318.5685375,30-45_5,Equilibrium,Quadrulini,PKIE,0.139871287,0.121849561,6.5010561,0.484978785,6.016077315,0.06581673,0.057779534,2.746017574,0.204852911,2.541164663,0.606828346,0.262632445,6.034099041,2.549201859,0.069935644,0.06092478,3.25052805,0.242489393,3.008038658,0.032908365,0.028889767,1.373008787,0.102426456,1.270582332,0.303414173,0.131316223,3.017049521,1.27460093
LUBBUB,LUBBUB_1,2016,L1,33.19698,-88.090603,318.5685375,30-45_5,Periodic,Lampsilini,LSTR,0,0,0,0,0,0,0,0,0,0,0,0,0,0,0,0,0,0,0,0,0,0,0,0,0,0,0,NA
LUBBUB,LUBBUB_1,2016,L1,33.19698,-88.090603,318.5685375,30-45_5,Periodic,Lampsilini,MACU,0,0,0,0,0,0,0,0,0,0,0,0,0,0,0,0,0,0,0,0,0,0,0,0,0,0,0,NA
LUBBUB,LUBBUB_1,2016,L1,33.19698,-88.090603,318.5685375,30-45_5,Periodic,Lampsilini,OUNI,0,0,0,0,0,0,0,0,0,0,0,0,0,0,0,0,0,0,0,0,0,0,0,0,0,0,0,NA
LUBBUB,LUBBUB_1,2016,L1,33.19698,-88.090603,318.5685375,30-45_5,Equilibrium,Quadrulini,QVER,0.786356639,0.488493321,24.6913176,1.516046901,23.1752707,0.286116696,0.206496005,8.845937011,0.543140533,8.302796479,2.004540222,0.749636537,23.47313402,8.38241717,0.39317832,0.244246661,12.3456588,0.75802345,11.58763535,0.143058348,0.103248002,4.422968506,0.271570266,4.151398239,1.002270111,0.374818269,11.73656701,4.191208585
LUBBUB,LUBBUB_1,2016,L1,33.19698,-88.090603,318.5685375,30-45_5,Periodic,Pleurobemini,EARC,0,0,0,0,0,0,0,0,0,0,0,0,0,0,0,0,0,0,0,0,0,0,0,0,0,0,0,NA
LUBBUB,LUBBUB_1,2016,L1,33.19698,-88.090603,318.5685375,30-45_5,Equilibrium,Amblemini,APLI,0,0,0,0,0,0,0,0,0,0,0,0,0,0,0,0,0,0,0,0,0,0,0,0,0,0,0,NA
LUBBUB,LUBBUB_1,2016,L1,33.19698,-88.090603,318.5685375,30-45_5,Equilibrium,Pleurobemini,REBE,0,0,0,0,0,0,0,0,0,0,0,0,0,0,0,0,0,0,0,0,0,0,0,0,0,0,0,NA
LUBBUB,LUBBUB_1,2016,L1,33.19698,-88.090603,318.5685375,30-45_5,Equilibrium,Quadrulini,QQUA,0,0,0,0,0,0,0,0,0,0,0,0,0,0,0,0,0,0,0,0,0,0,0,0,0,0,0,NA
LUBBUB,LUBBUB_1,2016,L1,33.19698,-88.090603,318.5685375,30-45_5,Opportunistic,Lampsilini,TDON,0,0,0,0,0,0,0,0,0,0,0,0,0,0,0,0,0,0,0,0,0,0,0,0,0,0,0,NA
LUBBUB,LUBBUB_1,2016,L1,33.19698,-88.090603,318.5685375,30-45_5,Equilibrium,Quadrulini,MNER,0,0,0,0,0,0,0,0,0,0,0,0,0,0,0,0,0,0,0,0,0,0,0,0,0,0,0,NA
LUBBUB,LUBBUB_1,2016,L1,33.19698,-88.090603,318.5685375,30-45_5,Periodic,Lampsilini,LLIE,0,0,0,0,0,0,0,0,0,0,0,0,0,0,0,0,0,0,0,0,0,0,0,0,0,0,0,NA
LUBBUB,LUBBUB_1,2016,L1,33.19698,-88.090603,318.5685375,30-45_5,Periodic,Lampsilini,ELIN,0,0,0,0,0,0,0,0,0,0,0,0,0,0,0,0,0,0,0,0,0,0,0,0,0,0,0,NA
LUBBUB,LUBBUB_1,2016,L1,33.19698,-88.090603,318.5685375,30-45_5,Opportunistic,Lampsilini,PFRA,0,0,0,0,0,0,0,0,0,0,0,0,0,0,0,0,0,0,0,0,0,0,0,0,0,0,0,NA
LUBBUB,LUBBUB_1,2016,L1,33.19698,-88.090603,318.5685375,30-45_5,Opportunistic,Lampsilini,LREC,0,0,0,0,0,0,0,0,0,0,0,0,0,0,0,0,0,0,0,0,0,0,0,0,0,0,0,NA
LUBBUB,LUBBUB_1,2016,L1,33.19698,-88.090603,318.5685375,30-45_5,Periodic,Lampsilini,OARK,0,0,0,0,0,0,0,0,0,0,0,0,0,0,0,0,0,0,0,0,0,0,0,0,0,0,0,NA
LUBBUB,LUBBUB_1,2016,L1,33.19698,-88.090603,318.5685375,30-45_5,Opportunistic,Lampsilini,PINF,0,0,0,0,0,0,0,0,0,0,0,0,0,0,0,0,0,0,0,0,0,0,0,0,0,0,0,NA
LUBBUB,LUBBUB_1,2016,L1,33.19698,-88.090603,318.5685375,30-45_5,Equilibrium,Pleurobemini,PPER,0,0,0,0,0,0,0,0,0,0,0,0,0,0,0,0,0,0,0,0,0,0,0,0,0,0,0,NA
LUBBUB,LUBBUB_1,2016,L1,33.19698,-88.090603,318.5685375,30-45_5,Opportunistic,Lampsilini,LTER,0,0,0,0,0,0,0,0,0,0,0,0,0,0,0,0,0,0,0,0,0,0,0,0,0,0,0,NA
LUBBUB,LUBBUB_1,2016,L1,33.19698,-88.090603,318.5685375,30-45_5,Periodic,Alasmodontini,SSUB,0,0,0,0,0,0,0,0,0,0,0,0,0,0,0,0,0,0,0,0,0,0,0,0,0,0,0,NA
LUBBUB,LUBBUB_1,2016,L1,33.19698,-88.090603,318.5685375,30-45_5,Opportunistic,Lampsilini,TPAR,0,0,0,0,0,0,0,0,0,0,0,0,0,0,0,0,0,0,0,0,0,0,0,0,0,0,0,NA
LUBBUB,LUBBUB_1,2016,L1,33.19698,-88.090603,318.5685375,30-45_5,Opportunistic,Lampsilini,PPUR,0,0,0,0,0,0,0,0,0,0,0,0,0,0,0,0,0,0,0,0,0,0,0,0,0,0,0,NA
LUBBUB,LUBBUB_1,2016,L1,33.19698,-88.090603,318.5685375,30-45_5,Periodic,Lampsilini,HPER,0,0,0,0,0,0,0,0,0,0,0,0,0,0,0,0,0,0,0,0,0,0,0,0,0,0,0,NA
LUBBUB,LUBBUB_1,2016,L1,33.19698,-88.090603,318.5685375,30-45_5,Periodic,Lampsilini,VVIB,0,0,0,0,0,0,0,0,0,0,0,0,0,0,0,0,0,0,0,0,0,0,0,0,0,0,0,NA
LUBBUB,LUBBUB_1,2016,L1,33.19698,-88.090603,318.5685375,30-45_5,Periodic,Pleurobemini,ECRA,0,0,0,0,0,0,0,0,0,0,0,0,0,0,0,0,0,0,0,0,0,0,0,0,0,0,0,NA
LUBBUB,LUBBUB_1,2016,L1,33.19698,-88.090603,318.5685375,30-45_5,Opportunistic,Lampsilini,TTRU,0,0,0,0,0,0,0,0,0,0,0,0,0,0,0,0,0,0,0,0,0,0,0,0,0,0,0,NA
LUBBUB,LUBBUB_1,2016,L1,33.19698,-88.090603,318.5685375,30-45_5,NA,Lampsilini,LAMP,0,0,0,0,0,0,0,0,0,0,0,0,0,0,0,0,0,0,0,0,0,0,0,0,0,0,0,NA
LUBBUB,LUBBUB_1,2016,L1,33.19698,-88.090603,318.5685375,30-45_5,Periodic,Anodontini,LCOM,0,0,0,0,0,0,0,0,0,0,0,0,0,0,0,0,0,0,0,0,0,0,0,0,0,0,0,NA
LUBBUB,LUBBUB_1,2016,L1,33.19698,-88.090603,318.5685375,45-60_13,NA,Corbicula,CFLU,0,0,0,0,0,0,0,0,0,0,0,0,0,0,0,0,0,0,0,0,0,0,0,0,0,0,0,NA
LUBBUB,LUBBUB_1,2016,L1,33.19698,-88.090603,318.5685375,45-60_13,Equilibrium,Pleurobemini,FCER,0,0,0,0,0,0,0,0,0,0,0,0,0,0,0,0,0,0,0,0,0,0,0,0,0,0,0,NA
LUBBUB,LUBBUB_1,2016,L1,33.19698,-88.090603,318.5685375,45-60_13,Opportunistic,Lampsilini,LORN,0,0,0,0,0,0,0,0,0,0,0,0,0,0,0,0,0,0,0,0,0,0,0,0,0,0,0,NA
LUBBUB,LUBBUB_1,2016,L1,33.19698,-88.090603,318.5685375,45-60_13,Periodic,Lampsilini,OREF,0,0,0,0,0,0,0,0,0,0,0,0,0,0,0,0,0,0,0,0,0,0,0,0,0,0,0,NA
LUBBUB,LUBBUB_1,2016,L1,33.19698,-88.090603,318.5685375,45-60_13,Equilibrium,Pleurobemini,PDEC,0,0,0,0,0,0,0,0,0,0,0,0,0,0,0,0,0,0,0,0,0,0,0,0,0,0,0,NA
LUBBUB,LUBBUB_1,2016,L1,33.19698,-88.090603,318.5685375,45-60_13,Equilibrium,Quadrulini,PKIE,0,0,0,0,0,0,0,0,0,0,0,0,0,0,0,0,0,0,0,0,0,0,0,0,0,0,0,NA
LUBBUB,LUBBUB_1,2016,L1,33.19698,-88.090603,318.5685375,45-60_13,Periodic,Lampsilini,LSTR,0,0,0,0,0,0,0,0,0,0,0,0,0,0,0,0,0,0,0,0,0,0,0,0,0,0,0,NA
LUBBUB,LUBBUB_1,2016,L1,33.19698,-88.090603,318.5685375,45-60_13,Periodic,Lampsilini,MACU,0,0,0,0,0,0,0,0,0,0,0,0,0,0,0,0,0,0,0,0,0,0,0,0,0,0,0,NA
LUBBUB,LUBBUB_1,2016,L1,33.19698,-88.090603,318.5685375,45-60_13,Periodic,Lampsilini,OUNI,0.107283688,0.078401574,3.650080707,0.217909818,3.432170889,0.049027615,0.036846191,1.805523547,0.107789756,1.697733791,0.296311393,0.144635947,3.461053003,1.709915215,0.071522459,0.052267716,2.433387138,0.145273212,2.288113926,0.032685077,0.024564127,1.203682365,0.071859837,1.131822528,0.197540928,0.096423965,2.307368668,1.139943477
LUBBUB,LUBBUB_1,2016,L1,33.19698,-88.090603,318.5685375,45-60_13,Equilibrium,Quadrulini,QVER,0.520426274,0.295879072,16.47218487,1.011392151,15.46079272,0.244376731,0.158909371,7.627032396,0.468299789,7.158732607,1.307271223,0.62720916,15.68533992,7.244199968,0.346950849,0.197252715,10.98145658,0.674261434,10.30719515,0.162917821,0.105939581,5.084688264,0.312199859,4.772488405,0.871514149,0.41813944,10.45689328,4.829466645
LUBBUB,LUBBUB_1,2016,L1,33.19698,-88.090603,318.5685375,45-60_13,Periodic,Pleurobemini,EARC,0,0,0,0,0,0,0,0,0,0,0,0,0,0,0,0,0,0,0,0,0,0,0,0,0,0,0,NA
LUBBUB,LUBBUB_1,2016,L1,33.19698,-88.090603,318.5685375,45-60_13,Equilibrium,Amblemini,APLI,0,0,0,0,0,0,0,0,0,0,0,0,0,0,0,0,0,0,0,0,0,0,0,0,0,0,0,NA
LUBBUB,LUBBUB_1,2016,L1,33.19698,-88.090603,318.5685375,45-60_13,Equilibrium,Pleurobemini,REBE,0,0,0,0,0,0,0,0,0,0,0,0,0,0,0,0,0,0,0,0,0,0,0,0,0,0,0,NA
LUBBUB,LUBBUB_1,2016,L1,33.19698,-88.090603,318.5685375,45-60_13,Equilibrium,Quadrulini,QQUA,0,0,0,0,0,0,0,0,0,0,0,0,0,0,0,0,0,0,0,0,0,0,0,0,0,0,0,NA
LUBBUB,LUBBUB_1,2016,L1,33.19698,-88.090603,318.5685375,45-60_13,Opportunistic,Lampsilini,TDON,0,0,0,0,0,0,0,0,0,0,0,0,0,0,0,0,0,0,0,0,0,0,0,0,0,0,0,NA
LUBBUB,LUBBUB_1,2016,L1,33.19698,-88.090603,318.5685375,45-60_13,Equilibrium,Quadrulini,MNER,0,0,0,0,0,0,0,0,0,0,0,0,0,0,0,0,0,0,0,0,0,0,0,0,0,0,0,NA
LUBBUB,LUBBUB_1,2016,L1,33.19698,-88.090603,318.5685375,45-60_13,Periodic,Lampsilini,LLIE,0.447783104,0.385278207,12.63314479,0.627867296,12.0052775,0.106133321,0.087596578,3.657349904,0.18177029,3.475579614,1.013145503,0.269366868,12.06778239,3.494116357,0.298522069,0.256852138,8.42209653,0.418578198,8.003518332,0.070755547,0.058397719,2.438233269,0.121180193,2.317053076,0.675430335,0.179577912,8.045188263,2.329410905
LUBBUB,LUBBUB_1,2016,L1,33.19698,-88.090603,318.5685375,45-60_13,Periodic,Lampsilini,ELIN,0,0,0,0,0,0,0,0,0,0,0,0,0,0,0,0,0,0,0,0,0,0,0,0,0,0,0,NA
LUBBUB,LUBBUB_1,2016,L1,33.19698,-88.090603,318.5685375,45-60_13,Opportunistic,Lampsilini,PFRA,0,0,0,0,0,0,0,0,0,0,0,0,0,0,0,0,0,0,0,0,0,0,0,0,0,0,0,NA
LUBBUB,LUBBUB_1,2016,L1,33.19698,-88.090603,318.5685375,45-60_13,Opportunistic,Lampsilini,LREC,0,0,0,0,0,0,0,0,0,0,0,0,0,0,0,0,0,0,0,0,0,0,0,0,0,0,0,NA
LUBBUB,LUBBUB_1,2016,L1,33.19698,-88.090603,318.5685375,45-60_13,Periodic,Lampsilini,OARK,0,0,0,0,0,0,0,0,0,0,0,0,0,0,0,0,0,0,0,0,0,0,0,0,0,0,0,NA
LUBBUB,LUBBUB_1,2016,L1,33.19698,-88.090603,318.5685375,45-60_13,Opportunistic,Lampsilini,PINF,0,0,0,0,0,0,0,0,0,0,0,0,0,0,0,0,0,0,0,0,0,0,0,0,0,0,0,NA
LUBBUB,LUBBUB_1,2016,L1,33.19698,-88.090603,318.5685375,45-60_13,Equilibrium,Pleurobemini,PPER,0,0,0,0,0,0,0,0,0,0,0,0,0,0,0,0,0,0,0,0,0,0,0,0,0,0,0,NA
LUBBUB,LUBBUB_1,2016,L1,33.19698,-88.090603,318.5685375,45-60_13,Opportunistic,Lampsilini,LTER,0,0,0,0,0,0,0,0,0,0,0,0,0,0,0,0,0,0,0,0,0,0,0,0,0,0,0,NA
LUBBUB,LUBBUB_1,2016,L1,33.19698,-88.090603,318.5685375,45-60_13,Periodic,Alasmodontini,SSUB,0,0,0,0,0,0,0,0,0,0,0,0,0,0,0,0,0,0,0,0,0,0,0,0,0,0,0,NA
LUBBUB,LUBBUB_1,2016,L1,33.19698,-88.090603,318.5685375,45-60_13,Opportunistic,Lampsilini,TPAR,0,0,0,0,0,0,0,0,0,0,0,0,0,0,0,0,0,0,0,0,0,0,0,0,0,0,0,NA
LUBBUB,LUBBUB_1,2016,L1,33.19698,-88.090603,318.5685375,45-60_13,Opportunistic,Lampsilini,PPUR,0,0,0,0,0,0,0,0,0,0,0,0,0,0,0,0,0,0,0,0,0,0,0,0,0,0,0,NA
LUBBUB,LUBBUB_1,2016,L1,33.19698,-88.090603,318.5685375,45-60_13,Periodic,Lampsilini,HPER,0,0,0,0,0,0,0,0,0,0,0,0,0,0,0,0,0,0,0,0,0,0,0,0,0,0,0,NA
LUBBUB,LUBBUB_1,2016,L1,33.19698,-88.090603,318.5685375,45-60_13,Periodic,Lampsilini,VVIB,0,0,0,0,0,0,0,0,0,0,0,0,0,0,0,0,0,0,0,0,0,0,0,0,0,0,0,NA
LUBBUB,LUBBUB_1,2016,L1,33.19698,-88.090603,318.5685375,45-60_13,Periodic,Pleurobemini,ECRA,0,0,0,0,0,0,0,0,0,0,0,0,0,0,0,0,0,0,0,0,0,0,0,0,0,0,0,NA
LUBBUB,LUBBUB_1,2016,L1,33.19698,-88.090603,318.5685375,45-60_13,Opportunistic,Lampsilini,TTRU,0,0,0,0,0,0,0,0,0,0,0,0,0,0,0,0,0,0,0,0,0,0,0,0,0,0,0,NA
LUBBUB,LUBBUB_1,2016,L1,33.19698,-88.090603,318.5685375,45-60_13,NA,Lampsilini,LAMP,0,0,0,0,0,0,0,0,0,0,0,0,0,0,0,0,0,0,0,0,0,0,0,0,0,0,0,NA
LUBBUB,LUBBUB_1,2016,L1,33.19698,-88.090603,318.5685375,45-60_13,Periodic,Anodontini,LCOM,0,0,0,0,0,0,0,0,0,0,0,0,0,0,0,0,0,0,0,0,0,0,0,0,0,0,0,NA
LUBBUB,LUBBUB_1,2016,L1,33.19698,-88.090603,318.5685375,45-60_5,NA,Corbicula,CFLU,0.057110101,0.038978865,1.629879439,0.047429492,1.582449947,0.057110101,0.038978865,1.629879439,0.047429492,1.582449947,0.086408357,0.086408357,1.600581183,1.600581183,0.028555051,0.019489433,0.814939719,0.023714746,0.791224974,0.028555051,0.019489433,0.814939719,0.023714746,0.791224974,0.043204178,0.043204178,0.800290591,0.800290591
LUBBUB,LUBBUB_1,2016,L1,33.19698,-88.090603,318.5685375,45-60_5,Equilibrium,Pleurobemini,FCER,0,0,0,0,0,0,0,0,0,0,0,0,0,0,0,0,0,0,0,0,0,0,0,0,0,0,0,NA
LUBBUB,LUBBUB_1,2016,L1,33.19698,-88.090603,318.5685375,45-60_5,Opportunistic,Lampsilini,LORN,0,0,0,0,0,0,0,0,0,0,0,0,0,0,0,0,0,0,0,0,0,0,0,0,0,0,0,NA
LUBBUB,LUBBUB_1,2016,L1,33.19698,-88.090603,318.5685375,45-60_5,Periodic,Lampsilini,OREF,0,0,0,0,0,0,0,0,0,0,0,0,0,0,0,0,0,0,0,0,0,0,0,0,0,0,0,NA
LUBBUB,LUBBUB_1,2016,L1,33.19698,-88.090603,318.5685375,45-60_5,Equilibrium,Pleurobemini,PDEC,0.021275483,0.018284481,1.187630854,0.064963408,1.122667447,0.017289806,0.014786558,0.963124371,0.052682903,0.910441468,0.083247888,0.067469461,1.12565845,0.912944715,0.010637742,0.00914224,0.593815427,0.032481704,0.561333723,0.008644903,0.007393279,0.481562185,0.026341452,0.455220734,0.041623944,0.033734731,0.562829225,0.456472358
LUBBUB,LUBBUB_1,2016,L1,33.19698,-88.090603,318.5685375,45-60_5,Equilibrium,Quadrulini,PKIE,0.317671254,0.277144062,14.4979644,1.081548145,13.41641626,0.139870313,0.122986956,5.719601477,0.42668227,5.292919206,1.358692207,0.549669226,13.45694345,5.309802563,0.158835627,0.138572031,7.248982202,0.540774072,6.70820813,0.069935156,0.061493478,2.859800738,0.213341135,2.646459603,0.679346103,0.274834613,6.728471726,2.654901282
LUBBUB,LUBBUB_1,2016,L1,33.19698,-88.090603,318.5685375,45-60_5,Periodic,Lampsilini,LSTR,0,0,0,0,0,0,0,0,0,0,0,0,0,0,0,0,0,0,0,0,0,0,0,0,0,0,0,NA
LUBBUB,LUBBUB_1,2016,L1,33.19698,-88.090603,318.5685375,45-60_5,Periodic,Lampsilini,MACU,0,0,0,0,0,0,0,0,0,0,0,0,0,0,0,0,0,0,0,0,0,0,0,0,0,0,0,NA
LUBBUB,LUBBUB_1,2016,L1,33.19698,-88.090603,318.5685375,45-60_5,Periodic,Lampsilini,OUNI,0,0,0,0,0,0,0,0,0,0,0,0,0,0,0,0,0,0,0,0,0,0,0,0,0,0,0,NA
LUBBUB,LUBBUB_1,2016,L1,33.19698,-88.090603,318.5685375,45-60_5,Equilibrium,Quadrulini,QVER,0.645027794,0.384013052,20.3314035,1.248348175,19.08305532,0.267003546,0.183349597,8.29221785,0.509142176,7.783075674,1.632361227,0.692491773,19.34407006,7.866729623,0.322513897,0.192006526,10.16570175,0.624174087,9.541527661,0.133501773,0.091674799,4.146108925,0.254571088,3.891537837,0.816180614,0.346245887,9.672035032,3.933364811
LUBBUB,LUBBUB_1,2016,L1,33.19698,-88.090603,318.5685375,45-60_5,Periodic,Pleurobemini,EARC,0,0,0,0,0,0,0,0,0,0,0,0,0,0,0,0,0,0,0,0,0,0,0,0,0,0,0,NA
LUBBUB,LUBBUB_1,2016,L1,33.19698,-88.090603,318.5685375,45-60_5,Equilibrium,Amblemini,APLI,0,0,0,0,0,0,0,0,0,0,0,0,0,0,0,0,0,0,0,0,0,0,0,0,0,0,0,NA
LUBBUB,LUBBUB_1,2016,L1,33.19698,-88.090603,318.5685375,45-60_5,Equilibrium,Pleurobemini,REBE,0,0,0,0,0,0,0,0,0,0,0,0,0,0,0,0,0,0,0,0,0,0,0,0,0,0,0,NA
LUBBUB,LUBBUB_1,2016,L1,33.19698,-88.090603,318.5685375,45-60_5,Equilibrium,Quadrulini,QQUA,0,0,0,0,0,0,0,0,0,0,0,0,0,0,0,0,0,0,0,0,0,0,0,0,0,0,0,NA
LUBBUB,LUBBUB_1,2016,L1,33.19698,-88.090603,318.5685375,45-60_5,Opportunistic,Lampsilini,TDON,0,0,0,0,0,0,0,0,0,0,0,0,0,0,0,0,0,0,0,0,0,0,0,0,0,0,0,NA
LUBBUB,LUBBUB_1,2016,L1,33.19698,-88.090603,318.5685375,45-60_5,Equilibrium,Quadrulini,MNER,0,0,0,0,0,0,0,0,0,0,0,0,0,0,0,0,0,0,0,0,0,0,0,0,0,0,0,NA
LUBBUB,LUBBUB_1,2016,L1,33.19698,-88.090603,318.5685375,45-60_5,Periodic,Lampsilini,LLIE,0,0,0,0,0,0,0,0,0,0,0,0,0,0,0,0,0,0,0,0,0,0,0,0,0,0,0,NA
LUBBUB,LUBBUB_1,2016,L1,33.19698,-88.090603,318.5685375,45-60_5,Periodic,Lampsilini,ELIN,0,0,0,0,0,0,0,0,0,0,0,0,0,0,0,0,0,0,0,0,0,0,0,0,0,0,0,NA
LUBBUB,LUBBUB_1,2016,L1,33.19698,-88.090603,318.5685375,45-60_5,Opportunistic,Lampsilini,PFRA,0,0,0,0,0,0,0,0,0,0,0,0,0,0,0,0,0,0,0,0,0,0,0,0,0,0,0,NA
LUBBUB,LUBBUB_1,2016,L1,33.19698,-88.090603,318.5685375,45-60_5,Opportunistic,Lampsilini,LREC,0,0,0,0,0,0,0,0,0,0,0,0,0,0,0,0,0,0,0,0,0,0,0,0,0,0,0,NA
LUBBUB,LUBBUB_1,2016,L1,33.19698,-88.090603,318.5685375,45-60_5,Periodic,Lampsilini,OARK,0,0,0,0,0,0,0,0,0,0,0,0,0,0,0,0,0,0,0,0,0,0,0,0,0,0,0,NA
LUBBUB,LUBBUB_1,2016,L1,33.19698,-88.090603,318.5685375,45-60_5,Opportunistic,Lampsilini,PINF,0,0,0,0,0,0,0,0,0,0,0,0,0,0,0,0,0,0,0,0,0,0,0,0,0,0,0,NA
LUBBUB,LUBBUB_1,2016,L1,33.19698,-88.090603,318.5685375,45-60_5,Equilibrium,Pleurobemini,PPER,0,0,0,0,0,0,0,0,0,0,0,0,0,0,0,0,0,0,0,0,0,0,0,0,0,0,0,NA
LUBBUB,LUBBUB_1,2016,L1,33.19698,-88.090603,318.5685375,45-60_5,Opportunistic,Lampsilini,LTER,0,0,0,0,0,0,0,0,0,0,0,0,0,0,0,0,0,0,0,0,0,0,0,0,0,0,0,NA
LUBBUB,LUBBUB_1,2016,L1,33.19698,-88.090603,318.5685375,45-60_5,Periodic,Alasmodontini,SSUB,0,0,0,0,0,0,0,0,0,0,0,0,0,0,0,0,0,0,0,0,0,0,0,0,0,0,0,NA
LUBBUB,LUBBUB_1,2016,L1,33.19698,-88.090603,318.5685375,45-60_5,Opportunistic,Lampsilini,TPAR,0,0,0,0,0,0,0,0,0,0,0,0,0,0,0,0,0,0,0,0,0,0,0,0,0,0,0,NA
LUBBUB,LUBBUB_1,2016,L1,33.19698,-88.090603,318.5685375,45-60_5,Opportunistic,Lampsilini,PPUR,0,0,0,0,0,0,0,0,0,0,0,0,0,0,0,0,0,0,0,0,0,0,0,0,0,0,0,NA
LUBBUB,LUBBUB_1,2016,L1,33.19698,-88.090603,318.5685375,45-60_5,Periodic,Lampsilini,HPER,0,0,0,0,0,0,0,0,0,0,0,0,0,0,0,0,0,0,0,0,0,0,0,0,0,0,0,NA
LUBBUB,LUBBUB_1,2016,L1,33.19698,-88.090603,318.5685375,45-60_5,Periodic,Lampsilini,VVIB,0,0,0,0,0,0,0,0,0,0,0,0,0,0,0,0,0,0,0,0,0,0,0,0,0,0,0,NA
LUBBUB,LUBBUB_1,2016,L1,33.19698,-88.090603,318.5685375,45-60_5,Periodic,Pleurobemini,ECRA,0,0,0,0,0,0,0,0,0,0,0,0,0,0,0,0,0,0,0,0,0,0,0,0,0,0,0,NA
LUBBUB,LUBBUB_1,2016,L1,33.19698,-88.090603,318.5685375,45-60_5,Opportunistic,Lampsilini,TTRU,0,0,0,0,0,0,0,0,0,0,0,0,0,0,0,0,0,0,0,0,0,0,0,0,0,0,0,NA
LUBBUB,LUBBUB_1,2016,L1,33.19698,-88.090603,318.5685375,45-60_5,NA,Lampsilini,LAMP,0,0,0,0,0,0,0,0,0,0,0,0,0,0,0,0,0,0,0,0,0,0,0,0,0,0,0,NA
LUBBUB,LUBBUB_1,2016,L1,33.19698,-88.090603,318.5685375,45-60_5,Periodic,Anodontini,LCOM,0,0,0,0,0,0,0,0,0,0,0,0,0,0,0,0,0,0,0,0,0,0,0,0,0,0,0,NA
SIPSEY,FAYETTE,2019,S1,33.682677,-87.803948,668.2169324,0-20_0,NA,Corbicula,CFLU,0.028443468,0.01960084,0.82986841,0.024149171,0.805719239,0.028443468,0.01960084,0.82986841,0.024149171,0.805719239,0.043750011,0.043750011,0.814561868,0.814561868,0.018962312,0.013067227,0.553245607,0.016099447,0.53714616,0.018962312,0.013067227,0.553245607,0.016099447,0.53714616,0.029166674,0.029166674,0.543041245,0.543041245
SIPSEY,FAYETTE,2019,S1,33.682677,-87.803948,668.2169324,0-20_0,Equilibrium,Pleurobemini,FCER,0,0,0,0,0,0,0,0,0,0,0,0,0,0,0,0,0,0,0,0,0,0,0,0,0,0,0,NA
SIPSEY,FAYETTE,2019,S1,33.682677,-87.803948,668.2169324,0-20_0,Opportunistic,Lampsilini,LORN,0,0,0,0,0,0,0,0,0,0,0,0,0,0,0,0,0,0,0,0,0,0,0,0,0,0,0,NA
SIPSEY,FAYETTE,2019,S1,33.682677,-87.803948,668.2169324,0-20_0,Periodic,Lampsilini,OREF,0,0,0,0,0,0,0,0,0,0,0,0,0,0,0,0,0,0,0,0,0,0,0,0,0,0,0,NA
SIPSEY,FAYETTE,2019,S1,33.682677,-87.803948,668.2169324,0-20_0,Equilibrium,Pleurobemini,PDEC,0,0,0,0,0,0,0,0,0,0,0,0,0,0,0,0,0,0,0,0,0,0,0,0,0,0,0,NA
SIPSEY,FAYETTE,2019,S1,33.682677,-87.803948,668.2169324,0-20_0,Equilibrium,Quadrulini,PKIE,0,0,0,0,0,0,0,0,0,0,0,0,0,0,0,0,0,0,0,0,0,0,0,0,0,0,0,NA
SIPSEY,FAYETTE,2019,S1,33.682677,-87.803948,668.2169324,0-20_0,Periodic,Lampsilini,LSTR,0,0,0,0,0,0,0,0,0,0,0,0,0,0,0,0,0,0,0,0,0,0,0,0,0,0,0,NA
SIPSEY,FAYETTE,2019,S1,33.682677,-87.803948,668.2169324,0-20_0,Periodic,Lampsilini,MACU,0,0,0,0,0,0,0,0,0,0,0,0,0,0,0,0,0,0,0,0,0,0,0,0,0,0,0,NA
SIPSEY,FAYETTE,2019,S1,33.682677,-87.803948,668.2169324,0-20_0,Periodic,Lampsilini,OUNI,0,0,0,0,0,0,0,0,0,0,0,0,0,0,0,0,0,0,0,0,0,0,0,0,0,0,0,NA
SIPSEY,FAYETTE,2019,S1,33.682677,-87.803948,668.2169324,0-20_0,Equilibrium,Quadrulini,QVER,0,0,0,0,0,0,0,0,0,0,0,0,0,0,0,0,0,0,0,0,0,0,0,0,0,0,0,NA
SIPSEY,FAYETTE,2019,S1,33.682677,-87.803948,668.2169324,0-20_0,Periodic,Pleurobemini,EARC,0,0,0,0,0,0,0,0,0,0,0,0,0,0,0,0,0,0,0,0,0,0,0,0,0,0,0,NA
SIPSEY,FAYETTE,2019,S1,33.682677,-87.803948,668.2169324,0-20_0,Equilibrium,Amblemini,APLI,0,0,0,0,0,0,0,0,0,0,0,0,0,0,0,0,0,0,0,0,0,0,0,0,0,0,0,NA
SIPSEY,FAYETTE,2019,S1,33.682677,-87.803948,668.2169324,0-20_0,Equilibrium,Pleurobemini,REBE,0,0,0,0,0,0,0,0,0,0,0,0,0,0,0,0,0,0,0,0,0,0,0,0,0,0,0,NA
SIPSEY,FAYETTE,2019,S1,33.682677,-87.803948,668.2169324,0-20_0,Equilibrium,Quadrulini,QQUA,0,0,0,0,0,0,0,0,0,0,0,0,0,0,0,0,0,0,0,0,0,0,0,0,0,0,0,NA
SIPSEY,FAYETTE,2019,S1,33.682677,-87.803948,668.2169324,0-20_0,Opportunistic,Lampsilini,TDON,0,0,0,0,0,0,0,0,0,0,0,0,0,0,0,0,0,0,0,0,0,0,0,0,0,0,0,NA
SIPSEY,FAYETTE,2019,S1,33.682677,-87.803948,668.2169324,0-20_0,Equilibrium,Quadrulini,MNER,0,0,0,0,0,0,0,0,0,0,0,0,0,0,0,0,0,0,0,0,0,0,0,0,0,0,0,NA
SIPSEY,FAYETTE,2019,S1,33.682677,-87.803948,668.2169324,0-20_0,Periodic,Lampsilini,LLIE,0,0,0,0,0,0,0,0,0,0,0,0,0,0,0,0,0,0,0,0,0,0,0,0,0,0,0,NA
SIPSEY,FAYETTE,2019,S1,33.682677,-87.803948,668.2169324,0-20_0,Periodic,Lampsilini,ELIN,0,0,0,0,0,0,0,0,0,0,0,0,0,0,0,0,0,0,0,0,0,0,0,0,0,0,0,NA
SIPSEY,FAYETTE,2019,S1,33.682677,-87.803948,668.2169324,0-20_0,Opportunistic,Lampsilini,PFRA,0,0,0,0,0,0,0,0,0,0,0,0,0,0,0,0,0,0,0,0,0,0,0,0,0,0,0,NA
SIPSEY,FAYETTE,2019,S1,33.682677,-87.803948,668.2169324,0-20_0,Opportunistic,Lampsilini,LREC,0,0,0,0,0,0,0,0,0,0,0,0,0,0,0,0,0,0,0,0,0,0,0,0,0,0,0,NA
SIPSEY,FAYETTE,2019,S1,33.682677,-87.803948,668.2169324,0-20_0,Periodic,Lampsilini,OARK,0,0,0,0,0,0,0,0,0,0,0,0,0,0,0,0,0,0,0,0,0,0,0,0,0,0,0,NA
SIPSEY,FAYETTE,2019,S1,33.682677,-87.803948,668.2169324,0-20_0,Opportunistic,Lampsilini,PINF,0,0,0,0,0,0,0,0,0,0,0,0,0,0,0,0,0,0,0,0,0,0,0,0,0,0,0,NA
SIPSEY,FAYETTE,2019,S1,33.682677,-87.803948,668.2169324,0-20_0,Equilibrium,Pleurobemini,PPER,0,0,0,0,0,0,0,0,0,0,0,0,0,0,0,0,0,0,0,0,0,0,0,0,0,0,0,NA
SIPSEY,FAYETTE,2019,S1,33.682677,-87.803948,668.2169324,0-20_0,Opportunistic,Lampsilini,LTER,0,0,0,0,0,0,0,0,0,0,0,0,0,0,0,0,0,0,0,0,0,0,0,0,0,0,0,NA
SIPSEY,FAYETTE,2019,S1,33.682677,-87.803948,668.2169324,0-20_0,Periodic,Alasmodontini,SSUB,0,0,0,0,0,0,0,0,0,0,0,0,0,0,0,0,0,0,0,0,0,0,0,0,0,0,0,NA
SIPSEY,FAYETTE,2019,S1,33.682677,-87.803948,668.2169324,0-20_0,Opportunistic,Lampsilini,TPAR,0,0,0,0,0,0,0,0,0,0,0,0,0,0,0,0,0,0,0,0,0,0,0,0,0,0,0,NA
SIPSEY,FAYETTE,2019,S1,33.682677,-87.803948,668.2169324,0-20_0,Opportunistic,Lampsilini,PPUR,0,0,0,0,0,0,0,0,0,0,0,0,0,0,0,0,0,0,0,0,0,0,0,0,0,0,0,NA
SIPSEY,FAYETTE,2019,S1,33.682677,-87.803948,668.2169324,0-20_0,Periodic,Lampsilini,HPER,0,0,0,0,0,0,0,0,0,0,0,0,0,0,0,0,0,0,0,0,0,0,0,0,0,0,0,NA
SIPSEY,FAYETTE,2019,S1,33.682677,-87.803948,668.2169324,0-20_0,Periodic,Lampsilini,VVIB,0,0,0,0,0,0,0,0,0,0,0,0,0,0,0,0,0,0,0,0,0,0,0,0,0,0,0,NA
SIPSEY,FAYETTE,2019,S1,33.682677,-87.803948,668.2169324,0-20_0,Periodic,Pleurobemini,ECRA,0,0,0,0,0,0,0,0,0,0,0,0,0,0,0,0,0,0,0,0,0,0,0,0,0,0,0,NA
SIPSEY,FAYETTE,2019,S1,33.682677,-87.803948,668.2169324,0-20_0,Opportunistic,Lampsilini,TTRU,0,0,0,0,0,0,0,0,0,0,0,0,0,0,0,0,0,0,0,0,0,0,0,0,0,0,0,NA
SIPSEY,FAYETTE,2019,S1,33.682677,-87.803948,668.2169324,0-20_0,NA,Lampsilini,LAMP,0,0,0,0,0,0,0,0,0,0,0,0,0,0,0,0,0,0,0,0,0,0,0,0,0,0,0,NA
SIPSEY,FAYETTE,2019,S1,33.682677,-87.803948,668.2169324,0-20_0,Periodic,Anodontini,LCOM,0,0,0,0,0,0,0,0,0,0,0,0,0,0,0,0,0,0,0,0,0,0,0,0,0,0,0,NA
SIPSEY,FAYETTE,2019,S1,33.682677,-87.803948,668.2169324,0-20_10,NA,Corbicula,CFLU,0.080658744,0.058967245,2.717249641,0.079071965,2.638177676,0.05650488,0.041500814,1.928522474,0.056120004,1.87240247,0.13803921,0.097620818,2.659869175,1.887406536,0.046090711,0.033695569,1.552714081,0.04518398,1.507530101,0.032288503,0.023714751,1.102012843,0.032068574,1.069944269,0.078879548,0.055783325,1.519925243,1.07851802
SIPSEY,FAYETTE,2019,S1,33.682677,-87.803948,668.2169324,0-20_10,Equilibrium,Pleurobemini,FCER,0,0,0,0,0,0,0,0,0,0,0,0,0,0,0,0,0,0,0,0,0,0,0,0,0,0,0,NA
SIPSEY,FAYETTE,2019,S1,33.682677,-87.803948,668.2169324,0-20_10,Opportunistic,Lampsilini,LORN,0,0,0,0,0,0,0,0,0,0,0,0,0,0,0,0,0,0,0,0,0,0,0,0,0,0,0,NA
SIPSEY,FAYETTE,2019,S1,33.682677,-87.803948,668.2169324,0-20_10,Periodic,Lampsilini,OREF,0,0,0,0,0,0,0,0,0,0,0,0,0,0,0,0,0,0,0,0,0,0,0,0,0,0,0,NA
SIPSEY,FAYETTE,2019,S1,33.682677,-87.803948,668.2169324,0-20_10,Equilibrium,Pleurobemini,PDEC,0,0,0,0,0,0,0,0,0,0,0,0,0,0,0,0,0,0,0,0,0,0,0,0,0,0,0,NA
SIPSEY,FAYETTE,2019,S1,33.682677,-87.803948,668.2169324,0-20_10,Equilibrium,Quadrulini,PKIE,0,0,0,0,0,0,0,0,0,0,0,0,0,0,0,0,0,0,0,0,0,0,0,0,0,0,0,NA
SIPSEY,FAYETTE,2019,S1,33.682677,-87.803948,668.2169324,0-20_10,Periodic,Lampsilini,LSTR,0,0,0,0,0,0,0,0,0,0,0,0,0,0,0,0,0,0,0,0,0,0,0,0,0,0,0,NA
SIPSEY,FAYETTE,2019,S1,33.682677,-87.803948,668.2169324,0-20_10,Periodic,Lampsilini,MACU,0,0,0,0,0,0,0,0,0,0,0,0,0,0,0,0,0,0,0,0,0,0,0,0,0,0,0,NA
SIPSEY,FAYETTE,2019,S1,33.682677,-87.803948,668.2169324,0-20_10,Periodic,Lampsilini,OUNI,0,0,0,0,0,0,0,0,0,0,0,0,0,0,0,0,0,0,0,0,0,0,0,0,0,0,0,NA
SIPSEY,FAYETTE,2019,S1,33.682677,-87.803948,668.2169324,0-20_10,Equilibrium,Quadrulini,QVER,0,0,0,0,0,0,0,0,0,0,0,0,0,0,0,0,0,0,0,0,0,0,0,0,0,0,0,NA
SIPSEY,FAYETTE,2019,S1,33.682677,-87.803948,668.2169324,0-20_10,Periodic,Pleurobemini,EARC,0,0,0,0,0,0,0,0,0,0,0,0,0,0,0,0,0,0,0,0,0,0,0,0,0,0,0,NA
SIPSEY,FAYETTE,2019,S1,33.682677,-87.803948,668.2169324,0-20_10,Equilibrium,Amblemini,APLI,0,0,0,0,0,0,0,0,0,0,0,0,0,0,0,0,0,0,0,0,0,0,0,0,0,0,0,NA
SIPSEY,FAYETTE,2019,S1,33.682677,-87.803948,668.2169324,0-20_10,Equilibrium,Pleurobemini,REBE,0,0,0,0,0,0,0,0,0,0,0,0,0,0,0,0,0,0,0,0,0,0,0,0,0,0,0,NA
SIPSEY,FAYETTE,2019,S1,33.682677,-87.803948,668.2169324,0-20_10,Equilibrium,Quadrulini,QQUA,0,0,0,0,0,0,0,0,0,0,0,0,0,0,0,0,0,0,0,0,0,0,0,0,0,0,0,NA
SIPSEY,FAYETTE,2019,S1,33.682677,-87.803948,668.2169324,0-20_10,Opportunistic,Lampsilini,TDON,0,0,0,0,0,0,0,0,0,0,0,0,0,0,0,0,0,0,0,0,0,0,0,0,0,0,0,NA
SIPSEY,FAYETTE,2019,S1,33.682677,-87.803948,668.2169324,0-20_10,Equilibrium,Quadrulini,MNER,0,0,0,0,0,0,0,0,0,0,0,0,0,0,0,0,0,0,0,0,0,0,0,0,0,0,0,NA
SIPSEY,FAYETTE,2019,S1,33.682677,-87.803948,668.2169324,0-20_10,Periodic,Lampsilini,LLIE,0,0,0,0,0,0,0,0,0,0,0,0,0,0,0,0,0,0,0,0,0,0,0,0,0,0,0,NA
SIPSEY,FAYETTE,2019,S1,33.682677,-87.803948,668.2169324,0-20_10,Periodic,Lampsilini,ELIN,0,0,0,0,0,0,0,0,0,0,0,0,0,0,0,0,0,0,0,0,0,0,0,0,0,0,0,NA
SIPSEY,FAYETTE,2019,S1,33.682677,-87.803948,668.2169324,0-20_10,Opportunistic,Lampsilini,PFRA,0,0,0,0,0,0,0,0,0,0,0,0,0,0,0,0,0,0,0,0,0,0,0,0,0,0,0,NA
SIPSEY,FAYETTE,2019,S1,33.682677,-87.803948,668.2169324,0-20_10,Opportunistic,Lampsilini,LREC,0,0,0,0,0,0,0,0,0,0,0,0,0,0,0,0,0,0,0,0,0,0,0,0,0,0,0,NA
SIPSEY,FAYETTE,2019,S1,33.682677,-87.803948,668.2169324,0-20_10,Periodic,Lampsilini,OARK,0,0,0,0,0,0,0,0,0,0,0,0,0,0,0,0,0,0,0,0,0,0,0,0,0,0,0,NA
SIPSEY,FAYETTE,2019,S1,33.682677,-87.803948,668.2169324,0-20_10,Opportunistic,Lampsilini,PINF,0,0,0,0,0,0,0,0,0,0,0,0,0,0,0,0,0,0,0,0,0,0,0,0,0,0,0,NA
SIPSEY,FAYETTE,2019,S1,33.682677,-87.803948,668.2169324,0-20_10,Equilibrium,Pleurobemini,PPER,0,0,0,0,0,0,0,0,0,0,0,0,0,0,0,0,0,0,0,0,0,0,0,0,0,0,0,NA
SIPSEY,FAYETTE,2019,S1,33.682677,-87.803948,668.2169324,0-20_10,Opportunistic,Lampsilini,LTER,0,0,0,0,0,0,0,0,0,0,0,0,0,0,0,0,0,0,0,0,0,0,0,0,0,0,0,NA
SIPSEY,FAYETTE,2019,S1,33.682677,-87.803948,668.2169324,0-20_10,Periodic,Alasmodontini,SSUB,0,0,0,0,0,0,0,0,0,0,0,0,0,0,0,0,0,0,0,0,0,0,0,0,0,0,0,NA
SIPSEY,FAYETTE,2019,S1,33.682677,-87.803948,668.2169324,0-20_10,Opportunistic,Lampsilini,TPAR,0,0,0,0,0,0,0,0,0,0,0,0,0,0,0,0,0,0,0,0,0,0,0,0,0,0,0,NA
SIPSEY,FAYETTE,2019,S1,33.682677,-87.803948,668.2169324,0-20_10,Opportunistic,Lampsilini,PPUR,0,0,0,0,0,0,0,0,0,0,0,0,0,0,0,0,0,0,0,0,0,0,0,0,0,0,0,NA
SIPSEY,FAYETTE,2019,S1,33.682677,-87.803948,668.2169324,0-20_10,Periodic,Lampsilini,HPER,0,0,0,0,0,0,0,0,0,0,0,0,0,0,0,0,0,0,0,0,0,0,0,0,0,0,0,NA
SIPSEY,FAYETTE,2019,S1,33.682677,-87.803948,668.2169324,0-20_10,Periodic,Lampsilini,VVIB,0,0,0,0,0,0,0,0,0,0,0,0,0,0,0,0,0,0,0,0,0,0,0,0,0,0,0,NA
SIPSEY,FAYETTE,2019,S1,33.682677,-87.803948,668.2169324,0-20_10,Periodic,Pleurobemini,ECRA,0,0,0,0,0,0,0,0,0,0,0,0,0,0,0,0,0,0,0,0,0,0,0,0,0,0,0,NA
SIPSEY,FAYETTE,2019,S1,33.682677,-87.803948,668.2169324,0-20_10,Opportunistic,Lampsilini,TTRU,0,0,0,0,0,0,0,0,0,0,0,0,0,0,0,0,0,0,0,0,0,0,0,0,0,0,0,NA
SIPSEY,FAYETTE,2019,S1,33.682677,-87.803948,668.2169324,0-20_10,NA,Lampsilini,LAMP,0,0,0,0,0,0,0,0,0,0,0,0,0,0,0,0,0,0,0,0,0,0,0,0,0,0,0,NA
SIPSEY,FAYETTE,2019,S1,33.682677,-87.803948,668.2169324,0-20_10,Periodic,Anodontini,LCOM,0,0,0,0,0,0,0,0,0,0,0,0,0,0,0,0,0,0,0,0,0,0,0,0,0,0,0,NA
SIPSEY,FAYETTE,2019,S1,33.682677,-87.803948,668.2169324,0-20_16,NA,Corbicula,CFLU,0.141289787,0.104316939,4.864152804,0.141546847,4.722605957,0.056751262,0.043184431,2.103607721,0.061214985,2.042392736,0.245863785,0.104399416,4.759578805,2.055959567,0.080737021,0.059609679,2.779515888,0.080883912,2.698631975,0.032429293,0.024676818,1.202061555,0.034979991,1.167081564,0.140493592,0.059656809,2.719759317,1.174834038
SIPSEY,FAYETTE,2019,S1,33.682677,-87.803948,668.2169324,0-20_16,Equilibrium,Pleurobemini,FCER,0,0,0,0,0,0,0,0,0,0,0,0,0,0,0,0,0,0,0,0,0,0,0,0,0,0,0,NA
SIPSEY,FAYETTE,2019,S1,33.682677,-87.803948,668.2169324,0-20_16,Opportunistic,Lampsilini,LORN,5.401216401,3.870998675,90.06240456,10.42022021,79.64218435,0,0,0,0,0,14.29121888,0,81.17240208,0,3.086409372,2.211999243,51.46423118,5.954411547,45.50981963,0,0,0,0,0,8.16641079,0,46.38422976,0
SIPSEY,FAYETTE,2019,S1,33.682677,-87.803948,668.2169324,0-20_16,Periodic,Lampsilini,OREF,0,0,0,0,0,0,0,0,0,0,0,0,0,0,0,0,0,0,0,0,0,0,0,0,0,0,0,NA
SIPSEY,FAYETTE,2019,S1,33.682677,-87.803948,668.2169324,0-20_16,Equilibrium,Pleurobemini,PDEC,0,0,0,0,0,0,0,0,0,0,0,0,0,0,0,0,0,0,0,0,0,0,0,0,0,0,0,NA
SIPSEY,FAYETTE,2019,S1,33.682677,-87.803948,668.2169324,0-20_16,Equilibrium,Quadrulini,PKIE,1.001043504,0.890859055,35.53862824,2.651181667,32.88744658,0.065005692,0.058456306,2.000956933,0.149271387,1.851685545,3.542040722,0.207727693,32.99763103,1.858234931,0.57202486,0.509062317,20.30778757,1.514960953,18.79282662,0.03714611,0.033403603,1.143403961,0.085297936,1.058106026,2.02402327,0.118701539,18.85578916,1.061848532
SIPSEY,FAYETTE,2019,S1,33.682677,-87.803948,668.2169324,0-20_16,Periodic,Lampsilini,LSTR,0,0,0,0,0,0,0,0,0,0,0,0,0,0,0,0,0,0,0,0,0,0,0,0,0,0,0,NA
SIPSEY,FAYETTE,2019,S1,33.682677,-87.803948,668.2169324,0-20_16,Periodic,Lampsilini,MACU,0,0,0,0,0,0,0,0,0,0,0,0,0,0,0,0,0,0,0,0,0,0,0,0,0,0,0,NA
SIPSEY,FAYETTE,2019,S1,33.682677,-87.803948,668.2169324,0-20_16,Periodic,Lampsilini,OUNI,0,0,0,0,0,0,0,0,0,0,0,0,0,0,0,0,0,0,0,0,0,0,0,0,0,0,0,NA
SIPSEY,FAYETTE,2019,S1,33.682677,-87.803948,668.2169324,0-20_16,Equilibrium,Quadrulini,QVER,4.249650586,3.792253019,129.153228,7.9300082,121.2232198,0.033427503,0.036202882,0.996337784,0.06117514,0.935162644,11.72226122,0.097378022,121.6806174,0.932387264,2.428371763,2.167001725,73.80184458,4.531433257,69.27041132,0.01910143,0.020687361,0.569335876,0.034957223,0.534378654,6.698434982,0.055644584,69.53178136,0.532792723
SIPSEY,FAYETTE,2019,S1,33.682677,-87.803948,668.2169324,0-20_16,Periodic,Pleurobemini,EARC,0,0,0,0,0,0,0,0,0,0,0,0,0,0,0,0,0,0,0,0,0,0,0,0,0,0,0,NA
SIPSEY,FAYETTE,2019,S1,33.682677,-87.803948,668.2169324,0-20_16,Equilibrium,Amblemini,APLI,0,0,0,0,0,0,0,0,0,0,0,0,0,0,0,0,0,0,0,0,0,0,0,0,0,0,0,NA
SIPSEY,FAYETTE,2019,S1,33.682677,-87.803948,668.2169324,0-20_16,Equilibrium,Pleurobemini,REBE,0,0,0,0,0,0,0,0,0,0,0,0,0,0,0,0,0,0,0,0,0,0,0,0,0,0,0,NA
SIPSEY,FAYETTE,2019,S1,33.682677,-87.803948,668.2169324,0-20_16,Equilibrium,Quadrulini,QQUA,0,0,0,0,0,0,0,0,0,0,0,0,0,0,0,0,0,0,0,0,0,0,0,0,0,0,0,NA
SIPSEY,FAYETTE,2019,S1,33.682677,-87.803948,668.2169324,0-20_16,Opportunistic,Lampsilini,TDON,0,0,0,0,0,0,0,0,0,0,0,0,0,0,0,0,0,0,0,0,0,0,0,0,0,0,0,NA
SIPSEY,FAYETTE,2019,S1,33.682677,-87.803948,668.2169324,0-20_16,Equilibrium,Quadrulini,MNER,0,0,0,0,0,0,0,0,0,0,0,0,0,0,0,0,0,0,0,0,0,0,0,0,0,0,0,NA
SIPSEY,FAYETTE,2019,S1,33.682677,-87.803948,668.2169324,0-20_16,Periodic,Lampsilini,LLIE,0,0,0,0,0,0,0,0,0,0,0,0,0,0,0,0,0,0,0,0,0,0,0,0,0,0,0,NA
SIPSEY,FAYETTE,2019,S1,33.682677,-87.803948,668.2169324,0-20_16,Periodic,Lampsilini,ELIN,0,0,0,0,0,0,0,0,0,0,0,0,0,0,0,0,0,0,0,0,0,0,0,0,0,0,0,NA
SIPSEY,FAYETTE,2019,S1,33.682677,-87.803948,668.2169324,0-20_16,Opportunistic,Lampsilini,PFRA,0,0,0,0,0,0,0,0,0,0,0,0,0,0,0,0,0,0,0,0,0,0,0,0,0,0,0,NA
SIPSEY,FAYETTE,2019,S1,33.682677,-87.803948,668.2169324,0-20_16,Opportunistic,Lampsilini,LREC,0,0,0,0,0,0,0,0,0,0,0,0,0,0,0,0,0,0,0,0,0,0,0,0,0,0,0,NA
SIPSEY,FAYETTE,2019,S1,33.682677,-87.803948,668.2169324,0-20_16,Periodic,Lampsilini,OARK,0,0,0,0,0,0,0,0,0,0,0,0,0,0,0,0,0,0,0,0,0,0,0,0,0,0,0,NA
SIPSEY,FAYETTE,2019,S1,33.682677,-87.803948,668.2169324,0-20_16,Opportunistic,Lampsilini,PINF,0,0,0,0,0,0,0,0,0,0,0,0,0,0,0,0,0,0,0,0,0,0,0,0,0,0,0,NA
SIPSEY,FAYETTE,2019,S1,33.682677,-87.803948,668.2169324,0-20_16,Equilibrium,Pleurobemini,PPER,0,0,0,0,0,0,0,0,0,0,0,0,0,0,0,0,0,0,0,0,0,0,0,0,0,0,0,NA
SIPSEY,FAYETTE,2019,S1,33.682677,-87.803948,668.2169324,0-20_16,Opportunistic,Lampsilini,LTER,0,0,0,0,0,0,0,0,0,0,0,0,0,0,0,0,0,0,0,0,0,0,0,0,0,0,0,NA
SIPSEY,FAYETTE,2019,S1,33.682677,-87.803948,668.2169324,0-20_16,Periodic,Alasmodontini,SSUB,0,0,0,0,0,0,0,0,0,0,0,0,0,0,0,0,0,0,0,0,0,0,0,0,0,0,0,NA
SIPSEY,FAYETTE,2019,S1,33.682677,-87.803948,668.2169324,0-20_16,Opportunistic,Lampsilini,TPAR,0,0,0,0,0,0,0,0,0,0,0,0,0,0,0,0,0,0,0,0,0,0,0,0,0,0,0,NA
SIPSEY,FAYETTE,2019,S1,33.682677,-87.803948,668.2169324,0-20_16,Opportunistic,Lampsilini,PPUR,0,0,0,0,0,0,0,0,0,0,0,0,0,0,0,0,0,0,0,0,0,0,0,0,0,0,0,NA
SIPSEY,FAYETTE,2019,S1,33.682677,-87.803948,668.2169324,0-20_16,Periodic,Lampsilini,HPER,0,0,0,0,0,0,0,0,0,0,0,0,0,0,0,0,0,0,0,0,0,0,0,0,0,0,0,NA
SIPSEY,FAYETTE,2019,S1,33.682677,-87.803948,668.2169324,0-20_16,Periodic,Lampsilini,VVIB,0,0,0,0,0,0,0,0,0,0,0,0,0,0,0,0,0,0,0,0,0,0,0,0,0,0,0,NA
SIPSEY,FAYETTE,2019,S1,33.682677,-87.803948,668.2169324,0-20_16,Periodic,Pleurobemini,ECRA,0,0,0,0,0,0,0,0,0,0,0,0,0,0,0,0,0,0,0,0,0,0,0,0,0,0,0,NA
SIPSEY,FAYETTE,2019,S1,33.682677,-87.803948,668.2169324,0-20_16,Opportunistic,Lampsilini,TTRU,0,0,0,0,0,0,0,0,0,0,0,0,0,0,0,0,0,0,0,0,0,0,0,0,0,0,0,NA
SIPSEY,FAYETTE,2019,S1,33.682677,-87.803948,668.2169324,0-20_16,NA,Lampsilini,LAMP,0,0,0,0,0,0,0,0,0,0,0,0,0,0,0,0,0,0,0,0,0,0,0,0,0,0,0,NA
SIPSEY,FAYETTE,2019,S1,33.682677,-87.803948,668.2169324,0-20_16,Periodic,Anodontini,LCOM,0,0,0,0,0,0,0,0,0,0,0,0,0,0,0,0,0,0,0,0,0,0,0,0,0,0,0,NA
SIPSEY,FAYETTE,2019,S1,33.682677,-87.803948,668.2169324,0-20_4,NA,Corbicula,CFLU,0.013711379,0.010046297,0.461941955,0.013442511,0.448499444,0.001634447,0.001313081,0.067578372,0.001966531,0.065611841,0.023488807,0.003279612,0.452164526,0.065933207,0.009140919,0.006697531,0.307961303,0.008961674,0.298999629,0.001089631,0.000875387,0.045052248,0.00131102,0.043741227,0.015659205,0.002186408,0.301443018,0.043955471
SIPSEY,FAYETTE,2019,S1,33.682677,-87.803948,668.2169324,0-20_4,Equilibrium,Pleurobemini,FCER,0,0,0,0,0,0,0,0,0,0,0,0,0,0,0,0,0,0,0,0,0,0,0,0,0,0,0,NA
SIPSEY,FAYETTE,2019,S1,33.682677,-87.803948,668.2169324,0-20_4,Opportunistic,Lampsilini,LORN,0,0,0,0,0,0,0,0,0,0,0,0,0,0,0,0,0,0,0,0,0,0,0,0,0,0,0,NA
SIPSEY,FAYETTE,2019,S1,33.682677,-87.803948,668.2169324,0-20_4,Periodic,Lampsilini,OREF,0,0,0,0,0,0,0,0,0,0,0,0,0,0,0,0,0,0,0,0,0,0,0,0,0,0,0,NA
SIPSEY,FAYETTE,2019,S1,33.682677,-87.803948,668.2169324,0-20_4,Equilibrium,Pleurobemini,PDEC,0,0,0,0,0,0,0,0,0,0,0,0,0,0,0,0,0,0,0,0,0,0,0,0,0,0,0,NA
SIPSEY,FAYETTE,2019,S1,33.682677,-87.803948,668.2169324,0-20_4,Equilibrium,Quadrulini,PKIE,0.474834892,0.419169054,18.66947436,1.392742787,17.27673157,0.097960254,0.087308,3.375399165,0.251804778,3.123594387,1.811911841,0.339112777,17.33239741,3.134246641,0.316556595,0.279446036,12.44631624,0.928495191,11.51782105,0.065306836,0.058205333,2.25026611,0.167869852,2.082396258,1.207941227,0.226075185,11.55493161,2.089497761
SIPSEY,FAYETTE,2019,S1,33.682677,-87.803948,668.2169324,0-20_4,Periodic,Lampsilini,LSTR,0,0,0,0,0,0,0,0,0,0,0,0,0,0,0,0,0,0,0,0,0,0,0,0,0,0,0,NA
SIPSEY,FAYETTE,2019,S1,33.682677,-87.803948,668.2169324,0-20_4,Periodic,Lampsilini,MACU,0,0,0,0,0,0,0,0,0,0,0,0,0,0,0,0,0,0,0,0,0,0,0,0,0,0,0,NA
SIPSEY,FAYETTE,2019,S1,33.682677,-87.803948,668.2169324,0-20_4,Periodic,Lampsilini,OUNI,0,0,0,0,0,0,0,0,0,0,0,0,0,0,0,0,0,0,0,0,0,0,0,0,0,0,0,NA
SIPSEY,FAYETTE,2019,S1,33.682677,-87.803948,668.2169324,0-20_4,Equilibrium,Quadrulini,QVER,0,0,0,0,0,0,0,0,0,0,0,0,0,0,0,0,0,0,0,0,0,0,0,0,0,0,0,NA
SIPSEY,FAYETTE,2019,S1,33.682677,-87.803948,668.2169324,0-20_4,Periodic,Pleurobemini,EARC,0,0,0,0,0,0,0,0,0,0,0,0,0,0,0,0,0,0,0,0,0,0,0,0,0,0,0,NA
SIPSEY,FAYETTE,2019,S1,33.682677,-87.803948,668.2169324,0-20_4,Equilibrium,Amblemini,APLI,0,0,0,0,0,0,0,0,0,0,0,0,0,0,0,0,0,0,0,0,0,0,0,0,0,0,0,NA
SIPSEY,FAYETTE,2019,S1,33.682677,-87.803948,668.2169324,0-20_4,Equilibrium,Pleurobemini,REBE,0,0,0,0,0,0,0,0,0,0,0,0,0,0,0,0,0,0,0,0,0,0,0,0,0,0,0,NA
SIPSEY,FAYETTE,2019,S1,33.682677,-87.803948,668.2169324,0-20_4,Equilibrium,Quadrulini,QQUA,0,0,0,0,0,0,0,0,0,0,0,0,0,0,0,0,0,0,0,0,0,0,0,0,0,0,0,NA
SIPSEY,FAYETTE,2019,S1,33.682677,-87.803948,668.2169324,0-20_4,Opportunistic,Lampsilini,TDON,0,0,0,0,0,0,0,0,0,0,0,0,0,0,0,0,0,0,0,0,0,0,0,0,0,0,0,NA
SIPSEY,FAYETTE,2019,S1,33.682677,-87.803948,668.2169324,0-20_4,Equilibrium,Quadrulini,MNER,0,0,0,0,0,0,0,0,0,0,0,0,0,0,0,0,0,0,0,0,0,0,0,0,0,0,0,NA
SIPSEY,FAYETTE,2019,S1,33.682677,-87.803948,668.2169324,0-20_4,Periodic,Lampsilini,LLIE,0,0,0,0,0,0,0,0,0,0,0,0,0,0,0,0,0,0,0,0,0,0,0,0,0,0,0,NA
SIPSEY,FAYETTE,2019,S1,33.682677,-87.803948,668.2169324,0-20_4,Periodic,Lampsilini,ELIN,0,0,0,0,0,0,0,0,0,0,0,0,0,0,0,0,0,0,0,0,0,0,0,0,0,0,0,NA
SIPSEY,FAYETTE,2019,S1,33.682677,-87.803948,668.2169324,0-20_4,Opportunistic,Lampsilini,PFRA,0,0,0,0,0,0,0,0,0,0,0,0,0,0,0,0,0,0,0,0,0,0,0,0,0,0,0,NA
SIPSEY,FAYETTE,2019,S1,33.682677,-87.803948,668.2169324,0-20_4,Opportunistic,Lampsilini,LREC,0,0,0,0,0,0,0,0,0,0,0,0,0,0,0,0,0,0,0,0,0,0,0,0,0,0,0,NA
SIPSEY,FAYETTE,2019,S1,33.682677,-87.803948,668.2169324,0-20_4,Periodic,Lampsilini,OARK,0,0,0,0,0,0,0,0,0,0,0,0,0,0,0,0,0,0,0,0,0,0,0,0,0,0,0,NA
SIPSEY,FAYETTE,2019,S1,33.682677,-87.803948,668.2169324,0-20_4,Opportunistic,Lampsilini,PINF,0,0,0,0,0,0,0,0,0,0,0,0,0,0,0,0,0,0,0,0,0,0,0,0,0,0,0,NA
SIPSEY,FAYETTE,2019,S1,33.682677,-87.803948,668.2169324,0-20_4,Equilibrium,Pleurobemini,PPER,0,0,0,0,0,0,0,0,0,0,0,0,0,0,0,0,0,0,0,0,0,0,0,0,0,0,0,NA
SIPSEY,FAYETTE,2019,S1,33.682677,-87.803948,668.2169324,0-20_4,Opportunistic,Lampsilini,LTER,0,0,0,0,0,0,0,0,0,0,0,0,0,0,0,0,0,0,0,0,0,0,0,0,0,0,0,NA
SIPSEY,FAYETTE,2019,S1,33.682677,-87.803948,668.2169324,0-20_4,Periodic,Alasmodontini,SSUB,0,0,0,0,0,0,0,0,0,0,0,0,0,0,0,0,0,0,0,0,0,0,0,0,0,0,0,NA
SIPSEY,FAYETTE,2019,S1,33.682677,-87.803948,668.2169324,0-20_4,Opportunistic,Lampsilini,TPAR,0,0,0,0,0,0,0,0,0,0,0,0,0,0,0,0,0,0,0,0,0,0,0,0,0,0,0,NA
SIPSEY,FAYETTE,2019,S1,33.682677,-87.803948,668.2169324,0-20_4,Opportunistic,Lampsilini,PPUR,0,0,0,0,0,0,0,0,0,0,0,0,0,0,0,0,0,0,0,0,0,0,0,0,0,0,0,NA
SIPSEY,FAYETTE,2019,S1,33.682677,-87.803948,668.2169324,0-20_4,Periodic,Lampsilini,HPER,0,0,0,0,0,0,0,0,0,0,0,0,0,0,0,0,0,0,0,0,0,0,0,0,0,0,0,NA
SIPSEY,FAYETTE,2019,S1,33.682677,-87.803948,668.2169324,0-20_4,Periodic,Lampsilini,VVIB,0,0,0,0,0,0,0,0,0,0,0,0,0,0,0,0,0,0,0,0,0,0,0,0,0,0,0,NA
SIPSEY,FAYETTE,2019,S1,33.682677,-87.803948,668.2169324,0-20_4,Periodic,Pleurobemini,ECRA,0,0,0,0,0,0,0,0,0,0,0,0,0,0,0,0,0,0,0,0,0,0,0,0,0,0,0,NA
SIPSEY,FAYETTE,2019,S1,33.682677,-87.803948,668.2169324,0-20_4,Opportunistic,Lampsilini,TTRU,0,0,0,0,0,0,0,0,0,0,0,0,0,0,0,0,0,0,0,0,0,0,0,0,0,0,0,NA
SIPSEY,FAYETTE,2019,S1,33.682677,-87.803948,668.2169324,0-20_4,NA,Lampsilini,LAMP,0,0,0,0,0,0,0,0,0,0,0,0,0,0,0,0,0,0,0,0,0,0,0,0,0,0,0,NA
SIPSEY,FAYETTE,2019,S1,33.682677,-87.803948,668.2169324,0-20_4,Periodic,Anodontini,LCOM,0,0,0,0,0,0,0,0,0,0,0,0,0,0,0,0,0,0,0,0,0,0,0,0,0,0,0,NA
SIPSEY,FAYETTE,2019,S1,33.682677,-87.803948,668.2169324,20-40_0,NA,Corbicula,CFLU,0.021154918,0.015089256,0.668624515,0.019456973,0.649167542,0.021154918,0.015089256,0.668624515,0.019456973,0.649167542,0.03454623,0.03454623,0.655233203,0.655233203,0.016923934,0.012071405,0.534899612,0.015565579,0.519334033,0.016923934,0.012071405,0.534899612,0.015565579,0.519334033,0.027636984,0.027636984,0.524186563,0.524186563
SIPSEY,FAYETTE,2019,S1,33.682677,-87.803948,668.2169324,20-40_0,Equilibrium,Pleurobemini,FCER,0,0,0,0,0,0,0,0,0,0,0,0,0,0,0,0,0,0,0,0,0,0,0,0,0,0,0,NA
SIPSEY,FAYETTE,2019,S1,33.682677,-87.803948,668.2169324,20-40_0,Opportunistic,Lampsilini,LORN,0,0,0,0,0,0,0,0,0,0,0,0,0,0,0,0,0,0,0,0,0,0,0,0,0,0,0,NA
SIPSEY,FAYETTE,2019,S1,33.682677,-87.803948,668.2169324,20-40_0,Periodic,Lampsilini,OREF,0,0,0,0,0,0,0,0,0,0,0,0,0,0,0,0,0,0,0,0,0,0,0,0,0,0,0,NA
SIPSEY,FAYETTE,2019,S1,33.682677,-87.803948,668.2169324,20-40_0,Equilibrium,Pleurobemini,PDEC,0,0,0,0,0,0,0,0,0,0,0,0,0,0,0,0,0,0,0,0,0,0,0,0,0,0,0,NA
SIPSEY,FAYETTE,2019,S1,33.682677,-87.803948,668.2169324,20-40_0,Equilibrium,Quadrulini,PKIE,0,0,0,0,0,0,0,0,0,0,0,0,0,0,0,0,0,0,0,0,0,0,0,0,0,0,0,NA
SIPSEY,FAYETTE,2019,S1,33.682677,-87.803948,668.2169324,20-40_0,Periodic,Lampsilini,LSTR,0,0,0,0,0,0,0,0,0,0,0,0,0,0,0,0,0,0,0,0,0,0,0,0,0,0,0,NA
SIPSEY,FAYETTE,2019,S1,33.682677,-87.803948,668.2169324,20-40_0,Periodic,Lampsilini,MACU,0,0,0,0,0,0,0,0,0,0,0,0,0,0,0,0,0,0,0,0,0,0,0,0,0,0,0,NA
SIPSEY,FAYETTE,2019,S1,33.682677,-87.803948,668.2169324,20-40_0,Periodic,Lampsilini,OUNI,0,0,0,0,0,0,0,0,0,0,0,0,0,0,0,0,0,0,0,0,0,0,0,0,0,0,0,NA
SIPSEY,FAYETTE,2019,S1,33.682677,-87.803948,668.2169324,20-40_0,Equilibrium,Quadrulini,QVER,0,0,0,0,0,0,0,0,0,0,0,0,0,0,0,0,0,0,0,0,0,0,0,0,0,0,0,NA
SIPSEY,FAYETTE,2019,S1,33.682677,-87.803948,668.2169324,20-40_0,Periodic,Pleurobemini,EARC,0,0,0,0,0,0,0,0,0,0,0,0,0,0,0,0,0,0,0,0,0,0,0,0,0,0,0,NA
SIPSEY,FAYETTE,2019,S1,33.682677,-87.803948,668.2169324,20-40_0,Equilibrium,Amblemini,APLI,0,0,0,0,0,0,0,0,0,0,0,0,0,0,0,0,0,0,0,0,0,0,0,0,0,0,0,NA
SIPSEY,FAYETTE,2019,S1,33.682677,-87.803948,668.2169324,20-40_0,Equilibrium,Pleurobemini,REBE,0,0,0,0,0,0,0,0,0,0,0,0,0,0,0,0,0,0,0,0,0,0,0,0,0,0,0,NA
SIPSEY,FAYETTE,2019,S1,33.682677,-87.803948,668.2169324,20-40_0,Equilibrium,Quadrulini,QQUA,0,0,0,0,0,0,0,0,0,0,0,0,0,0,0,0,0,0,0,0,0,0,0,0,0,0,0,NA
SIPSEY,FAYETTE,2019,S1,33.682677,-87.803948,668.2169324,20-40_0,Opportunistic,Lampsilini,TDON,0,0,0,0,0,0,0,0,0,0,0,0,0,0,0,0,0,0,0,0,0,0,0,0,0,0,0,NA
SIPSEY,FAYETTE,2019,S1,33.682677,-87.803948,668.2169324,20-40_0,Equilibrium,Quadrulini,MNER,0,0,0,0,0,0,0,0,0,0,0,0,0,0,0,0,0,0,0,0,0,0,0,0,0,0,0,NA
SIPSEY,FAYETTE,2019,S1,33.682677,-87.803948,668.2169324,20-40_0,Periodic,Lampsilini,LLIE,0,0,0,0,0,0,0,0,0,0,0,0,0,0,0,0,0,0,0,0,0,0,0,0,0,0,0,NA
SIPSEY,FAYETTE,2019,S1,33.682677,-87.803948,668.2169324,20-40_0,Periodic,Lampsilini,ELIN,0,0,0,0,0,0,0,0,0,0,0,0,0,0,0,0,0,0,0,0,0,0,0,0,0,0,0,NA
SIPSEY,FAYETTE,2019,S1,33.682677,-87.803948,668.2169324,20-40_0,Opportunistic,Lampsilini,PFRA,0,0,0,0,0,0,0,0,0,0,0,0,0,0,0,0,0,0,0,0,0,0,0,0,0,0,0,NA
SIPSEY,FAYETTE,2019,S1,33.682677,-87.803948,668.2169324,20-40_0,Opportunistic,Lampsilini,LREC,0,0,0,0,0,0,0,0,0,0,0,0,0,0,0,0,0,0,0,0,0,0,0,0,0,0,0,NA
SIPSEY,FAYETTE,2019,S1,33.682677,-87.803948,668.2169324,20-40_0,Periodic,Lampsilini,OARK,0,0,0,0,0,0,0,0,0,0,0,0,0,0,0,0,0,0,0,0,0,0,0,0,0,0,0,NA
SIPSEY,FAYETTE,2019,S1,33.682677,-87.803948,668.2169324,20-40_0,Opportunistic,Lampsilini,PINF,0,0,0,0,0,0,0,0,0,0,0,0,0,0,0,0,0,0,0,0,0,0,0,0,0,0,0,NA
SIPSEY,FAYETTE,2019,S1,33.682677,-87.803948,668.2169324,20-40_0,Equilibrium,Pleurobemini,PPER,0,0,0,0,0,0,0,0,0,0,0,0,0,0,0,0,0,0,0,0,0,0,0,0,0,0,0,NA
SIPSEY,FAYETTE,2019,S1,33.682677,-87.803948,668.2169324,20-40_0,Opportunistic,Lampsilini,LTER,0,0,0,0,0,0,0,0,0,0,0,0,0,0,0,0,0,0,0,0,0,0,0,0,0,0,0,NA
SIPSEY,FAYETTE,2019,S1,33.682677,-87.803948,668.2169324,20-40_0,Periodic,Alasmodontini,SSUB,0,0,0,0,0,0,0,0,0,0,0,0,0,0,0,0,0,0,0,0,0,0,0,0,0,0,0,NA
SIPSEY,FAYETTE,2019,S1,33.682677,-87.803948,668.2169324,20-40_0,Opportunistic,Lampsilini,TPAR,0,0,0,0,0,0,0,0,0,0,0,0,0,0,0,0,0,0,0,0,0,0,0,0,0,0,0,NA
SIPSEY,FAYETTE,2019,S1,33.682677,-87.803948,668.2169324,20-40_0,Opportunistic,Lampsilini,PPUR,0,0,0,0,0,0,0,0,0,0,0,0,0,0,0,0,0,0,0,0,0,0,0,0,0,0,0,NA
SIPSEY,FAYETTE,2019,S1,33.682677,-87.803948,668.2169324,20-40_0,Periodic,Lampsilini,HPER,0,0,0,0,0,0,0,0,0,0,0,0,0,0,0,0,0,0,0,0,0,0,0,0,0,0,0,NA
SIPSEY,FAYETTE,2019,S1,33.682677,-87.803948,668.2169324,20-40_0,Periodic,Lampsilini,VVIB,0,0,0,0,0,0,0,0,0,0,0,0,0,0,0,0,0,0,0,0,0,0,0,0,0,0,0,NA
SIPSEY,FAYETTE,2019,S1,33.682677,-87.803948,668.2169324,20-40_0,Periodic,Pleurobemini,ECRA,0,0,0,0,0,0,0,0,0,0,0,0,0,0,0,0,0,0,0,0,0,0,0,0,0,0,0,NA
SIPSEY,FAYETTE,2019,S1,33.682677,-87.803948,668.2169324,20-40_0,Opportunistic,Lampsilini,TTRU,0,0,0,0,0,0,0,0,0,0,0,0,0,0,0,0,0,0,0,0,0,0,0,0,0,0,0,NA
SIPSEY,FAYETTE,2019,S1,33.682677,-87.803948,668.2169324,20-40_0,NA,Lampsilini,LAMP,0,0,0,0,0,0,0,0,0,0,0,0,0,0,0,0,0,0,0,0,0,0,0,0,0,0,0,NA
SIPSEY,FAYETTE,2019,S1,33.682677,-87.803948,668.2169324,20-40_0,Periodic,Anodontini,LCOM,0,0,0,0,0,0,0,0,0,0,0,0,0,0,0,0,0,0,0,0,0,0,0,0,0,0,0,NA
SIPSEY,FAYETTE,2019,S1,33.682677,-87.803948,668.2169324,20-40_10,NA,Corbicula,CFLU,0.295174573,0.22802443,11.37582479,0.331036502,11.04478829,0.174405252,0.140692276,7.432188962,0.216276699,7.215912263,0.559060932,0.356968975,11.11193844,7.249625238,0.236139659,0.182419544,9.100659835,0.264829201,8.835830634,0.139524202,0.112553821,5.945751169,0.173021359,5.77272981,0.447248746,0.28557518,8.889550748,5.799700191
SIPSEY,FAYETTE,2019,S1,33.682677,-87.803948,668.2169324,20-40_10,Equilibrium,Pleurobemini,FCER,0,0,0,0,0,0,0,0,0,0,0,0,0,0,0,0,0,0,0,0,0,0,0,0,0,0,0,NA
SIPSEY,FAYETTE,2019,S1,33.682677,-87.803948,668.2169324,20-40_10,Opportunistic,Lampsilini,LORN,0,0,0,0,0,0,0,0,0,0,0,0,0,0,0,0,0,0,0,0,0,0,0,0,0,0,0,NA
SIPSEY,FAYETTE,2019,S1,33.682677,-87.803948,668.2169324,20-40_10,Periodic,Lampsilini,OREF,0,0,0,0,0,0,0,0,0,0,0,0,0,0,0,0,0,0,0,0,0,0,0,0,0,0,0,NA
SIPSEY,FAYETTE,2019,S1,33.682677,-87.803948,668.2169324,20-40_10,Equilibrium,Pleurobemini,PDEC,0,0,0,0,0,0,0,0,0,0,0,0,0,0,0,0,0,0,0,0,0,0,0,0,0,0,0,NA
SIPSEY,FAYETTE,2019,S1,33.682677,-87.803948,668.2169324,20-40_10,Equilibrium,Quadrulini,PKIE,0,0,0,0,0,0,0,0,0,0,0,0,0,0,0,0,0,0,0,0,0,0,0,0,0,0,0,NA
SIPSEY,FAYETTE,2019,S1,33.682677,-87.803948,668.2169324,20-40_10,Periodic,Lampsilini,LSTR,0,0,0,0,0,0,0,0,0,0,0,0,0,0,0,0,0,0,0,0,0,0,0,0,0,0,0,NA
SIPSEY,FAYETTE,2019,S1,33.682677,-87.803948,668.2169324,20-40_10,Periodic,Lampsilini,MACU,0,0,0,0,0,0,0,0,0,0,0,0,0,0,0,0,0,0,0,0,0,0,0,0,0,0,0,NA
SIPSEY,FAYETTE,2019,S1,33.682677,-87.803948,668.2169324,20-40_10,Periodic,Lampsilini,OUNI,0,0,0,0,0,0,0,0,0,0,0,0,0,0,0,0,0,0,0,0,0,0,0,0,0,0,0,NA
SIPSEY,FAYETTE,2019,S1,33.682677,-87.803948,668.2169324,20-40_10,Equilibrium,Quadrulini,QVER,0.053436255,0.018636851,1.767454337,0.108521696,1.658932641,0.052176998,0.018440421,1.722671643,0.105772039,1.616899604,0.127158547,0.12421246,1.693732045,1.650636182,0.042749004,0.014909481,1.413963469,0.086817357,1.327146112,0.041741599,0.014752337,1.378137315,0.084617631,1.293519684,0.101726838,0.099369968,1.354985636,1.320508945
SIPSEY,FAYETTE,2019,S1,33.682677,-87.803948,668.2169324,20-40_10,Periodic,Pleurobemini,EARC,0,0,0,0,0,0,0,0,0,0,0,0,0,0,0,0,0,0,0,0,0,0,0,0,0,0,0,NA
SIPSEY,FAYETTE,2019,S1,33.682677,-87.803948,668.2169324,20-40_10,Equilibrium,Amblemini,APLI,0,0,0,0,0,0,0,0,0,0,0,0,0,0,0,0,0,0,0,0,0,0,0,0,0,0,0,NA
SIPSEY,FAYETTE,2019,S1,33.682677,-87.803948,668.2169324,20-40_10,Equilibrium,Pleurobemini,REBE,0,0,0,0,0,0,0,0,0,0,0,0,0,0,0,0,0,0,0,0,0,0,0,0,0,0,0,NA
SIPSEY,FAYETTE,2019,S1,33.682677,-87.803948,668.2169324,20-40_10,Equilibrium,Quadrulini,QQUA,0,0,0,0,0,0,0,0,0,0,0,0,0,0,0,0,0,0,0,0,0,0,0,0,0,0,0,NA
SIPSEY,FAYETTE,2019,S1,33.682677,-87.803948,668.2169324,20-40_10,Opportunistic,Lampsilini,TDON,0,0,0,0,0,0,0,0,0,0,0,0,0,0,0,0,0,0,0,0,0,0,0,0,0,0,0,NA
SIPSEY,FAYETTE,2019,S1,33.682677,-87.803948,668.2169324,20-40_10,Equilibrium,Quadrulini,MNER,0,0,0,0,0,0,0,0,0,0,0,0,0,0,0,0,0,0,0,0,0,0,0,0,0,0,0,NA
SIPSEY,FAYETTE,2019,S1,33.682677,-87.803948,668.2169324,20-40_10,Periodic,Lampsilini,LLIE,0,0,0,0,0,0,0,0,0,0,0,0,0,0,0,0,0,0,0,0,0,0,0,0,0,0,0,NA
SIPSEY,FAYETTE,2019,S1,33.682677,-87.803948,668.2169324,20-40_10,Periodic,Lampsilini,ELIN,0,0,0,0,0,0,0,0,0,0,0,0,0,0,0,0,0,0,0,0,0,0,0,0,0,0,0,NA
SIPSEY,FAYETTE,2019,S1,33.682677,-87.803948,668.2169324,20-40_10,Opportunistic,Lampsilini,PFRA,0,0,0,0,0,0,0,0,0,0,0,0,0,0,0,0,0,0,0,0,0,0,0,0,0,0,0,NA
SIPSEY,FAYETTE,2019,S1,33.682677,-87.803948,668.2169324,20-40_10,Opportunistic,Lampsilini,LREC,0,0,0,0,0,0,0,0,0,0,0,0,0,0,0,0,0,0,0,0,0,0,0,0,0,0,0,NA
SIPSEY,FAYETTE,2019,S1,33.682677,-87.803948,668.2169324,20-40_10,Periodic,Lampsilini,OARK,0,0,0,0,0,0,0,0,0,0,0,0,0,0,0,0,0,0,0,0,0,0,0,0,0,0,0,NA
SIPSEY,FAYETTE,2019,S1,33.682677,-87.803948,668.2169324,20-40_10,Opportunistic,Lampsilini,PINF,0,0,0,0,0,0,0,0,0,0,0,0,0,0,0,0,0,0,0,0,0,0,0,0,0,0,0,NA
SIPSEY,FAYETTE,2019,S1,33.682677,-87.803948,668.2169324,20-40_10,Equilibrium,Pleurobemini,PPER,0,0,0,0,0,0,0,0,0,0,0,0,0,0,0,0,0,0,0,0,0,0,0,0,0,0,0,NA
SIPSEY,FAYETTE,2019,S1,33.682677,-87.803948,668.2169324,20-40_10,Opportunistic,Lampsilini,LTER,0,0,0,0,0,0,0,0,0,0,0,0,0,0,0,0,0,0,0,0,0,0,0,0,0,0,0,NA
SIPSEY,FAYETTE,2019,S1,33.682677,-87.803948,668.2169324,20-40_10,Periodic,Alasmodontini,SSUB,0,0,0,0,0,0,0,0,0,0,0,0,0,0,0,0,0,0,0,0,0,0,0,0,0,0,0,NA
SIPSEY,FAYETTE,2019,S1,33.682677,-87.803948,668.2169324,20-40_10,Opportunistic,Lampsilini,TPAR,0,0,0,0,0,0,0,0,0,0,0,0,0,0,0,0,0,0,0,0,0,0,0,0,0,0,0,NA
SIPSEY,FAYETTE,2019,S1,33.682677,-87.803948,668.2169324,20-40_10,Opportunistic,Lampsilini,PPUR,0,0,0,0,0,0,0,0,0,0,0,0,0,0,0,0,0,0,0,0,0,0,0,0,0,0,0,NA
SIPSEY,FAYETTE,2019,S1,33.682677,-87.803948,668.2169324,20-40_10,Periodic,Lampsilini,HPER,0,0,0,0,0,0,0,0,0,0,0,0,0,0,0,0,0,0,0,0,0,0,0,0,0,0,0,NA
SIPSEY,FAYETTE,2019,S1,33.682677,-87.803948,668.2169324,20-40_10,Periodic,Lampsilini,VVIB,0,0,0,0,0,0,0,0,0,0,0,0,0,0,0,0,0,0,0,0,0,0,0,0,0,0,0,NA
SIPSEY,FAYETTE,2019,S1,33.682677,-87.803948,668.2169324,20-40_10,Periodic,Pleurobemini,ECRA,0,0,0,0,0,0,0,0,0,0,0,0,0,0,0,0,0,0,0,0,0,0,0,0,0,0,0,NA
SIPSEY,FAYETTE,2019,S1,33.682677,-87.803948,668.2169324,20-40_10,Opportunistic,Lampsilini,TTRU,0,0,0,0,0,0,0,0,0,0,0,0,0,0,0,0,0,0,0,0,0,0,0,0,0,0,0,NA
SIPSEY,FAYETTE,2019,S1,33.682677,-87.803948,668.2169324,20-40_10,NA,Lampsilini,LAMP,0,0,0,0,0,0,0,0,0,0,0,0,0,0,0,0,0,0,0,0,0,0,0,0,0,0,0,NA
SIPSEY,FAYETTE,2019,S1,33.682677,-87.803948,668.2169324,20-40_10,Periodic,Anodontini,LCOM,0,0,0,0,0,0,0,0,0,0,0,0,0,0,0,0,0,0,0,0,0,0,0,0,0,0,0,NA
SIPSEY,FAYETTE,2019,S1,33.682677,-87.803948,668.2169324,20-40_16,NA,Corbicula,CFLU,0.10515807,0.077002875,3.542264405,0.103079894,3.439184511,0.056850341,0.042070013,1.964810072,0.057175973,1.907634099,0.180082769,0.099245987,3.467339705,1.922414427,0.084126456,0.0616023,2.833811524,0.082463915,2.751347609,0.045480273,0.033656011,1.571848058,0.045740778,1.526107279,0.144066215,0.079396789,2.773871764,1.537931541
SIPSEY,FAYETTE,2019,S1,33.682677,-87.803948,668.2169324,20-40_16,Equilibrium,Pleurobemini,FCER,0,0,0,0,0,0,0,0,0,0,0,0,0,0,0,0,0,0,0,0,0,0,0,0,0,0,0,NA
SIPSEY,FAYETTE,2019,S1,33.682677,-87.803948,668.2169324,20-40_16,Opportunistic,Lampsilini,LORN,0,0,0,0,0,0,0,0,0,0,0,0,0,0,0,0,0,0,0,0,0,0,0,0,0,0,0,NA
SIPSEY,FAYETTE,2019,S1,33.682677,-87.803948,668.2169324,20-40_16,Periodic,Lampsilini,OREF,0,0,0,0,0,0,0,0,0,0,0,0,0,0,0,0,0,0,0,0,0,0,0,0,0,0,0,NA
SIPSEY,FAYETTE,2019,S1,33.682677,-87.803948,668.2169324,20-40_16,Equilibrium,Pleurobemini,PDEC,0,0,0,0,0,0,0,0,0,0,0,0,0,0,0,0,0,0,0,0,0,0,0,0,0,0,0,NA
SIPSEY,FAYETTE,2019,S1,33.682677,-87.803948,668.2169324,20-40_16,Equilibrium,Quadrulini,PKIE,0,0,0,0,0,0,0,0,0,0,0,0,0,0,0,0,0,0,0,0,0,0,0,0,0,0,0,NA
SIPSEY,FAYETTE,2019,S1,33.682677,-87.803948,668.2169324,20-40_16,Periodic,Lampsilini,LSTR,0,0,0,0,0,0,0,0,0,0,0,0,0,0,0,0,0,0,0,0,0,0,0,0,0,0,0,NA
SIPSEY,FAYETTE,2019,S1,33.682677,-87.803948,668.2169324,20-40_16,Periodic,Lampsilini,MACU,0,0,0,0,0,0,0,0,0,0,0,0,0,0,0,0,0,0,0,0,0,0,0,0,0,0,0,NA
SIPSEY,FAYETTE,2019,S1,33.682677,-87.803948,668.2169324,20-40_16,Periodic,Lampsilini,OUNI,0,0,0,0,0,0,0,0,0,0,0,0,0,0,0,0,0,0,0,0,0,0,0,0,0,0,0,NA
SIPSEY,FAYETTE,2019,S1,33.682677,-87.803948,668.2169324,20-40_16,Equilibrium,Quadrulini,QVER,0,0,0,0,0,0,0,0,0,0,0,0,0,0,0,0,0,0,0,0,0,0,0,0,0,0,0,NA
SIPSEY,FAYETTE,2019,S1,33.682677,-87.803948,668.2169324,20-40_16,Periodic,Pleurobemini,EARC,0,0,0,0,0,0,0,0,0,0,0,0,0,0,0,0,0,0,0,0,0,0,0,0,0,0,0,NA
SIPSEY,FAYETTE,2019,S1,33.682677,-87.803948,668.2169324,20-40_16,Equilibrium,Amblemini,APLI,0,0,0,0,0,0,0,0,0,0,0,0,0,0,0,0,0,0,0,0,0,0,0,0,0,0,0,NA
SIPSEY,FAYETTE,2019,S1,33.682677,-87.803948,668.2169324,20-40_16,Equilibrium,Pleurobemini,REBE,0,0,0,0,0,0,0,0,0,0,0,0,0,0,0,0,0,0,0,0,0,0,0,0,0,0,0,NA
SIPSEY,FAYETTE,2019,S1,33.682677,-87.803948,668.2169324,20-40_16,Equilibrium,Quadrulini,QQUA,0,0,0,0,0,0,0,0,0,0,0,0,0,0,0,0,0,0,0,0,0,0,0,0,0,0,0,NA
SIPSEY,FAYETTE,2019,S1,33.682677,-87.803948,668.2169324,20-40_16,Opportunistic,Lampsilini,TDON,0,0,0,0,0,0,0,0,0,0,0,0,0,0,0,0,0,0,0,0,0,0,0,0,0,0,0,NA
SIPSEY,FAYETTE,2019,S1,33.682677,-87.803948,668.2169324,20-40_16,Equilibrium,Quadrulini,MNER,0,0,0,0,0,0,0,0,0,0,0,0,0,0,0,0,0,0,0,0,0,0,0,0,0,0,0,NA
SIPSEY,FAYETTE,2019,S1,33.682677,-87.803948,668.2169324,20-40_16,Periodic,Lampsilini,LLIE,0,0,0,0,0,0,0,0,0,0,0,0,0,0,0,0,0,0,0,0,0,0,0,0,0,0,0,NA
SIPSEY,FAYETTE,2019,S1,33.682677,-87.803948,668.2169324,20-40_16,Periodic,Lampsilini,ELIN,0,0,0,0,0,0,0,0,0,0,0,0,0,0,0,0,0,0,0,0,0,0,0,0,0,0,0,NA
SIPSEY,FAYETTE,2019,S1,33.682677,-87.803948,668.2169324,20-40_16,Opportunistic,Lampsilini,PFRA,0,0,0,0,0,0,0,0,0,0,0,0,0,0,0,0,0,0,0,0,0,0,0,0,0,0,0,NA
SIPSEY,FAYETTE,2019,S1,33.682677,-87.803948,668.2169324,20-40_16,Opportunistic,Lampsilini,LREC,0,0,0,0,0,0,0,0,0,0,0,0,0,0,0,0,0,0,0,0,0,0,0,0,0,0,0,NA
SIPSEY,FAYETTE,2019,S1,33.682677,-87.803948,668.2169324,20-40_16,Periodic,Lampsilini,OARK,0,0,0,0,0,0,0,0,0,0,0,0,0,0,0,0,0,0,0,0,0,0,0,0,0,0,0,NA
SIPSEY,FAYETTE,2019,S1,33.682677,-87.803948,668.2169324,20-40_16,Opportunistic,Lampsilini,PINF,0,0,0,0,0,0,0,0,0,0,0,0,0,0,0,0,0,0,0,0,0,0,0,0,0,0,0,NA
SIPSEY,FAYETTE,2019,S1,33.682677,-87.803948,668.2169324,20-40_16,Equilibrium,Pleurobemini,PPER,0,0,0,0,0,0,0,0,0,0,0,0,0,0,0,0,0,0,0,0,0,0,0,0,0,0,0,NA
SIPSEY,FAYETTE,2019,S1,33.682677,-87.803948,668.2169324,20-40_16,Opportunistic,Lampsilini,LTER,0,0,0,0,0,0,0,0,0,0,0,0,0,0,0,0,0,0,0,0,0,0,0,0,0,0,0,NA
SIPSEY,FAYETTE,2019,S1,33.682677,-87.803948,668.2169324,20-40_16,Periodic,Alasmodontini,SSUB,0,0,0,0,0,0,0,0,0,0,0,0,0,0,0,0,0,0,0,0,0,0,0,0,0,0,0,NA
SIPSEY,FAYETTE,2019,S1,33.682677,-87.803948,668.2169324,20-40_16,Opportunistic,Lampsilini,TPAR,0,0,0,0,0,0,0,0,0,0,0,0,0,0,0,0,0,0,0,0,0,0,0,0,0,0,0,NA
SIPSEY,FAYETTE,2019,S1,33.682677,-87.803948,668.2169324,20-40_16,Opportunistic,Lampsilini,PPUR,0,0,0,0,0,0,0,0,0,0,0,0,0,0,0,0,0,0,0,0,0,0,0,0,0,0,0,NA
SIPSEY,FAYETTE,2019,S1,33.682677,-87.803948,668.2169324,20-40_16,Periodic,Lampsilini,HPER,0,0,0,0,0,0,0,0,0,0,0,0,0,0,0,0,0,0,0,0,0,0,0,0,0,0,0,NA
SIPSEY,FAYETTE,2019,S1,33.682677,-87.803948,668.2169324,20-40_16,Periodic,Lampsilini,VVIB,0,0,0,0,0,0,0,0,0,0,0,0,0,0,0,0,0,0,0,0,0,0,0,0,0,0,0,NA
SIPSEY,FAYETTE,2019,S1,33.682677,-87.803948,668.2169324,20-40_16,Periodic,Pleurobemini,ECRA,0,0,0,0,0,0,0,0,0,0,0,0,0,0,0,0,0,0,0,0,0,0,0,0,0,0,0,NA
SIPSEY,FAYETTE,2019,S1,33.682677,-87.803948,668.2169324,20-40_16,Opportunistic,Lampsilini,TTRU,0,0,0,0,0,0,0,0,0,0,0,0,0,0,0,0,0,0,0,0,0,0,0,0,0,0,0,NA
SIPSEY,FAYETTE,2019,S1,33.682677,-87.803948,668.2169324,20-40_16,NA,Lampsilini,LAMP,0,0,0,0,0,0,0,0,0,0,0,0,0,0,0,0,0,0,0,0,0,0,0,0,0,0,0,NA
SIPSEY,FAYETTE,2019,S1,33.682677,-87.803948,668.2169324,20-40_16,Periodic,Anodontini,LCOM,0,0,0,0,0,0,0,0,0,0,0,0,0,0,0,0,0,0,0,0,0,0,0,0,0,0,0,NA
SIPSEY,FAYETTE,2019,S1,33.682677,-87.803948,668.2169324,20-40_4,NA,Corbicula,CFLU,0.016391346,0.011442367,0.492901123,0.014343423,0.4785577,0.016391346,0.011442367,0.492901123,0.014343423,0.4785577,0.02578579,0.02578579,0.483506679,0.483506679,0.013113077,0.009153894,0.394320898,0.011474738,0.38284616,0.013113077,0.009153894,0.394320898,0.011474738,0.38284616,0.020628632,0.020628632,0.386805343,0.386805343
SIPSEY,FAYETTE,2019,S1,33.682677,-87.803948,668.2169324,20-40_4,Equilibrium,Pleurobemini,FCER,0.453886418,0.398463007,19.45967132,1.015794843,18.44387647,0.090805789,0.077114514,3.479830333,0.181647143,3.298183189,1.41425785,0.258761658,18.49929988,3.311874463,0.363109134,0.318770406,15.56773705,0.812635874,14.75510118,0.072644631,0.061691611,2.783864266,0.145317715,2.638546551,1.13140628,0.207009326,14.79943991,2.649499571
SIPSEY,FAYETTE,2019,S1,33.682677,-87.803948,668.2169324,20-40_4,Opportunistic,Lampsilini,LORN,0,0,0,0,0,0,0,0,0,0,0,0,0,0,0,0,0,0,0,0,0,0,0,0,0,0,0,NA
SIPSEY,FAYETTE,2019,S1,33.682677,-87.803948,668.2169324,20-40_4,Periodic,Lampsilini,OREF,0,0,0,0,0,0,0,0,0,0,0,0,0,0,0,0,0,0,0,0,0,0,0,0,0,0,0,NA
SIPSEY,FAYETTE,2019,S1,33.682677,-87.803948,668.2169324,20-40_4,Equilibrium,Pleurobemini,PDEC,0,0,0,0,0,0,0,0,0,0,0,0,0,0,0,0,0,0,0,0,0,0,0,0,0,0,0,NA
SIPSEY,FAYETTE,2019,S1,33.682677,-87.803948,668.2169324,20-40_4,Equilibrium,Quadrulini,PKIE,0,0,0,0,0,0,0,0,0,0,0,0,0,0,0,0,0,0,0,0,0,0,0,0,0,0,0,NA
SIPSEY,FAYETTE,2019,S1,33.682677,-87.803948,668.2169324,20-40_4,Periodic,Lampsilini,LSTR,0,0,0,0,0,0,0,0,0,0,0,0,0,0,0,0,0,0,0,0,0,0,0,0,0,0,0,NA
SIPSEY,FAYETTE,2019,S1,33.682677,-87.803948,668.2169324,20-40_4,Periodic,Lampsilini,MACU,0,0,0,0,0,0,0,0,0,0,0,0,0,0,0,0,0,0,0,0,0,0,0,0,0,0,0,NA
SIPSEY,FAYETTE,2019,S1,33.682677,-87.803948,668.2169324,20-40_4,Periodic,Lampsilini,OUNI,0,0,0,0,0,0,0,0,0,0,0,0,0,0,0,0,0,0,0,0,0,0,0,0,0,0,0,NA
SIPSEY,FAYETTE,2019,S1,33.682677,-87.803948,668.2169324,20-40_4,Equilibrium,Quadrulini,QVER,0,0,0,0,0,0,0,0,0,0,0,0,0,0,0,0,0,0,0,0,0,0,0,0,0,0,0,NA
SIPSEY,FAYETTE,2019,S1,33.682677,-87.803948,668.2169324,20-40_4,Periodic,Pleurobemini,EARC,0,0,0,0,0,0,0,0,0,0,0,0,0,0,0,0,0,0,0,0,0,0,0,0,0,0,0,NA
SIPSEY,FAYETTE,2019,S1,33.682677,-87.803948,668.2169324,20-40_4,Equilibrium,Amblemini,APLI,0,0,0,0,0,0,0,0,0,0,0,0,0,0,0,0,0,0,0,0,0,0,0,0,0,0,0,NA
SIPSEY,FAYETTE,2019,S1,33.682677,-87.803948,668.2169324,20-40_4,Equilibrium,Pleurobemini,REBE,0,0,0,0,0,0,0,0,0,0,0,0,0,0,0,0,0,0,0,0,0,0,0,0,0,0,0,NA
SIPSEY,FAYETTE,2019,S1,33.682677,-87.803948,668.2169324,20-40_4,Equilibrium,Quadrulini,QQUA,0,0,0,0,0,0,0,0,0,0,0,0,0,0,0,0,0,0,0,0,0,0,0,0,0,0,0,NA
SIPSEY,FAYETTE,2019,S1,33.682677,-87.803948,668.2169324,20-40_4,Opportunistic,Lampsilini,TDON,0,0,0,0,0,0,0,0,0,0,0,0,0,0,0,0,0,0,0,0,0,0,0,0,0,0,0,NA
SIPSEY,FAYETTE,2019,S1,33.682677,-87.803948,668.2169324,20-40_4,Equilibrium,Quadrulini,MNER,0,0,0,0,0,0,0,0,0,0,0,0,0,0,0,0,0,0,0,0,0,0,0,0,0,0,0,NA
SIPSEY,FAYETTE,2019,S1,33.682677,-87.803948,668.2169324,20-40_4,Periodic,Lampsilini,LLIE,0,0,0,0,0,0,0,0,0,0,0,0,0,0,0,0,0,0,0,0,0,0,0,0,0,0,0,NA
SIPSEY,FAYETTE,2019,S1,33.682677,-87.803948,668.2169324,20-40_4,Periodic,Lampsilini,ELIN,0,0,0,0,0,0,0,0,0,0,0,0,0,0,0,0,0,0,0,0,0,0,0,0,0,0,0,NA
SIPSEY,FAYETTE,2019,S1,33.682677,-87.803948,668.2169324,20-40_4,Opportunistic,Lampsilini,PFRA,0,0,0,0,0,0,0,0,0,0,0,0,0,0,0,0,0,0,0,0,0,0,0,0,0,0,0,NA
SIPSEY,FAYETTE,2019,S1,33.682677,-87.803948,668.2169324,20-40_4,Opportunistic,Lampsilini,LREC,0,0,0,0,0,0,0,0,0,0,0,0,0,0,0,0,0,0,0,0,0,0,0,0,0,0,0,NA
SIPSEY,FAYETTE,2019,S1,33.682677,-87.803948,668.2169324,20-40_4,Periodic,Lampsilini,OARK,0,0,0,0,0,0,0,0,0,0,0,0,0,0,0,0,0,0,0,0,0,0,0,0,0,0,0,NA
SIPSEY,FAYETTE,2019,S1,33.682677,-87.803948,668.2169324,20-40_4,Opportunistic,Lampsilini,PINF,0,0,0,0,0,0,0,0,0,0,0,0,0,0,0,0,0,0,0,0,0,0,0,0,0,0,0,NA
SIPSEY,FAYETTE,2019,S1,33.682677,-87.803948,668.2169324,20-40_4,Equilibrium,Pleurobemini,PPER,0,0,0,0,0,0,0,0,0,0,0,0,0,0,0,0,0,0,0,0,0,0,0,0,0,0,0,NA
SIPSEY,FAYETTE,2019,S1,33.682677,-87.803948,668.2169324,20-40_4,Opportunistic,Lampsilini,LTER,0,0,0,0,0,0,0,0,0,0,0,0,0,0,0,0,0,0,0,0,0,0,0,0,0,0,0,NA
SIPSEY,FAYETTE,2019,S1,33.682677,-87.803948,668.2169324,20-40_4,Periodic,Alasmodontini,SSUB,0,0,0,0,0,0,0,0,0,0,0,0,0,0,0,0,0,0,0,0,0,0,0,0,0,0,0,NA
SIPSEY,FAYETTE,2019,S1,33.682677,-87.803948,668.2169324,20-40_4,Opportunistic,Lampsilini,TPAR,0,0,0,0,0,0,0,0,0,0,0,0,0,0,0,0,0,0,0,0,0,0,0,0,0,0,0,NA
SIPSEY,FAYETTE,2019,S1,33.682677,-87.803948,668.2169324,20-40_4,Opportunistic,Lampsilini,PPUR,0,0,0,0,0,0,0,0,0,0,0,0,0,0,0,0,0,0,0,0,0,0,0,0,0,0,0,NA
SIPSEY,FAYETTE,2019,S1,33.682677,-87.803948,668.2169324,20-40_4,Periodic,Lampsilini,HPER,0,0,0,0,0,0,0,0,0,0,0,0,0,0,0,0,0,0,0,0,0,0,0,0,0,0,0,NA
SIPSEY,FAYETTE,2019,S1,33.682677,-87.803948,668.2169324,20-40_4,Periodic,Lampsilini,VVIB,0,0,0,0,0,0,0,0,0,0,0,0,0,0,0,0,0,0,0,0,0,0,0,0,0,0,0,NA
SIPSEY,FAYETTE,2019,S1,33.682677,-87.803948,668.2169324,20-40_4,Periodic,Pleurobemini,ECRA,0,0,0,0,0,0,0,0,0,0,0,0,0,0,0,0,0,0,0,0,0,0,0,0,0,0,0,NA
SIPSEY,FAYETTE,2019,S1,33.682677,-87.803948,668.2169324,20-40_4,Opportunistic,Lampsilini,TTRU,0,0,0,0,0,0,0,0,0,0,0,0,0,0,0,0,0,0,0,0,0,0,0,0,0,0,0,NA
SIPSEY,FAYETTE,2019,S1,33.682677,-87.803948,668.2169324,20-40_4,NA,Lampsilini,LAMP,0,0,0,0,0,0,0,0,0,0,0,0,0,0,0,0,0,0,0,0,0,0,0,0,0,0,0,NA
SIPSEY,FAYETTE,2019,S1,33.682677,-87.803948,668.2169324,20-40_4,Periodic,Anodontini,LCOM,0,0,0,0,0,0,0,0,0,0,0,0,0,0,0,0,0,0,0,0,0,0,0,0,0,0,0,NA
SIPSEY,FAYETTE,2019,S1,33.682677,-87.803948,668.2169324,40-60_0,NA,Corbicula,CFLU,0.021154918,0.015089256,0.668624515,0.019456973,0.649167542,0.021154918,0.015089256,0.668624515,0.019456973,0.649167542,0.03454623,0.03454623,0.655233203,0.655233203,0.016923934,0.012071405,0.534899612,0.015565579,0.519334033,0.016923934,0.012071405,0.534899612,0.015565579,0.519334033,0.027636984,0.027636984,0.524186563,0.524186563
SIPSEY,FAYETTE,2019,S1,33.682677,-87.803948,668.2169324,40-60_0,Equilibrium,Pleurobemini,FCER,0,0,0,0,0,0,0,0,0,0,0,0,0,0,0,0,0,0,0,0,0,0,0,0,0,0,0,NA
SIPSEY,FAYETTE,2019,S1,33.682677,-87.803948,668.2169324,40-60_0,Opportunistic,Lampsilini,LORN,0,0,0,0,0,0,0,0,0,0,0,0,0,0,0,0,0,0,0,0,0,0,0,0,0,0,0,NA
SIPSEY,FAYETTE,2019,S1,33.682677,-87.803948,668.2169324,40-60_0,Periodic,Lampsilini,OREF,0,0,0,0,0,0,0,0,0,0,0,0,0,0,0,0,0,0,0,0,0,0,0,0,0,0,0,NA
SIPSEY,FAYETTE,2019,S1,33.682677,-87.803948,668.2169324,40-60_0,Equilibrium,Pleurobemini,PDEC,0,0,0,0,0,0,0,0,0,0,0,0,0,0,0,0,0,0,0,0,0,0,0,0,0,0,0,NA
SIPSEY,FAYETTE,2019,S1,33.682677,-87.803948,668.2169324,40-60_0,Equilibrium,Quadrulini,PKIE,0,0,0,0,0,0,0,0,0,0,0,0,0,0,0,0,0,0,0,0,0,0,0,0,0,0,0,NA
SIPSEY,FAYETTE,2019,S1,33.682677,-87.803948,668.2169324,40-60_0,Periodic,Lampsilini,LSTR,0,0,0,0,0,0,0,0,0,0,0,0,0,0,0,0,0,0,0,0,0,0,0,0,0,0,0,NA
SIPSEY,FAYETTE,2019,S1,33.682677,-87.803948,668.2169324,40-60_0,Periodic,Lampsilini,MACU,0,0,0,0,0,0,0,0,0,0,0,0,0,0,0,0,0,0,0,0,0,0,0,0,0,0,0,NA
SIPSEY,FAYETTE,2019,S1,33.682677,-87.803948,668.2169324,40-60_0,Periodic,Lampsilini,OUNI,0,0,0,0,0,0,0,0,0,0,0,0,0,0,0,0,0,0,0,0,0,0,0,0,0,0,0,NA
SIPSEY,FAYETTE,2019,S1,33.682677,-87.803948,668.2169324,40-60_0,Equilibrium,Quadrulini,QVER,0,0,0,0,0,0,0,0,0,0,0,0,0,0,0,0,0,0,0,0,0,0,0,0,0,0,0,NA
SIPSEY,FAYETTE,2019,S1,33.682677,-87.803948,668.2169324,40-60_0,Periodic,Pleurobemini,EARC,0,0,0,0,0,0,0,0,0,0,0,0,0,0,0,0,0,0,0,0,0,0,0,0,0,0,0,NA
SIPSEY,FAYETTE,2019,S1,33.682677,-87.803948,668.2169324,40-60_0,Equilibrium,Amblemini,APLI,0,0,0,0,0,0,0,0,0,0,0,0,0,0,0,0,0,0,0,0,0,0,0,0,0,0,0,NA
SIPSEY,FAYETTE,2019,S1,33.682677,-87.803948,668.2169324,40-60_0,Equilibrium,Pleurobemini,REBE,0,0,0,0,0,0,0,0,0,0,0,0,0,0,0,0,0,0,0,0,0,0,0,0,0,0,0,NA
SIPSEY,FAYETTE,2019,S1,33.682677,-87.803948,668.2169324,40-60_0,Equilibrium,Quadrulini,QQUA,0,0,0,0,0,0,0,0,0,0,0,0,0,0,0,0,0,0,0,0,0,0,0,0,0,0,0,NA
SIPSEY,FAYETTE,2019,S1,33.682677,-87.803948,668.2169324,40-60_0,Opportunistic,Lampsilini,TDON,0,0,0,0,0,0,0,0,0,0,0,0,0,0,0,0,0,0,0,0,0,0,0,0,0,0,0,NA
SIPSEY,FAYETTE,2019,S1,33.682677,-87.803948,668.2169324,40-60_0,Equilibrium,Quadrulini,MNER,0,0,0,0,0,0,0,0,0,0,0,0,0,0,0,0,0,0,0,0,0,0,0,0,0,0,0,NA
SIPSEY,FAYETTE,2019,S1,33.682677,-87.803948,668.2169324,40-60_0,Periodic,Lampsilini,LLIE,0,0,0,0,0,0,0,0,0,0,0,0,0,0,0,0,0,0,0,0,0,0,0,0,0,0,0,NA
SIPSEY,FAYETTE,2019,S1,33.682677,-87.803948,668.2169324,40-60_0,Periodic,Lampsilini,ELIN,0,0,0,0,0,0,0,0,0,0,0,0,0,0,0,0,0,0,0,0,0,0,0,0,0,0,0,NA
SIPSEY,FAYETTE,2019,S1,33.682677,-87.803948,668.2169324,40-60_0,Opportunistic,Lampsilini,PFRA,0,0,0,0,0,0,0,0,0,0,0,0,0,0,0,0,0,0,0,0,0,0,0,0,0,0,0,NA
SIPSEY,FAYETTE,2019,S1,33.682677,-87.803948,668.2169324,40-60_0,Opportunistic,Lampsilini,LREC,0,0,0,0,0,0,0,0,0,0,0,0,0,0,0,0,0,0,0,0,0,0,0,0,0,0,0,NA
SIPSEY,FAYETTE,2019,S1,33.682677,-87.803948,668.2169324,40-60_0,Periodic,Lampsilini,OARK,0,0,0,0,0,0,0,0,0,0,0,0,0,0,0,0,0,0,0,0,0,0,0,0,0,0,0,NA
SIPSEY,FAYETTE,2019,S1,33.682677,-87.803948,668.2169324,40-60_0,Opportunistic,Lampsilini,PINF,0,0,0,0,0,0,0,0,0,0,0,0,0,0,0,0,0,0,0,0,0,0,0,0,0,0,0,NA
SIPSEY,FAYETTE,2019,S1,33.682677,-87.803948,668.2169324,40-60_0,Equilibrium,Pleurobemini,PPER,0,0,0,0,0,0,0,0,0,0,0,0,0,0,0,0,0,0,0,0,0,0,0,0,0,0,0,NA
SIPSEY,FAYETTE,2019,S1,33.682677,-87.803948,668.2169324,40-60_0,Opportunistic,Lampsilini,LTER,0,0,0,0,0,0,0,0,0,0,0,0,0,0,0,0,0,0,0,0,0,0,0,0,0,0,0,NA
SIPSEY,FAYETTE,2019,S1,33.682677,-87.803948,668.2169324,40-60_0,Periodic,Alasmodontini,SSUB,0,0,0,0,0,0,0,0,0,0,0,0,0,0,0,0,0,0,0,0,0,0,0,0,0,0,0,NA
SIPSEY,FAYETTE,2019,S1,33.682677,-87.803948,668.2169324,40-60_0,Opportunistic,Lampsilini,TPAR,0,0,0,0,0,0,0,0,0,0,0,0,0,0,0,0,0,0,0,0,0,0,0,0,0,0,0,NA
SIPSEY,FAYETTE,2019,S1,33.682677,-87.803948,668.2169324,40-60_0,Opportunistic,Lampsilini,PPUR,0,0,0,0,0,0,0,0,0,0,0,0,0,0,0,0,0,0,0,0,0,0,0,0,0,0,0,NA
SIPSEY,FAYETTE,2019,S1,33.682677,-87.803948,668.2169324,40-60_0,Periodic,Lampsilini,HPER,0,0,0,0,0,0,0,0,0,0,0,0,0,0,0,0,0,0,0,0,0,0,0,0,0,0,0,NA
SIPSEY,FAYETTE,2019,S1,33.682677,-87.803948,668.2169324,40-60_0,Periodic,Lampsilini,VVIB,0,0,0,0,0,0,0,0,0,0,0,0,0,0,0,0,0,0,0,0,0,0,0,0,0,0,0,NA
SIPSEY,FAYETTE,2019,S1,33.682677,-87.803948,668.2169324,40-60_0,Periodic,Pleurobemini,ECRA,0,0,0,0,0,0,0,0,0,0,0,0,0,0,0,0,0,0,0,0,0,0,0,0,0,0,0,NA
SIPSEY,FAYETTE,2019,S1,33.682677,-87.803948,668.2169324,40-60_0,Opportunistic,Lampsilini,TTRU,0,0,0,0,0,0,0,0,0,0,0,0,0,0,0,0,0,0,0,0,0,0,0,0,0,0,0,NA
SIPSEY,FAYETTE,2019,S1,33.682677,-87.803948,668.2169324,40-60_0,NA,Lampsilini,LAMP,0,0,0,0,0,0,0,0,0,0,0,0,0,0,0,0,0,0,0,0,0,0,0,0,0,0,0,NA
SIPSEY,FAYETTE,2019,S1,33.682677,-87.803948,668.2169324,40-60_0,Periodic,Anodontini,LCOM,0,0,0,0,0,0,0,0,0,0,0,0,0,0,0,0,0,0,0,0,0,0,0,0,0,0,0,NA
SIPSEY,FAYETTE,2019,S1,33.682677,-87.803948,668.2169324,40-60_10,NA,Corbicula,CFLU,0.198176396,0.164154374,9.104021827,0.264927035,8.839094792,0.137791735,0.120488297,7.132203911,0.207547134,6.924656777,0.429081409,0.328035431,8.873116814,6.941960215,0.158541117,0.131323499,7.283217461,0.211941628,7.071275833,0.110233388,0.096390638,5.705763129,0.166037707,5.539725421,0.343265127,0.262428345,7.098493451,5.553568172
SIPSEY,FAYETTE,2019,S1,33.682677,-87.803948,668.2169324,40-60_10,Equilibrium,Pleurobemini,FCER,0,0,0,0,0,0,0,0,0,0,0,0,0,0,0,0,0,0,0,0,0,0,0,0,0,0,0,NA
SIPSEY,FAYETTE,2019,S1,33.682677,-87.803948,668.2169324,40-60_10,Opportunistic,Lampsilini,LORN,0,0,0,0,0,0,0,0,0,0,0,0,0,0,0,0,0,0,0,0,0,0,0,0,0,0,0,NA
SIPSEY,FAYETTE,2019,S1,33.682677,-87.803948,668.2169324,40-60_10,Periodic,Lampsilini,OREF,0,0,0,0,0,0,0,0,0,0,0,0,0,0,0,0,0,0,0,0,0,0,0,0,0,0,0,NA
SIPSEY,FAYETTE,2019,S1,33.682677,-87.803948,668.2169324,40-60_10,Equilibrium,Pleurobemini,PDEC,0,0,0,0,0,0,0,0,0,0,0,0,0,0,0,0,0,0,0,0,0,0,0,0,0,0,0,NA
SIPSEY,FAYETTE,2019,S1,33.682677,-87.803948,668.2169324,40-60_10,Equilibrium,Quadrulini,PKIE,1.139925898,1.015883715,39.75577297,2.965780664,36.78999231,0.048109515,0.04332891,1.452417087,0.108350315,1.344066772,3.981664379,0.151679225,36.91403449,1.348847377,0.911940719,0.812706972,31.80461838,2.372624531,29.43199384,0.038487612,0.034663128,1.161933669,0.086680252,1.075253418,3.185331503,0.12134338,29.53122759,1.079077902
SIPSEY,FAYETTE,2019,S1,33.682677,-87.803948,668.2169324,40-60_10,Periodic,Lampsilini,LSTR,0,0,0,0,0,0,0,0,0,0,0,0,0,0,0,0,0,0,0,0,0,0,0,0,0,0,0,NA
SIPSEY,FAYETTE,2019,S1,33.682677,-87.803948,668.2169324,40-60_10,Periodic,Lampsilini,MACU,0,0,0,0,0,0,0,0,0,0,0,0,0,0,0,0,0,0,0,0,0,0,0,0,0,0,0,NA
SIPSEY,FAYETTE,2019,S1,33.682677,-87.803948,668.2169324,40-60_10,Periodic,Lampsilini,OUNI,0,0,0,0,0,0,0,0,0,0,0,0,0,0,0,0,0,0,0,0,0,0,0,0,0,0,0,NA
SIPSEY,FAYETTE,2019,S1,33.682677,-87.803948,668.2169324,40-60_10,Equilibrium,Quadrulini,QVER,0,0,0,0,0,0,0,0,0,0,0,0,0,0,0,0,0,0,0,0,0,0,0,0,0,0,0,NA
SIPSEY,FAYETTE,2019,S1,33.682677,-87.803948,668.2169324,40-60_10,Periodic,Pleurobemini,EARC,0,0,0,0,0,0,0,0,0,0,0,0,0,0,0,0,0,0,0,0,0,0,0,0,0,0,0,NA
SIPSEY,FAYETTE,2019,S1,33.682677,-87.803948,668.2169324,40-60_10,Equilibrium,Amblemini,APLI,0,0,0,0,0,0,0,0,0,0,0,0,0,0,0,0,0,0,0,0,0,0,0,0,0,0,0,NA
SIPSEY,FAYETTE,2019,S1,33.682677,-87.803948,668.2169324,40-60_10,Equilibrium,Pleurobemini,REBE,0,0,0,0,0,0,0,0,0,0,0,0,0,0,0,0,0,0,0,0,0,0,0,0,0,0,0,NA
SIPSEY,FAYETTE,2019,S1,33.682677,-87.803948,668.2169324,40-60_10,Equilibrium,Quadrulini,QQUA,0,0,0,0,0,0,0,0,0,0,0,0,0,0,0,0,0,0,0,0,0,0,0,0,0,0,0,NA
SIPSEY,FAYETTE,2019,S1,33.682677,-87.803948,668.2169324,40-60_10,Opportunistic,Lampsilini,TDON,0,0,0,0,0,0,0,0,0,0,0,0,0,0,0,0,0,0,0,0,0,0,0,0,0,0,0,NA
SIPSEY,FAYETTE,2019,S1,33.682677,-87.803948,668.2169324,40-60_10,Equilibrium,Quadrulini,MNER,0,0,0,0,0,0,0,0,0,0,0,0,0,0,0,0,0,0,0,0,0,0,0,0,0,0,0,NA
SIPSEY,FAYETTE,2019,S1,33.682677,-87.803948,668.2169324,40-60_10,Periodic,Lampsilini,LLIE,0,0,0,0,0,0,0,0,0,0,0,0,0,0,0,0,0,0,0,0,0,0,0,0,0,0,0,NA
SIPSEY,FAYETTE,2019,S1,33.682677,-87.803948,668.2169324,40-60_10,Periodic,Lampsilini,ELIN,0,0,0,0,0,0,0,0,0,0,0,0,0,0,0,0,0,0,0,0,0,0,0,0,0,0,0,NA
SIPSEY,FAYETTE,2019,S1,33.682677,-87.803948,668.2169324,40-60_10,Opportunistic,Lampsilini,PFRA,0,0,0,0,0,0,0,0,0,0,0,0,0,0,0,0,0,0,0,0,0,0,0,0,0,0,0,NA
SIPSEY,FAYETTE,2019,S1,33.682677,-87.803948,668.2169324,40-60_10,Opportunistic,Lampsilini,LREC,0,0,0,0,0,0,0,0,0,0,0,0,0,0,0,0,0,0,0,0,0,0,0,0,0,0,0,NA
SIPSEY,FAYETTE,2019,S1,33.682677,-87.803948,668.2169324,40-60_10,Periodic,Lampsilini,OARK,0,0,0,0,0,0,0,0,0,0,0,0,0,0,0,0,0,0,0,0,0,0,0,0,0,0,0,NA
SIPSEY,FAYETTE,2019,S1,33.682677,-87.803948,668.2169324,40-60_10,Opportunistic,Lampsilini,PINF,0,0,0,0,0,0,0,0,0,0,0,0,0,0,0,0,0,0,0,0,0,0,0,0,0,0,0,NA
SIPSEY,FAYETTE,2019,S1,33.682677,-87.803948,668.2169324,40-60_10,Equilibrium,Pleurobemini,PPER,0,0,0,0,0,0,0,0,0,0,0,0,0,0,0,0,0,0,0,0,0,0,0,0,0,0,0,NA
SIPSEY,FAYETTE,2019,S1,33.682677,-87.803948,668.2169324,40-60_10,Opportunistic,Lampsilini,LTER,0,0,0,0,0,0,0,0,0,0,0,0,0,0,0,0,0,0,0,0,0,0,0,0,0,0,0,NA
SIPSEY,FAYETTE,2019,S1,33.682677,-87.803948,668.2169324,40-60_10,Periodic,Alasmodontini,SSUB,0,0,0,0,0,0,0,0,0,0,0,0,0,0,0,0,0,0,0,0,0,0,0,0,0,0,0,NA
SIPSEY,FAYETTE,2019,S1,33.682677,-87.803948,668.2169324,40-60_10,Opportunistic,Lampsilini,TPAR,0,0,0,0,0,0,0,0,0,0,0,0,0,0,0,0,0,0,0,0,0,0,0,0,0,0,0,NA
SIPSEY,FAYETTE,2019,S1,33.682677,-87.803948,668.2169324,40-60_10,Opportunistic,Lampsilini,PPUR,0,0,0,0,0,0,0,0,0,0,0,0,0,0,0,0,0,0,0,0,0,0,0,0,0,0,0,NA
SIPSEY,FAYETTE,2019,S1,33.682677,-87.803948,668.2169324,40-60_10,Periodic,Lampsilini,HPER,0,0,0,0,0,0,0,0,0,0,0,0,0,0,0,0,0,0,0,0,0,0,0,0,0,0,0,NA
SIPSEY,FAYETTE,2019,S1,33.682677,-87.803948,668.2169324,40-60_10,Periodic,Lampsilini,VVIB,0,0,0,0,0,0,0,0,0,0,0,0,0,0,0,0,0,0,0,0,0,0,0,0,0,0,0,NA
SIPSEY,FAYETTE,2019,S1,33.682677,-87.803948,668.2169324,40-60_10,Periodic,Pleurobemini,ECRA,0,0,0,0,0,0,0,0,0,0,0,0,0,0,0,0,0,0,0,0,0,0,0,0,0,0,0,NA
SIPSEY,FAYETTE,2019,S1,33.682677,-87.803948,668.2169324,40-60_10,Opportunistic,Lampsilini,TTRU,0,0,0,0,0,0,0,0,0,0,0,0,0,0,0,0,0,0,0,0,0,0,0,0,0,0,0,NA
SIPSEY,FAYETTE,2019,S1,33.682677,-87.803948,668.2169324,40-60_10,NA,Lampsilini,LAMP,0,0,0,0,0,0,0,0,0,0,0,0,0,0,0,0,0,0,0,0,0,0,0,0,0,0,0,NA
SIPSEY,FAYETTE,2019,S1,33.682677,-87.803948,668.2169324,40-60_10,Periodic,Anodontini,LCOM,0,0,0,0,0,0,0,0,0,0,0,0,0,0,0,0,0,0,0,0,0,0,0,0,0,0,0,NA
SIPSEY,FAYETTE,2019,S1,33.682677,-87.803948,668.2169324,40-60_16,NA,Corbicula,CFLU,0.032291556,0.024230101,1.153501767,0.033566901,1.119934866,0.020214624,0.015496885,0.759138184,0.022090921,0.737047263,0.057797002,0.037587807,1.127996321,0.741765002,0.025833245,0.019384081,0.922801414,0.026853521,0.895947893,0.016171699,0.012397508,0.607310547,0.017672737,0.58963781,0.046237602,0.030070245,0.902397057,0.593412001
SIPSEY,FAYETTE,2019,S1,33.682677,-87.803948,668.2169324,40-60_16,Equilibrium,Pleurobemini,FCER,0,0,0,0,0,0,0,0,0,0,0,0,0,0,0,0,0,0,0,0,0,0,0,0,0,0,0,NA
SIPSEY,FAYETTE,2019,S1,33.682677,-87.803948,668.2169324,40-60_16,Opportunistic,Lampsilini,LORN,0,0,0,0,0,0,0,0,0,0,0,0,0,0,0,0,0,0,0,0,0,0,0,0,0,0,0,NA
SIPSEY,FAYETTE,2019,S1,33.682677,-87.803948,668.2169324,40-60_16,Periodic,Lampsilini,OREF,0,0,0,0,0,0,0,0,0,0,0,0,0,0,0,0,0,0,0,0,0,0,0,0,0,0,0,NA
SIPSEY,FAYETTE,2019,S1,33.682677,-87.803948,668.2169324,40-60_16,Equilibrium,Pleurobemini,PDEC,0,0,0,0,0,0,0,0,0,0,0,0,0,0,0,0,0,0,0,0,0,0,0,0,0,0,0,NA
SIPSEY,FAYETTE,2019,S1,33.682677,-87.803948,668.2169324,40-60_16,Equilibrium,Quadrulini,PKIE,0,0,0,0,0,0,0,0,0,0,0,0,0,0,0,0,0,0,0,0,0,0,0,0,0,0,0,NA
SIPSEY,FAYETTE,2019,S1,33.682677,-87.803948,668.2169324,40-60_16,Periodic,Lampsilini,LSTR,0,0,0,0,0,0,0,0,0,0,0,0,0,0,0,0,0,0,0,0,0,0,0,0,0,0,0,NA
SIPSEY,FAYETTE,2019,S1,33.682677,-87.803948,668.2169324,40-60_16,Periodic,Lampsilini,MACU,0,0,0,0,0,0,0,0,0,0,0,0,0,0,0,0,0,0,0,0,0,0,0,0,0,0,0,NA
SIPSEY,FAYETTE,2019,S1,33.682677,-87.803948,668.2169324,40-60_16,Periodic,Lampsilini,OUNI,0,0,0,0,0,0,0,0,0,0,0,0,0,0,0,0,0,0,0,0,0,0,0,0,0,0,0,NA
SIPSEY,FAYETTE,2019,S1,33.682677,-87.803948,668.2169324,40-60_16,Equilibrium,Quadrulini,QVER,3.013473711,2.497827571,92.19491374,5.660767704,86.53414604,0.208378957,0.208216608,6.256166734,0.384128637,5.872038097,8.158595274,0.592345246,87.04979218,5.872200445,2.410778969,1.998262056,73.75593099,4.528614163,69.22731683,0.166703165,0.166573287,5.004933387,0.30730291,4.697630477,6.526876219,0.473876197,69.63983374,4.697760356
SIPSEY,FAYETTE,2019,S1,33.682677,-87.803948,668.2169324,40-60_16,Periodic,Pleurobemini,EARC,0,0,0,0,0,0,0,0,0,0,0,0,0,0,0,0,0,0,0,0,0,0,0,0,0,0,0,NA
SIPSEY,FAYETTE,2019,S1,33.682677,-87.803948,668.2169324,40-60_16,Equilibrium,Amblemini,APLI,0,0,0,0,0,0,0,0,0,0,0,0,0,0,0,0,0,0,0,0,0,0,0,0,0,0,0,NA
SIPSEY,FAYETTE,2019,S1,33.682677,-87.803948,668.2169324,40-60_16,Equilibrium,Pleurobemini,REBE,0,0,0,0,0,0,0,0,0,0,0,0,0,0,0,0,0,0,0,0,0,0,0,0,0,0,0,NA
SIPSEY,FAYETTE,2019,S1,33.682677,-87.803948,668.2169324,40-60_16,Equilibrium,Quadrulini,QQUA,0,0,0,0,0,0,0,0,0,0,0,0,0,0,0,0,0,0,0,0,0,0,0,0,0,0,0,NA
SIPSEY,FAYETTE,2019,S1,33.682677,-87.803948,668.2169324,40-60_16,Opportunistic,Lampsilini,TDON,0,0,0,0,0,0,0,0,0,0,0,0,0,0,0,0,0,0,0,0,0,0,0,0,0,0,0,NA
SIPSEY,FAYETTE,2019,S1,33.682677,-87.803948,668.2169324,40-60_16,Equilibrium,Quadrulini,MNER,0,0,0,0,0,0,0,0,0,0,0,0,0,0,0,0,0,0,0,0,0,0,0,0,0,0,0,NA
SIPSEY,FAYETTE,2019,S1,33.682677,-87.803948,668.2169324,40-60_16,Periodic,Lampsilini,LLIE,0,0,0,0,0,0,0,0,0,0,0,0,0,0,0,0,0,0,0,0,0,0,0,0,0,0,0,NA
SIPSEY,FAYETTE,2019,S1,33.682677,-87.803948,668.2169324,40-60_16,Periodic,Lampsilini,ELIN,0,0,0,0,0,0,0,0,0,0,0,0,0,0,0,0,0,0,0,0,0,0,0,0,0,0,0,NA
SIPSEY,FAYETTE,2019,S1,33.682677,-87.803948,668.2169324,40-60_16,Opportunistic,Lampsilini,PFRA,0,0,0,0,0,0,0,0,0,0,0,0,0,0,0,0,0,0,0,0,0,0,0,0,0,0,0,NA
SIPSEY,FAYETTE,2019,S1,33.682677,-87.803948,668.2169324,40-60_16,Opportunistic,Lampsilini,LREC,0,0,0,0,0,0,0,0,0,0,0,0,0,0,0,0,0,0,0,0,0,0,0,0,0,0,0,NA
SIPSEY,FAYETTE,2019,S1,33.682677,-87.803948,668.2169324,40-60_16,Periodic,Lampsilini,OARK,0,0,0,0,0,0,0,0,0,0,0,0,0,0,0,0,0,0,0,0,0,0,0,0,0,0,0,NA
SIPSEY,FAYETTE,2019,S1,33.682677,-87.803948,668.2169324,40-60_16,Opportunistic,Lampsilini,PINF,0,0,0,0,0,0,0,0,0,0,0,0,0,0,0,0,0,0,0,0,0,0,0,0,0,0,0,NA
SIPSEY,FAYETTE,2019,S1,33.682677,-87.803948,668.2169324,40-60_16,Equilibrium,Pleurobemini,PPER,0,0,0,0,0,0,0,0,0,0,0,0,0,0,0,0,0,0,0,0,0,0,0,0,0,0,0,NA
SIPSEY,FAYETTE,2019,S1,33.682677,-87.803948,668.2169324,40-60_16,Opportunistic,Lampsilini,LTER,0,0,0,0,0,0,0,0,0,0,0,0,0,0,0,0,0,0,0,0,0,0,0,0,0,0,0,NA
SIPSEY,FAYETTE,2019,S1,33.682677,-87.803948,668.2169324,40-60_16,Periodic,Alasmodontini,SSUB,0,0,0,0,0,0,0,0,0,0,0,0,0,0,0,0,0,0,0,0,0,0,0,0,0,0,0,NA
SIPSEY,FAYETTE,2019,S1,33.682677,-87.803948,668.2169324,40-60_16,Opportunistic,Lampsilini,TPAR,0,0,0,0,0,0,0,0,0,0,0,0,0,0,0,0,0,0,0,0,0,0,0,0,0,0,0,NA
SIPSEY,FAYETTE,2019,S1,33.682677,-87.803948,668.2169324,40-60_16,Opportunistic,Lampsilini,PPUR,0,0,0,0,0,0,0,0,0,0,0,0,0,0,0,0,0,0,0,0,0,0,0,0,0,0,0,NA
SIPSEY,FAYETTE,2019,S1,33.682677,-87.803948,668.2169324,40-60_16,Periodic,Lampsilini,HPER,0,0,0,0,0,0,0,0,0,0,0,0,0,0,0,0,0,0,0,0,0,0,0,0,0,0,0,NA
SIPSEY,FAYETTE,2019,S1,33.682677,-87.803948,668.2169324,40-60_16,Periodic,Lampsilini,VVIB,0,0,0,0,0,0,0,0,0,0,0,0,0,0,0,0,0,0,0,0,0,0,0,0,0,0,0,NA
SIPSEY,FAYETTE,2019,S1,33.682677,-87.803948,668.2169324,40-60_16,Periodic,Pleurobemini,ECRA,0,0,0,0,0,0,0,0,0,0,0,0,0,0,0,0,0,0,0,0,0,0,0,0,0,0,0,NA
SIPSEY,FAYETTE,2019,S1,33.682677,-87.803948,668.2169324,40-60_16,Opportunistic,Lampsilini,TTRU,0,0,0,0,0,0,0,0,0,0,0,0,0,0,0,0,0,0,0,0,0,0,0,0,0,0,0,NA
SIPSEY,FAYETTE,2019,S1,33.682677,-87.803948,668.2169324,40-60_16,NA,Lampsilini,LAMP,0,0,0,0,0,0,0,0,0,0,0,0,0,0,0,0,0,0,0,0,0,0,0,0,0,0,0,NA
SIPSEY,FAYETTE,2019,S1,33.682677,-87.803948,668.2169324,40-60_16,Periodic,Anodontini,LCOM,0,0,0,0,0,0,0,0,0,0,0,0,0,0,0,0,0,0,0,0,0,0,0,0,0,0,0,NA
SIPSEY,FAYETTE,2019,S1,33.682677,-87.803948,668.2169324,40-60_4,NA,Corbicula,CFLU,0.141482634,0.102384091,4.64266426,0.13510153,4.50756273,0.081097973,0.058718014,2.670846344,0.077721629,2.593124715,0.237485621,0.136439643,4.546661273,2.615504675,0.113186107,0.081907273,3.714131408,0.108081224,3.606050184,0.064878379,0.046974411,2.136677075,0.062177303,2.074499772,0.189988497,0.109151714,3.637329018,2.09240374
SIPSEY,FAYETTE,2019,S1,33.682677,-87.803948,668.2169324,40-60_4,Equilibrium,Pleurobemini,FCER,0,0,0,0,0,0,0,0,0,0,0,0,0,0,0,0,0,0,0,0,0,0,0,0,0,0,0,NA
SIPSEY,FAYETTE,2019,S1,33.682677,-87.803948,668.2169324,40-60_4,Opportunistic,Lampsilini,LORN,0,0,0,0,0,0,0,0,0,0,0,0,0,0,0,0,0,0,0,0,0,0,0,0,0,0,0,NA
SIPSEY,FAYETTE,2019,S1,33.682677,-87.803948,668.2169324,40-60_4,Periodic,Lampsilini,OREF,0,0,0,0,0,0,0,0,0,0,0,0,0,0,0,0,0,0,0,0,0,0,0,0,0,0,0,NA
SIPSEY,FAYETTE,2019,S1,33.682677,-87.803948,668.2169324,40-60_4,Equilibrium,Pleurobemini,PDEC,0.470882633,0.389295738,25.84981098,1.413984661,24.43582632,0.040467119,0.033055167,2.210044628,0.120889441,2.089155187,1.803280398,0.153944608,24.51741321,2.096567139,0.376706106,0.31143659,20.67984878,1.131187728,19.54866105,0.032373695,0.026444133,1.768035703,0.096711553,1.67132415,1.442624319,0.123155686,19.61393057,1.677253711
SIPSEY,FAYETTE,2019,S1,33.682677,-87.803948,668.2169324,40-60_4,Equilibrium,Quadrulini,PKIE,0,0,0,0,0,0,0,0,0,0,0,0,0,0,0,0,0,0,0,0,0,0,0,0,0,0,0,NA
SIPSEY,FAYETTE,2019,S1,33.682677,-87.803948,668.2169324,40-60_4,Periodic,Lampsilini,LSTR,0,0,0,0,0,0,0,0,0,0,0,0,0,0,0,0,0,0,0,0,0,0,0,0,0,0,0,NA
SIPSEY,FAYETTE,2019,S1,33.682677,-87.803948,668.2169324,40-60_4,Periodic,Lampsilini,MACU,0,0,0,0,0,0,0,0,0,0,0,0,0,0,0,0,0,0,0,0,0,0,0,0,0,0,0,NA
SIPSEY,FAYETTE,2019,S1,33.682677,-87.803948,668.2169324,40-60_4,Periodic,Lampsilini,OUNI,0,0,0,0,0,0,0,0,0,0,0,0,0,0,0,0,0,0,0,0,0,0,0,0,0,0,0,NA
SIPSEY,FAYETTE,2019,S1,33.682677,-87.803948,668.2169324,40-60_4,Equilibrium,Quadrulini,QVER,0,0,0,0,0,0,0,0,0,0,0,0,0,0,0,0,0,0,0,0,0,0,0,0,0,0,0,NA
SIPSEY,FAYETTE,2019,S1,33.682677,-87.803948,668.2169324,40-60_4,Periodic,Pleurobemini,EARC,0,0,0,0,0,0,0,0,0,0,0,0,0,0,0,0,0,0,0,0,0,0,0,0,0,0,0,NA
SIPSEY,FAYETTE,2019,S1,33.682677,-87.803948,668.2169324,40-60_4,Equilibrium,Amblemini,APLI,0,0,0,0,0,0,0,0,0,0,0,0,0,0,0,0,0,0,0,0,0,0,0,0,0,0,0,NA
SIPSEY,FAYETTE,2019,S1,33.682677,-87.803948,668.2169324,40-60_4,Equilibrium,Pleurobemini,REBE,0,0,0,0,0,0,0,0,0,0,0,0,0,0,0,0,0,0,0,0,0,0,0,0,0,0,0,NA
SIPSEY,FAYETTE,2019,S1,33.682677,-87.803948,668.2169324,40-60_4,Equilibrium,Quadrulini,QQUA,0,0,0,0,0,0,0,0,0,0,0,0,0,0,0,0,0,0,0,0,0,0,0,0,0,0,0,NA
SIPSEY,FAYETTE,2019,S1,33.682677,-87.803948,668.2169324,40-60_4,Opportunistic,Lampsilini,TDON,0,0,0,0,0,0,0,0,0,0,0,0,0,0,0,0,0,0,0,0,0,0,0,0,0,0,0,NA
SIPSEY,FAYETTE,2019,S1,33.682677,-87.803948,668.2169324,40-60_4,Equilibrium,Quadrulini,MNER,0,0,0,0,0,0,0,0,0,0,0,0,0,0,0,0,0,0,0,0,0,0,0,0,0,0,0,NA
SIPSEY,FAYETTE,2019,S1,33.682677,-87.803948,668.2169324,40-60_4,Periodic,Lampsilini,LLIE,0,0,0,0,0,0,0,0,0,0,0,0,0,0,0,0,0,0,0,0,0,0,0,0,0,0,0,NA
SIPSEY,FAYETTE,2019,S1,33.682677,-87.803948,668.2169324,40-60_4,Periodic,Lampsilini,ELIN,0,0,0,0,0,0,0,0,0,0,0,0,0,0,0,0,0,0,0,0,0,0,0,0,0,0,0,NA
SIPSEY,FAYETTE,2019,S1,33.682677,-87.803948,668.2169324,40-60_4,Opportunistic,Lampsilini,PFRA,0,0,0,0,0,0,0,0,0,0,0,0,0,0,0,0,0,0,0,0,0,0,0,0,0,0,0,NA
SIPSEY,FAYETTE,2019,S1,33.682677,-87.803948,668.2169324,40-60_4,Opportunistic,Lampsilini,LREC,0,0,0,0,0,0,0,0,0,0,0,0,0,0,0,0,0,0,0,0,0,0,0,0,0,0,0,NA
SIPSEY,FAYETTE,2019,S1,33.682677,-87.803948,668.2169324,40-60_4,Periodic,Lampsilini,OARK,0,0,0,0,0,0,0,0,0,0,0,0,0,0,0,0,0,0,0,0,0,0,0,0,0,0,0,NA
SIPSEY,FAYETTE,2019,S1,33.682677,-87.803948,668.2169324,40-60_4,Opportunistic,Lampsilini,PINF,0,0,0,0,0,0,0,0,0,0,0,0,0,0,0,0,0,0,0,0,0,0,0,0,0,0,0,NA
SIPSEY,FAYETTE,2019,S1,33.682677,-87.803948,668.2169324,40-60_4,Equilibrium,Pleurobemini,PPER,0,0,0,0,0,0,0,0,0,0,0,0,0,0,0,0,0,0,0,0,0,0,0,0,0,0,0,NA
SIPSEY,FAYETTE,2019,S1,33.682677,-87.803948,668.2169324,40-60_4,Opportunistic,Lampsilini,LTER,0,0,0,0,0,0,0,0,0,0,0,0,0,0,0,0,0,0,0,0,0,0,0,0,0,0,0,NA
SIPSEY,FAYETTE,2019,S1,33.682677,-87.803948,668.2169324,40-60_4,Periodic,Alasmodontini,SSUB,0,0,0,0,0,0,0,0,0,0,0,0,0,0,0,0,0,0,0,0,0,0,0,0,0,0,0,NA
SIPSEY,FAYETTE,2019,S1,33.682677,-87.803948,668.2169324,40-60_4,Opportunistic,Lampsilini,TPAR,0,0,0,0,0,0,0,0,0,0,0,0,0,0,0,0,0,0,0,0,0,0,0,0,0,0,0,NA
SIPSEY,FAYETTE,2019,S1,33.682677,-87.803948,668.2169324,40-60_4,Opportunistic,Lampsilini,PPUR,0,0,0,0,0,0,0,0,0,0,0,0,0,0,0,0,0,0,0,0,0,0,0,0,0,0,0,NA
SIPSEY,FAYETTE,2019,S1,33.682677,-87.803948,668.2169324,40-60_4,Periodic,Lampsilini,HPER,0,0,0,0,0,0,0,0,0,0,0,0,0,0,0,0,0,0,0,0,0,0,0,0,0,0,0,NA
SIPSEY,FAYETTE,2019,S1,33.682677,-87.803948,668.2169324,40-60_4,Periodic,Lampsilini,VVIB,0,0,0,0,0,0,0,0,0,0,0,0,0,0,0,0,0,0,0,0,0,0,0,0,0,0,0,NA
SIPSEY,FAYETTE,2019,S1,33.682677,-87.803948,668.2169324,40-60_4,Periodic,Pleurobemini,ECRA,0,0,0,0,0,0,0,0,0,0,0,0,0,0,0,0,0,0,0,0,0,0,0,0,0,0,0,NA
SIPSEY,FAYETTE,2019,S1,33.682677,-87.803948,668.2169324,40-60_4,Opportunistic,Lampsilini,TTRU,0,0,0,0,0,0,0,0,0,0,0,0,0,0,0,0,0,0,0,0,0,0,0,0,0,0,0,NA
SIPSEY,FAYETTE,2019,S1,33.682677,-87.803948,668.2169324,40-60_4,NA,Lampsilini,LAMP,0,0,0,0,0,0,0,0,0,0,0,0,0,0,0,0,0,0,0,0,0,0,0,0,0,0,0,NA
SIPSEY,FAYETTE,2019,S1,33.682677,-87.803948,668.2169324,40-60_4,Periodic,Anodontini,LCOM,0,0,0,0,0,0,0,0,0,0,0,0,0,0,0,0,0,0,0,0,0,0,0,0,0,0,0,NA
SIPSEY,ECHOLA,2018,S2,33.31805,-87.7618,1238.014317,0-20_14,NA,Corbicula,CFLU,0.371870089,0.269914366,12.33625678,0.358985072,11.97727171,0.251100768,0.182582212,8.39262095,0.24422527,8.148395681,0.628899438,0.426807481,12.07922743,8.216914237,0.114421566,0.083050574,3.795771318,0.110456945,3.685314372,0.077261775,0.056179142,2.582344908,0.075146237,2.507198671,0.193507519,0.131325379,3.716685364,2.528281304
SIPSEY,ECHOLA,2018,S2,33.31805,-87.7618,1238.014317,0-20_14,Equilibrium,Pleurobemini,FCER,0.466256426,0.415109223,20.95711847,1.093961584,19.86315688,0.137753852,0.120819087,5.888821188,0.307396466,5.581424722,1.509070807,0.428215553,19.91430409,5.598359488,0.143463516,0.127725915,6.448344143,0.336603564,6.111740579,0.042385801,0.037175104,1.811944981,0.094583528,1.717361453,0.464329479,0.131758632,6.12747818,1.72257215
SIPSEY,ECHOLA,2018,S2,33.31805,-87.7618,1238.014317,0-20_14,Opportunistic,Lampsilini,LORN,4.667510639,3.395018935,69.70436762,8.064795334,61.63957229,0,0,0,0,0,11.45981427,0,62.91206399,0,1.43615712,1.044621211,21.44749773,2.481475487,18.96602224,0,0,0,0,0,3.526096698,0,19.35755815,0
SIPSEY,ECHOLA,2018,S2,33.31805,-87.7618,1238.014317,0-20_14,Periodic,Lampsilini,OREF,2.29360058,1.952345569,102.3144379,4.21535484,98.09908301,0.004785505,0.003991305,0.194943683,0.00803168,0.186912004,6.167700408,0.012022985,98.44033802,0.187706204,0.705723255,0.600721713,31.48136549,1.297032258,30.18433323,0.001472463,0.001228094,0.059982672,0.002471286,0.057511386,1.897753972,0.00369938,30.28933478,0.057755755
SIPSEY,ECHOLA,2018,S2,33.31805,-87.7618,1238.014317,0-20_14,Equilibrium,Pleurobemini,PDEC,4.778687105,3.955635653,262.4725655,14.35724933,248.1153162,0.527755507,0.435160032,28.93891555,1.58295868,27.35595687,18.31288499,2.018118713,248.9383676,27.44855234,1.470365263,1.217118662,80.76078939,4.417615179,76.34317421,0.16238631,0.133895395,8.904281706,0.487064209,8.417217497,5.634733842,0.620959604,76.59642081,8.445708412
SIPSEY,ECHOLA,2018,S2,33.31805,-87.7618,1238.014317,0-20_14,Equilibrium,Quadrulini,PKIE,22.23280337,19.78114966,794.711297,59.28546276,735.4258342,1.915924562,1.707019778,66.70477453,4.97617618,61.72859835,79.06661241,6.683195957,737.877488,61.93750313,6.840862577,6.086507586,244.5265529,18.24168085,226.2848721,0.58951525,0.525236855,20.52454601,1.531131132,18.99341488,24.32818843,2.056367987,227.0392271,19.05769327
SIPSEY,ECHOLA,2018,S2,33.31805,-87.7618,1238.014317,0-20_14,Periodic,Lampsilini,LSTR,0,0,0,0,0,0,0,0,0,0,0,0,0,0,0,0,0,0,0,0,0,0,0,0,0,0,0,NA
SIPSEY,ECHOLA,2018,S2,33.31805,-87.7618,1238.014317,0-20_14,Periodic,Lampsilini,MACU,0,0,0,0,0,0,0,0,0,0,0,0,0,0,0,0,0,0,0,0,0,0,0,0,0,0,0,NA
SIPSEY,ECHOLA,2018,S2,33.31805,-87.7618,1238.014317,0-20_14,Periodic,Lampsilini,OUNI,0.735296235,0.579918364,31.37868527,1.873307511,29.50537776,0.045959856,0.037636192,2.183997407,0.130384645,2.053612762,2.453225874,0.168020837,29.66075563,2.061936427,0.226244995,0.17843642,9.654980084,0.576402311,9.078577773,0.014141494,0.011580367,0.671999202,0.040118352,0.63188085,0.754838731,0.051698719,9.126386349,0.634441977
SIPSEY,ECHOLA,2018,S2,33.31805,-87.7618,1238.014317,0-20_14,Equilibrium,Quadrulini,QVER,12.78445866,11.50335586,388.2961217,23.84138187,364.4547398,0.227427862,0.22420466,6.836381454,0.419753821,6.416627633,35.34473773,0.643958481,365.7358427,6.419850835,3.933679588,3.539494111,119.4757298,7.335809807,112.13992,0.069977804,0.068986049,2.103501986,0.129155022,1.974346964,10.87530392,0.198141071,112.5341054,1.975338718
SIPSEY,ECHOLA,2018,S2,33.31805,-87.7618,1238.014317,0-20_14,Periodic,Pleurobemini,EARC,0,0,0,0,0,0,0,0,0,0,0,0,0,0,0,0,0,0,0,0,0,0,0,0,0,0,0,NA
SIPSEY,ECHOLA,2018,S2,33.31805,-87.7618,1238.014317,0-20_14,Equilibrium,Amblemini,APLI,1.104731985,0.946650657,50.28919979,3.605735625,46.68346417,0.180950433,0.149810865,7.583562387,0.543741423,7.039820964,4.552386282,0.693552288,46.84154549,7.070960532,0.339917534,0.291277125,15.47359994,1.109457115,14.36414282,0.055677056,0.046095651,2.333403812,0.167305053,2.166098758,1.40073424,0.213400704,14.41278323,2.175680164
SIPSEY,ECHOLA,2018,S2,33.31805,-87.7618,1238.014317,0-20_14,Equilibrium,Pleurobemini,REBE,1.40659012,1.181817019,30.56687685,1.8615228,28.70535405,0.326069628,0.273963701,5.86865751,0.357401242,5.511256267,3.043339819,0.631364943,28.93012715,5.563362194,0.43279696,0.363636006,9.405192876,0.572776246,8.83241663,0.100329116,0.084296523,1.805740772,0.109969613,1.695771159,0.936412252,0.194266136,8.901577584,1.711803752
SIPSEY,ECHOLA,2018,S2,33.31805,-87.7618,1238.014317,0-20_14,Equilibrium,Quadrulini,QQUA,10.00808124,8.54006615,373.7870265,20.40877164,353.3782548,0.204689707,0.174384354,8.058516037,0.439994976,7.618521062,28.9488378,0.614379329,354.8462699,7.648826415,3.079409611,2.627712662,115.0113928,6.279622044,108.7317707,0.062981448,0.053656724,2.479543396,0.135383069,2.344160327,8.907334706,0.189039794,109.1834677,2.353485051
SIPSEY,ECHOLA,2018,S2,33.31805,-87.7618,1238.014317,0-20_14,Opportunistic,Lampsilini,TDON,0.084439312,0.07094591,1.383675892,0.084265862,1.29941003,0.077424279,0.065051879,1.286626598,0.07835556,1.208271039,0.155211772,0.143407439,1.312903432,1.220643438,0.025981327,0.021829511,0.425746428,0.025927957,0.399818471,0.023822855,0.020015963,0.395885107,0.024109403,0.371775704,0.047757468,0.044125366,0.403970287,0.375582596
SIPSEY,ECHOLA,2018,S2,33.31805,-87.7618,1238.014317,0-20_14,Equilibrium,Quadrulini,MNER,0,0,0,0,0,0,0,0,0,0,0,0,0,0,0,0,0,0,0,0,0,0,0,0,0,0,0,NA
SIPSEY,ECHOLA,2018,S2,33.31805,-87.7618,1238.014317,0-20_14,Periodic,Lampsilini,LLIE,0,0,0,0,0,0,0,0,0,0,0,0,0,0,0,0,0,0,0,0,0,0,0,0,0,0,0,NA
SIPSEY,ECHOLA,2018,S2,33.31805,-87.7618,1238.014317,0-20_14,Periodic,Lampsilini,ELIN,0,0,0,0,0,0,0,0,0,0,0,0,0,0,0,0,0,0,0,0,0,0,0,0,0,0,0,NA
SIPSEY,ECHOLA,2018,S2,33.31805,-87.7618,1238.014317,0-20_14,Opportunistic,Lampsilini,PFRA,0,0,0,0,0,0,0,0,0,0,0,0,0,0,0,0,0,0,0,0,0,0,0,0,0,0,0,NA
SIPSEY,ECHOLA,2018,S2,33.31805,-87.7618,1238.014317,0-20_14,Opportunistic,Lampsilini,LREC,0,0,0,0,0,0,0,0,0,0,0,0,0,0,0,0,0,0,0,0,0,0,0,0,0,0,0,NA
SIPSEY,ECHOLA,2018,S2,33.31805,-87.7618,1238.014317,0-20_14,Periodic,Lampsilini,OARK,0,0,0,0,0,0,0,0,0,0,0,0,0,0,0,0,0,0,0,0,0,0,0,0,0,0,0,NA
SIPSEY,ECHOLA,2018,S2,33.31805,-87.7618,1238.014317,0-20_14,Opportunistic,Lampsilini,PINF,0,0,0,0,0,0,0,0,0,0,0,0,0,0,0,0,0,0,0,0,0,0,0,0,0,0,0,NA
SIPSEY,ECHOLA,2018,S2,33.31805,-87.7618,1238.014317,0-20_14,Equilibrium,Pleurobemini,PPER,0,0,0,0,0,0,0,0,0,0,0,0,0,0,0,0,0,0,0,0,0,0,0,0,0,0,0,NA
SIPSEY,ECHOLA,2018,S2,33.31805,-87.7618,1238.014317,0-20_14,Opportunistic,Lampsilini,LTER,0,0,0,0,0,0,0,0,0,0,0,0,0,0,0,0,0,0,0,0,0,0,0,0,0,0,0,NA
SIPSEY,ECHOLA,2018,S2,33.31805,-87.7618,1238.014317,0-20_14,Periodic,Alasmodontini,SSUB,0,0,0,0,0,0,0,0,0,0,0,0,0,0,0,0,0,0,0,0,0,0,0,0,0,0,0,NA
SIPSEY,ECHOLA,2018,S2,33.31805,-87.7618,1238.014317,0-20_14,Opportunistic,Lampsilini,TPAR,0,0,0,0,0,0,0,0,0,0,0,0,0,0,0,0,0,0,0,0,0,0,0,0,0,0,0,NA
SIPSEY,ECHOLA,2018,S2,33.31805,-87.7618,1238.014317,0-20_14,Opportunistic,Lampsilini,PPUR,0,0,0,0,0,0,0,0,0,0,0,0,0,0,0,0,0,0,0,0,0,0,0,0,0,0,0,NA
SIPSEY,ECHOLA,2018,S2,33.31805,-87.7618,1238.014317,0-20_14,Periodic,Lampsilini,HPER,0,0,0,0,0,0,0,0,0,0,0,0,0,0,0,0,0,0,0,0,0,0,0,0,0,0,0,NA
SIPSEY,ECHOLA,2018,S2,33.31805,-87.7618,1238.014317,0-20_14,Periodic,Lampsilini,VVIB,0,0,0,0,0,0,0,0,0,0,0,0,0,0,0,0,0,0,0,0,0,0,0,0,0,0,0,NA
SIPSEY,ECHOLA,2018,S2,33.31805,-87.7618,1238.014317,0-20_14,Periodic,Pleurobemini,ECRA,0,0,0,0,0,0,0,0,0,0,0,0,0,0,0,0,0,0,0,0,0,0,0,0,0,0,0,NA
SIPSEY,ECHOLA,2018,S2,33.31805,-87.7618,1238.014317,0-20_14,Opportunistic,Lampsilini,TTRU,0,0,0,0,0,0,0,0,0,0,0,0,0,0,0,0,0,0,0,0,0,0,0,0,0,0,0,NA
SIPSEY,ECHOLA,2018,S2,33.31805,-87.7618,1238.014317,0-20_14,NA,Lampsilini,LAMP,0,0,0,0,0,0,0,0,0,0,0,0,0,0,0,0,0,0,0,0,0,0,0,0,0,0,0,NA
SIPSEY,ECHOLA,2018,S2,33.31805,-87.7618,1238.014317,0-20_14,Periodic,Anodontini,LCOM,0,0,0,0,0,0,0,0,0,0,0,0,0,0,0,0,0,0,0,0,0,0,0,0,0,0,0,NA
SIPSEY,ECHOLA,2018,S2,33.31805,-87.7618,1238.014317,0-20_4,NA,Corbicula,CFLU,0.117676538,0.088245823,4.206741201,0.122416169,4.084325032,0.06936881,0.053312962,2.629286868,0.076512248,2.55277462,0.210661992,0.12982521,4.113755747,2.568830468,0.039225513,0.029415274,1.402247067,0.04080539,1.361441677,0.023122937,0.017770987,0.876428956,0.025504083,0.850924873,0.070220664,0.04327507,1.371251916,0.856276823
SIPSEY,ECHOLA,2018,S2,33.31805,-87.7618,1238.014317,0-20_4,Equilibrium,Pleurobemini,FCER,0,0,0,0,0,0,0,0,0,0,0,0,0,0,0,0,0,0,0,0,0,0,0,0,0,0,0,NA
SIPSEY,ECHOLA,2018,S2,33.31805,-87.7618,1238.014317,0-20_4,Opportunistic,Lampsilini,LORN,0,0,0,0,0,0,0,0,0,0,0,0,0,0,0,0,0,0,0,0,0,0,0,0,0,0,0,NA
SIPSEY,ECHOLA,2018,S2,33.31805,-87.7618,1238.014317,0-20_4,Periodic,Lampsilini,OREF,1.854251983,1.599297857,87.50715253,3.605294684,83.90185785,0.167916291,0.14285062,7.448461882,0.30687663,7.141585252,5.204592542,0.449727249,84.15681198,7.166650924,0.618083994,0.533099286,29.16905084,1.201764895,27.96728595,0.055972097,0.047616873,2.482820627,0.10229221,2.380528417,1.734864181,0.149909083,28.05227066,2.388883641
SIPSEY,ECHOLA,2018,S2,33.31805,-87.7618,1238.014317,0-20_4,Equilibrium,Pleurobemini,PDEC,2.089100955,1.72746394,114.6932482,6.273720674,108.4195275,0.201319014,0.165394131,11.02199223,0.602902975,10.41908925,8.001184615,0.768297106,108.7811645,10.45501414,0.696366985,0.575821313,38.23108272,2.091240225,36.1398425,0.067106338,0.055131377,3.673997409,0.200967658,3.473029751,2.667061538,0.256099035,36.26038817,3.485004712
SIPSEY,ECHOLA,2018,S2,33.31805,-87.7618,1238.014317,0-20_4,Equilibrium,Quadrulini,PKIE,3.043896642,2.695590876,115.2700862,8.59914843,106.6709378,0.462151688,0.41173916,16.14397436,1.204340487,14.93963387,11.29473931,1.616079647,107.0192435,14.9900464,1.014632214,0.898530292,38.42336206,2.86638281,35.55697925,0.154050563,0.137246387,5.381324787,0.401446829,4.979877958,3.764913102,0.538693216,35.67308118,4.996682135
SIPSEY,ECHOLA,2018,S2,33.31805,-87.7618,1238.014317,0-20_4,Periodic,Lampsilini,LSTR,0,0,0,0,0,0,0,0,0,0,0,0,0,0,0,0,0,0,0,0,0,0,0,0,0,0,0,NA
SIPSEY,ECHOLA,2018,S2,33.31805,-87.7618,1238.014317,0-20_4,Periodic,Lampsilini,MACU,0,0,0,0,0,0,0,0,0,0,0,0,0,0,0,0,0,0,0,0,0,0,0,0,0,0,0,NA
SIPSEY,ECHOLA,2018,S2,33.31805,-87.7618,1238.014317,0-20_4,Periodic,Lampsilini,OUNI,0,0,0,0,0,0,0,0,0,0,0,0,0,0,0,0,0,0,0,0,0,0,0,0,0,0,0,NA
SIPSEY,ECHOLA,2018,S2,33.31805,-87.7618,1238.014317,0-20_4,Equilibrium,Quadrulini,QVER,2.684185484,2.170294815,82.3046017,5.053502544,77.25109915,0.244506364,0.2377306,7.35892013,0.451837696,6.907082434,7.22379736,0.689568296,77.76498982,6.913858197,0.894728495,0.723431605,27.43486723,1.684500848,25.75036638,0.081502121,0.079243533,2.452973377,0.150612565,2.302360811,2.407932453,0.229856099,25.92166327,2.304619399
SIPSEY,ECHOLA,2018,S2,33.31805,-87.7618,1238.014317,0-20_4,Periodic,Pleurobemini,EARC,0,0,0,0,0,0,0,0,0,0,0,0,0,0,0,0,0,0,0,0,0,0,0,0,0,0,0,NA
SIPSEY,ECHOLA,2018,S2,33.31805,-87.7618,1238.014317,0-20_4,Equilibrium,Amblemini,APLI,0,0,0,0,0,0,0,0,0,0,0,0,0,0,0,0,0,0,0,0,0,0,0,0,0,0,0,NA
SIPSEY,ECHOLA,2018,S2,33.31805,-87.7618,1238.014317,0-20_4,Equilibrium,Pleurobemini,REBE,0,0,0,0,0,0,0,0,0,0,0,0,0,0,0,0,0,0,0,0,0,0,0,0,0,0,0,NA
SIPSEY,ECHOLA,2018,S2,33.31805,-87.7618,1238.014317,0-20_4,Equilibrium,Quadrulini,QQUA,5.507931711,4.698551213,208.2024934,11.36785614,196.8346373,0.204529104,0.174297074,8.008426499,0.437260087,7.571166412,16.06640735,0.61155716,197.6440178,7.601398443,1.835977237,1.566183738,69.40083114,3.78928538,65.61154576,0.068176368,0.058099025,2.6694755,0.145753362,2.523722137,5.355469118,0.203852387,65.88133926,2.533799481
SIPSEY,ECHOLA,2018,S2,33.31805,-87.7618,1238.014317,0-20_4,Opportunistic,Lampsilini,TDON,0,0,0,0,0,0,0,0,0,0,0,0,0,0,0,0,0,0,0,0,0,0,0,0,0,0,0,NA
SIPSEY,ECHOLA,2018,S2,33.31805,-87.7618,1238.014317,0-20_4,Equilibrium,Quadrulini,MNER,0.013321695,0.013438401,0.887574578,0.063639097,0.823935481,0.013321695,0.013438401,0.887574578,0.063639097,0.823935481,0.077077499,0.077077499,0.823818775,0.823818775,0.004440565,0.004479467,0.295858193,0.021213032,0.27464516,0.004440565,0.004479467,0.295858193,0.021213032,0.27464516,0.0256925,0.0256925,0.274606258,0.274606258
SIPSEY,ECHOLA,2018,S2,33.31805,-87.7618,1238.014317,0-20_4,Periodic,Lampsilini,LLIE,0,0,0,0,0,0,0,0,0,0,0,0,0,0,0,0,0,0,0,0,0,0,0,0,0,0,0,NA
SIPSEY,ECHOLA,2018,S2,33.31805,-87.7618,1238.014317,0-20_4,Periodic,Lampsilini,ELIN,0,0,0,0,0,0,0,0,0,0,0,0,0,0,0,0,0,0,0,0,0,0,0,0,0,0,0,NA
SIPSEY,ECHOLA,2018,S2,33.31805,-87.7618,1238.014317,0-20_4,Opportunistic,Lampsilini,PFRA,0,0,0,0,0,0,0,0,0,0,0,0,0,0,0,0,0,0,0,0,0,0,0,0,0,0,0,NA
SIPSEY,ECHOLA,2018,S2,33.31805,-87.7618,1238.014317,0-20_4,Opportunistic,Lampsilini,LREC,0,0,0,0,0,0,0,0,0,0,0,0,0,0,0,0,0,0,0,0,0,0,0,0,0,0,0,NA
SIPSEY,ECHOLA,2018,S2,33.31805,-87.7618,1238.014317,0-20_4,Periodic,Lampsilini,OARK,0,0,0,0,0,0,0,0,0,0,0,0,0,0,0,0,0,0,0,0,0,0,0,0,0,0,0,NA
SIPSEY,ECHOLA,2018,S2,33.31805,-87.7618,1238.014317,0-20_4,Opportunistic,Lampsilini,PINF,0,0,0,0,0,0,0,0,0,0,0,0,0,0,0,0,0,0,0,0,0,0,0,0,0,0,0,NA
SIPSEY,ECHOLA,2018,S2,33.31805,-87.7618,1238.014317,0-20_4,Equilibrium,Pleurobemini,PPER,0,0,0,0,0,0,0,0,0,0,0,0,0,0,0,0,0,0,0,0,0,0,0,0,0,0,0,NA
SIPSEY,ECHOLA,2018,S2,33.31805,-87.7618,1238.014317,0-20_4,Opportunistic,Lampsilini,LTER,0,0,0,0,0,0,0,0,0,0,0,0,0,0,0,0,0,0,0,0,0,0,0,0,0,0,0,NA
SIPSEY,ECHOLA,2018,S2,33.31805,-87.7618,1238.014317,0-20_4,Periodic,Alasmodontini,SSUB,0,0,0,0,0,0,0,0,0,0,0,0,0,0,0,0,0,0,0,0,0,0,0,0,0,0,0,NA
SIPSEY,ECHOLA,2018,S2,33.31805,-87.7618,1238.014317,0-20_4,Opportunistic,Lampsilini,TPAR,0,0,0,0,0,0,0,0,0,0,0,0,0,0,0,0,0,0,0,0,0,0,0,0,0,0,0,NA
SIPSEY,ECHOLA,2018,S2,33.31805,-87.7618,1238.014317,0-20_4,Opportunistic,Lampsilini,PPUR,0,0,0,0,0,0,0,0,0,0,0,0,0,0,0,0,0,0,0,0,0,0,0,0,0,0,0,NA
SIPSEY,ECHOLA,2018,S2,33.31805,-87.7618,1238.014317,0-20_4,Periodic,Lampsilini,HPER,0,0,0,0,0,0,0,0,0,0,0,0,0,0,0,0,0,0,0,0,0,0,0,0,0,0,0,NA
SIPSEY,ECHOLA,2018,S2,33.31805,-87.7618,1238.014317,0-20_4,Periodic,Lampsilini,VVIB,0,0,0,0,0,0,0,0,0,0,0,0,0,0,0,0,0,0,0,0,0,0,0,0,0,0,0,NA
SIPSEY,ECHOLA,2018,S2,33.31805,-87.7618,1238.014317,0-20_4,Periodic,Pleurobemini,ECRA,0,0,0,0,0,0,0,0,0,0,0,0,0,0,0,0,0,0,0,0,0,0,0,0,0,0,0,NA
SIPSEY,ECHOLA,2018,S2,33.31805,-87.7618,1238.014317,0-20_4,Opportunistic,Lampsilini,TTRU,0,0,0,0,0,0,0,0,0,0,0,0,0,0,0,0,0,0,0,0,0,0,0,0,0,0,0,NA
SIPSEY,ECHOLA,2018,S2,33.31805,-87.7618,1238.014317,0-20_4,NA,Lampsilini,LAMP,0,0,0,0,0,0,0,0,0,0,0,0,0,0,0,0,0,0,0,0,0,0,0,0,0,0,0,NA
SIPSEY,ECHOLA,2018,S2,33.31805,-87.7618,1238.014317,0-20_4,Periodic,Anodontini,LCOM,0,0,0,0,0,0,0,0,0,0,0,0,0,0,0,0,0,0,0,0,0,0,0,0,0,0,0,NA
SIPSEY,ECHOLA,2018,S2,33.31805,-87.7618,1238.014317,0-20_7,NA,Corbicula,CFLU,0.025078011,0.016602743,0.66709168,0.019412368,0.647679312,0.025078011,0.016602743,0.66709168,0.019412368,0.647679312,0.036015111,0.036015111,0.65615458,0.65615458,0.007716311,0.005108536,0.205258978,0.005973036,0.199285942,0.007716311,0.005108536,0.205258978,0.005973036,0.199285942,0.011081573,0.011081573,0.201893717,0.201893717
SIPSEY,ECHOLA,2018,S2,33.31805,-87.7618,1238.014317,0-20_7,Equilibrium,Pleurobemini,FCER,0,0,0,0,0,0,0,0,0,0,0,0,0,0,0,0,0,0,0,0,0,0,0,0,0,0,0,NA
SIPSEY,ECHOLA,2018,S2,33.31805,-87.7618,1238.014317,0-20_7,Opportunistic,Lampsilini,LORN,0,0,0,0,0,0,0,0,0,0,0,0,0,0,0,0,0,0,0,0,0,0,0,0,0,0,0,NA
SIPSEY,ECHOLA,2018,S2,33.31805,-87.7618,1238.014317,0-20_7,Periodic,Lampsilini,OREF,3.365956813,2.870868331,151.6665307,6.248661065,145.4178696,0.196693818,0.167869094,8.847929791,0.364534707,8.483395083,9.119529396,0.532403801,145.9129581,8.512219808,1.035679019,0.883344102,46.66662483,1.922664943,44.74395989,0.060521175,0.051652029,2.722439936,0.112164525,2.61027541,2.806009045,0.163816554,44.89629481,2.619144556
SIPSEY,ECHOLA,2018,S2,33.31805,-87.7618,1238.014317,0-20_7,Equilibrium,Pleurobemini,PDEC,2.435051529,2.016064727,133.7591651,7.316626332,126.4425388,0.264792131,0.216991588,14.48128883,0.792126499,13.68916233,9.332691059,1.009118088,126.8615256,13.73696288,0.749246624,0.620327608,41.15666619,2.251269641,38.90539655,0.081474502,0.066766643,4.45578118,0.243731231,4.212049949,2.871597249,0.310497873,39.03431557,4.226757808
SIPSEY,ECHOLA,2018,S2,33.31805,-87.7618,1238.014317,0-20_7,Equilibrium,Quadrulini,PKIE,10.67095126,9.490885855,383.1966179,28.58646769,354.6101502,0.997963074,0.889514392,34.46416186,2.571026475,31.89313538,38.07735355,3.460540867,355.7902156,32.00158407,3.283369619,2.920272571,117.9066517,8.795836213,109.1108154,0.307065561,0.273696736,10.6043575,0.791085069,9.813272426,11.71610878,1.064781805,109.4739125,9.846641251
SIPSEY,ECHOLA,2018,S2,33.31805,-87.7618,1238.014317,0-20_7,Periodic,Lampsilini,LSTR,0,0,0,0,0,0,0,0,0,0,0,0,0,0,0,0,0,0,0,0,0,0,0,0,0,0,0,NA
SIPSEY,ECHOLA,2018,S2,33.31805,-87.7618,1238.014317,0-20_7,Periodic,Lampsilini,MACU,0,0,0,0,0,0,0,0,0,0,0,0,0,0,0,0,0,0,0,0,0,0,0,0,0,0,0,NA
SIPSEY,ECHOLA,2018,S2,33.31805,-87.7618,1238.014317,0-20_7,Periodic,Lampsilini,OUNI,0.182304328,0.136053409,6.601943819,0.394136046,6.207807773,0.062378494,0.048025525,2.46788556,0.147332768,2.320552792,0.530189455,0.195358293,6.254058692,2.334905761,0.056093639,0.041862587,2.031367329,0.12127263,1.9100947,0.019193383,0.014777085,0.759349403,0.045333159,0.714016244,0.163135217,0.060110244,1.924325751,0.718432542
SIPSEY,ECHOLA,2018,S2,33.31805,-87.7618,1238.014317,0-20_7,Equilibrium,Quadrulini,QVER,10.23402621,9.276923009,310.8565342,19.0865912,291.769943,0.553487216,0.471135039,16.8717827,1.035927458,15.83585524,28.36351421,1.507062497,292.7270462,15.91820742,3.148931141,2.854437849,95.64816437,5.872797292,89.77536708,0.170303759,0.144964627,5.191317755,0.31874691,4.872570844,8.727235141,0.463711538,90.06986037,4.897909976
SIPSEY,ECHOLA,2018,S2,33.31805,-87.7618,1238.014317,0-20_7,Periodic,Pleurobemini,EARC,0,0,0,0,0,0,0,0,0,0,0,0,0,0,0,0,0,0,0,0,0,0,0,0,0,0,0,NA
SIPSEY,ECHOLA,2018,S2,33.31805,-87.7618,1238.014317,0-20_7,Equilibrium,Amblemini,APLI,0,0,0,0,0,0,0,0,0,0,0,0,0,0,0,0,0,0,0,0,0,0,0,0,0,0,0,NA
SIPSEY,ECHOLA,2018,S2,33.31805,-87.7618,1238.014317,0-20_7,Equilibrium,Pleurobemini,REBE,0,0,0,0,0,0,0,0,0,0,0,0,0,0,0,0,0,0,0,0,0,0,0,0,0,0,0,NA
SIPSEY,ECHOLA,2018,S2,33.31805,-87.7618,1238.014317,0-20_7,Equilibrium,Quadrulini,QQUA,0.602851572,0.512472978,25.77724721,1.407437698,24.36980952,0.122439987,0.104384459,4.683886998,0.25574023,4.428146768,1.919910676,0.360124689,24.46018811,4.446202295,0.185492791,0.157683993,7.931460681,0.433057753,7.498402928,0.037673842,0.032118295,1.441195999,0.078689302,1.362506698,0.590741747,0.110807597,7.526211726,1.368062245
SIPSEY,ECHOLA,2018,S2,33.31805,-87.7618,1238.014317,0-20_7,Opportunistic,Lampsilini,TDON,0,0,0,0,0,0,0,0,0,0,0,0,0,0,0,0,0,0,0,0,0,0,0,0,0,0,0,NA
SIPSEY,ECHOLA,2018,S2,33.31805,-87.7618,1238.014317,0-20_7,Equilibrium,Quadrulini,MNER,0,0,0,0,0,0,0,0,0,0,0,0,0,0,0,0,0,0,0,0,0,0,0,0,0,0,0,NA
SIPSEY,ECHOLA,2018,S2,33.31805,-87.7618,1238.014317,0-20_7,Periodic,Lampsilini,LLIE,0.006601534,0.006910805,0.06131937,0.003047573,0.058271798,0.006601534,0.006910805,0.06131937,0.003047573,0.058271798,0.009958378,0.009958378,0.057962527,0.057962527,0.002031241,0.002126402,0.018867499,0.000937715,0.017929784,0.002031241,0.002126402,0.018867499,0.000937715,0.017929784,0.003064116,0.003064116,0.017834624,0.017834624
SIPSEY,ECHOLA,2018,S2,33.31805,-87.7618,1238.014317,0-20_7,Periodic,Lampsilini,ELIN,0,0,0,0,0,0,0,0,0,0,0,0,0,0,0,0,0,0,0,0,0,0,0,0,0,0,0,NA
SIPSEY,ECHOLA,2018,S2,33.31805,-87.7618,1238.014317,0-20_7,Opportunistic,Lampsilini,PFRA,0,0,0,0,0,0,0,0,0,0,0,0,0,0,0,0,0,0,0,0,0,0,0,0,0,0,0,NA
SIPSEY,ECHOLA,2018,S2,33.31805,-87.7618,1238.014317,0-20_7,Opportunistic,Lampsilini,LREC,0,0,0,0,0,0,0,0,0,0,0,0,0,0,0,0,0,0,0,0,0,0,0,0,0,0,0,NA
SIPSEY,ECHOLA,2018,S2,33.31805,-87.7618,1238.014317,0-20_7,Periodic,Lampsilini,OARK,0,0,0,0,0,0,0,0,0,0,0,0,0,0,0,0,0,0,0,0,0,0,0,0,0,0,0,NA
SIPSEY,ECHOLA,2018,S2,33.31805,-87.7618,1238.014317,0-20_7,Opportunistic,Lampsilini,PINF,0,0,0,0,0,0,0,0,0,0,0,0,0,0,0,0,0,0,0,0,0,0,0,0,0,0,0,NA
SIPSEY,ECHOLA,2018,S2,33.31805,-87.7618,1238.014317,0-20_7,Equilibrium,Pleurobemini,PPER,0,0,0,0,0,0,0,0,0,0,0,0,0,0,0,0,0,0,0,0,0,0,0,0,0,0,0,NA
SIPSEY,ECHOLA,2018,S2,33.31805,-87.7618,1238.014317,0-20_7,Opportunistic,Lampsilini,LTER,0,0,0,0,0,0,0,0,0,0,0,0,0,0,0,0,0,0,0,0,0,0,0,0,0,0,0,NA
SIPSEY,ECHOLA,2018,S2,33.31805,-87.7618,1238.014317,0-20_7,Periodic,Alasmodontini,SSUB,0,0,0,0,0,0,0,0,0,0,0,0,0,0,0,0,0,0,0,0,0,0,0,0,0,0,0,NA
SIPSEY,ECHOLA,2018,S2,33.31805,-87.7618,1238.014317,0-20_7,Opportunistic,Lampsilini,TPAR,0,0,0,0,0,0,0,0,0,0,0,0,0,0,0,0,0,0,0,0,0,0,0,0,0,0,0,NA
SIPSEY,ECHOLA,2018,S2,33.31805,-87.7618,1238.014317,0-20_7,Opportunistic,Lampsilini,PPUR,0,0,0,0,0,0,0,0,0,0,0,0,0,0,0,0,0,0,0,0,0,0,0,0,0,0,0,NA
SIPSEY,ECHOLA,2018,S2,33.31805,-87.7618,1238.014317,0-20_7,Periodic,Lampsilini,HPER,0,0,0,0,0,0,0,0,0,0,0,0,0,0,0,0,0,0,0,0,0,0,0,0,0,0,0,NA
SIPSEY,ECHOLA,2018,S2,33.31805,-87.7618,1238.014317,0-20_7,Periodic,Lampsilini,VVIB,0,0,0,0,0,0,0,0,0,0,0,0,0,0,0,0,0,0,0,0,0,0,0,0,0,0,0,NA
SIPSEY,ECHOLA,2018,S2,33.31805,-87.7618,1238.014317,0-20_7,Periodic,Pleurobemini,ECRA,0,0,0,0,0,0,0,0,0,0,0,0,0,0,0,0,0,0,0,0,0,0,0,0,0,0,0,NA
SIPSEY,ECHOLA,2018,S2,33.31805,-87.7618,1238.014317,0-20_7,Opportunistic,Lampsilini,TTRU,0,0,0,0,0,0,0,0,0,0,0,0,0,0,0,0,0,0,0,0,0,0,0,0,0,0,0,NA
SIPSEY,ECHOLA,2018,S2,33.31805,-87.7618,1238.014317,0-20_7,NA,Lampsilini,LAMP,0,0,0,0,0,0,0,0,0,0,0,0,0,0,0,0,0,0,0,0,0,0,0,0,0,0,0,NA
SIPSEY,ECHOLA,2018,S2,33.31805,-87.7618,1238.014317,0-20_7,Periodic,Anodontini,LCOM,0,0,0,0,0,0,0,0,0,0,0,0,0,0,0,0,0,0,0,0,0,0,0,0,0,0,0,NA
SIPSEY,ECHOLA,2018,S2,33.31805,-87.7618,1238.014317,20-40_14,NA,Corbicula,CFLU,0.073829062,0.05477165,2.593927283,0.075483284,2.518443999,0.037598265,0.028572004,1.410836533,0.041055343,1.36978119,0.130254934,0.069627347,2.53750141,1.378807451,0.022716634,0.016852815,0.798131472,0.023225626,0.774905846,0.011568697,0.008791386,0.434103549,0.012632413,0.421471135,0.040078441,0.021423799,0.780769665,0.424248447
SIPSEY,ECHOLA,2018,S2,33.31805,-87.7618,1238.014317,20-40_14,Equilibrium,Pleurobemini,FCER,1.666727397,1.427506625,66.03474666,3.447013776,62.58773288,0.092039074,0.077615062,3.4487229,0.180023335,3.268699565,4.874520401,0.257638397,62.82695366,3.283123577,0.512839199,0.439232808,20.31838359,1.060619623,19.25776396,0.028319715,0.023881557,1.061145508,0.055391796,1.005753712,1.499852431,0.079273353,19.33137036,1.01019187
SIPSEY,ECHOLA,2018,S2,33.31805,-87.7618,1238.014317,20-40_14,Opportunistic,Lampsilini,LORN,7.893229908,5.838555477,104.1636444,12.05173366,92.11191078,0,0,0,0,0,17.89028914,0,94.16658522,0,2.428686126,1.796478608,32.05035214,3.708225742,28.34212639,0,0,0,0,0,5.504704351,0,28.97433391,0
SIPSEY,ECHOLA,2018,S2,33.31805,-87.7618,1238.014317,20-40_14,Periodic,Lampsilini,OREF,0,0,0,0,0,0,0,0,0,0,0,0,0,0,0,0,0,0,0,0,0,0,0,0,0,0,0,NA
SIPSEY,ECHOLA,2018,S2,33.31805,-87.7618,1238.014317,20-40_14,Equilibrium,Pleurobemini,PDEC,2.117219755,1.741654713,115.9769731,6.34394043,109.6330327,0.105955454,0.087534696,5.814804051,0.318069782,5.496734269,8.085595143,0.405604477,110.0085977,5.515155027,0.651452232,0.535893758,35.6852225,1.951981671,33.73324083,0.032601678,0.026933753,1.789170477,0.097867625,1.691302852,2.487875429,0.124801378,33.8487993,1.696970778
SIPSEY,ECHOLA,2018,S2,33.31805,-87.7618,1238.014317,20-40_14,Equilibrium,Quadrulini,PKIE,6.581348089,5.872629562,226.5910798,16.90369455,209.6873852,0.36150335,0.323513076,11.83494612,0.882886981,10.95205914,22.77632412,1.206400057,210.3961038,10.99004942,2.025030181,1.806962942,69.72033225,5.201136786,64.51919546,0.1112318,0.099542485,3.641521884,0.271657533,3.369864351,7.008099728,0.371200017,64.7372627,3.381553666
SIPSEY,ECHOLA,2018,S2,33.31805,-87.7618,1238.014317,20-40_14,Periodic,Lampsilini,LSTR,0,0,0,0,0,0,0,0,0,0,0,0,0,0,0,0,0,0,0,0,0,0,0,0,0,0,0,NA
SIPSEY,ECHOLA,2018,S2,33.31805,-87.7618,1238.014317,20-40_14,Periodic,Lampsilini,MACU,0.050900925,0.042770612,0.624689341,0.036794202,0.587895139,0.029920602,0.026197041,0.363995864,0.021439356,0.342556508,0.079564814,0.047636397,0.596025452,0.34628007,0.015661823,0.013160188,0.192212105,0.011321293,0.180890812,0.009206339,0.008060628,0.111998728,0.006596725,0.105402002,0.024481481,0.014657353,0.183392447,0.106547714
SIPSEY,ECHOLA,2018,S2,33.31805,-87.7618,1238.014317,20-40_14,Periodic,Lampsilini,OUNI,0,0,0,0,0,0,0,0,0,0,0,0,0,0,0,0,0,0,0,0,0,0,0,0,0,0,0,NA
SIPSEY,ECHOLA,2018,S2,33.31805,-87.7618,1238.014317,20-40_14,Equilibrium,Quadrulini,QVER,7.477825434,6.593718212,227.5645155,13.97246125,213.5920542,0.266531527,0.253656153,8.037307334,0.49349067,7.543816664,20.56617946,0.747146823,214.4761615,7.556692038,2.300869364,2.028836373,70.01985092,4.299218846,65.72063207,0.082009701,0.078048047,2.473017641,0.151843283,2.321174358,6.328055219,0.22989133,65.99266506,2.325136012
SIPSEY,ECHOLA,2018,S2,33.31805,-87.7618,1238.014317,20-40_14,Periodic,Pleurobemini,EARC,0,0,0,0,0,0,0,0,0,0,0,0,0,0,0,0,0,0,0,0,0,0,0,0,0,0,0,NA
SIPSEY,ECHOLA,2018,S2,33.31805,-87.7618,1238.014317,20-40_14,Equilibrium,Amblemini,APLI,0,0,0,0,0,0,0,0,0,0,0,0,0,0,0,0,0,0,0,0,0,0,0,0,0,0,0,NA
SIPSEY,ECHOLA,2018,S2,33.31805,-87.7618,1238.014317,20-40_14,Equilibrium,Pleurobemini,REBE,0,0,0,0,0,0,0,0,0,0,0,0,0,0,0,0,0,0,0,0,0,0,0,0,0,0,0,NA
SIPSEY,ECHOLA,2018,S2,33.31805,-87.7618,1238.014317,20-40_14,Equilibrium,Quadrulini,QQUA,2.171317885,1.853481672,79.94753201,4.365135248,75.58239676,0,0,0,0,0,6.218616919,0,75.90023297,0,0.668097811,0.570302053,24.59924062,1.343118538,23.25612208,0,0,0,0,0,1.913420591,0,23.35391784,0
SIPSEY,ECHOLA,2018,S2,33.31805,-87.7618,1238.014317,20-40_14,Opportunistic,Lampsilini,TDON,0,0,0,0,0,0,0,0,0,0,0,0,0,0,0,0,0,0,0,0,0,0,0,0,0,0,0,NA
SIPSEY,ECHOLA,2018,S2,33.31805,-87.7618,1238.014317,20-40_14,Equilibrium,Quadrulini,MNER,0,0,0,0,0,0,0,0,0,0,0,0,0,0,0,0,0,0,0,0,0,0,0,0,0,0,0,NA
SIPSEY,ECHOLA,2018,S2,33.31805,-87.7618,1238.014317,20-40_14,Periodic,Lampsilini,LLIE,0.008377922,0.008673749,0.082861752,0.004118229,0.078743523,0.008377922,0.008673749,0.082861752,0.004118229,0.078743523,0.012791978,0.012791978,0.078447696,0.078447696,0.002577822,0.002668846,0.025495924,0.001267147,0.024228776,0.002577822,0.002668846,0.025495924,0.001267147,0.024228776,0.003935993,0.003935993,0.024137753,0.024137753
SIPSEY,ECHOLA,2018,S2,33.31805,-87.7618,1238.014317,20-40_14,Periodic,Lampsilini,ELIN,0,0,0,0,0,0,0,0,0,0,0,0,0,0,0,0,0,0,0,0,0,0,0,0,0,0,0,NA
SIPSEY,ECHOLA,2018,S2,33.31805,-87.7618,1238.014317,20-40_14,Opportunistic,Lampsilini,PFRA,0,0,0,0,0,0,0,0,0,0,0,0,0,0,0,0,0,0,0,0,0,0,0,0,0,0,0,NA
SIPSEY,ECHOLA,2018,S2,33.31805,-87.7618,1238.014317,20-40_14,Opportunistic,Lampsilini,LREC,0,0,0,0,0,0,0,0,0,0,0,0,0,0,0,0,0,0,0,0,0,0,0,0,0,0,0,NA
SIPSEY,ECHOLA,2018,S2,33.31805,-87.7618,1238.014317,20-40_14,Periodic,Lampsilini,OARK,0,0,0,0,0,0,0,0,0,0,0,0,0,0,0,0,0,0,0,0,0,0,0,0,0,0,0,NA
SIPSEY,ECHOLA,2018,S2,33.31805,-87.7618,1238.014317,20-40_14,Opportunistic,Lampsilini,PINF,0,0,0,0,0,0,0,0,0,0,0,0,0,0,0,0,0,0,0,0,0,0,0,0,0,0,0,NA
SIPSEY,ECHOLA,2018,S2,33.31805,-87.7618,1238.014317,20-40_14,Equilibrium,Pleurobemini,PPER,0,0,0,0,0,0,0,0,0,0,0,0,0,0,0,0,0,0,0,0,0,0,0,0,0,0,0,NA
SIPSEY,ECHOLA,2018,S2,33.31805,-87.7618,1238.014317,20-40_14,Opportunistic,Lampsilini,LTER,0,0,0,0,0,0,0,0,0,0,0,0,0,0,0,0,0,0,0,0,0,0,0,0,0,0,0,NA
SIPSEY,ECHOLA,2018,S2,33.31805,-87.7618,1238.014317,20-40_14,Periodic,Alasmodontini,SSUB,0,0,0,0,0,0,0,0,0,0,0,0,0,0,0,0,0,0,0,0,0,0,0,0,0,0,0,NA
SIPSEY,ECHOLA,2018,S2,33.31805,-87.7618,1238.014317,20-40_14,Opportunistic,Lampsilini,TPAR,0,0,0,0,0,0,0,0,0,0,0,0,0,0,0,0,0,0,0,0,0,0,0,0,0,0,0,NA
SIPSEY,ECHOLA,2018,S2,33.31805,-87.7618,1238.014317,20-40_14,Opportunistic,Lampsilini,PPUR,0,0,0,0,0,0,0,0,0,0,0,0,0,0,0,0,0,0,0,0,0,0,0,0,0,0,0,NA
SIPSEY,ECHOLA,2018,S2,33.31805,-87.7618,1238.014317,20-40_14,Periodic,Lampsilini,HPER,0,0,0,0,0,0,0,0,0,0,0,0,0,0,0,0,0,0,0,0,0,0,0,0,0,0,0,NA
SIPSEY,ECHOLA,2018,S2,33.31805,-87.7618,1238.014317,20-40_14,Periodic,Lampsilini,VVIB,0,0,0,0,0,0,0,0,0,0,0,0,0,0,0,0,0,0,0,0,0,0,0,0,0,0,0,NA
SIPSEY,ECHOLA,2018,S2,33.31805,-87.7618,1238.014317,20-40_14,Periodic,Pleurobemini,ECRA,0,0,0,0,0,0,0,0,0,0,0,0,0,0,0,0,0,0,0,0,0,0,0,0,0,0,0,NA
SIPSEY,ECHOLA,2018,S2,33.31805,-87.7618,1238.014317,20-40_14,Opportunistic,Lampsilini,TTRU,0,0,0,0,0,0,0,0,0,0,0,0,0,0,0,0,0,0,0,0,0,0,0,0,0,0,0,NA
SIPSEY,ECHOLA,2018,S2,33.31805,-87.7618,1238.014317,20-40_14,NA,Lampsilini,LAMP,0,0,0,0,0,0,0,0,0,0,0,0,0,0,0,0,0,0,0,0,0,0,0,0,0,0,0,NA
SIPSEY,ECHOLA,2018,S2,33.31805,-87.7618,1238.014317,20-40_14,Periodic,Anodontini,LCOM,0,0,0,0,0,0,0,0,0,0,0,0,0,0,0,0,0,0,0,0,0,0,0,0,0,0,0,NA
SIPSEY,ECHOLA,2018,S2,33.31805,-87.7618,1238.014317,20-40_4,NA,Corbicula,CFLU,0.138593194,0.097605962,4.293399602,0.124937928,4.168461674,0.102362397,0.071406316,3.110308852,0.090509988,3.019798865,0.22254389,0.161916303,4.209448906,3.050754947,0.046197731,0.032535321,1.431133201,0.041645976,1.389487225,0.034120799,0.023802105,1.036769617,0.030169996,1.006599622,0.074181297,0.053972101,1.403149635,1.016918316
SIPSEY,ECHOLA,2018,S2,33.31805,-87.7618,1238.014317,20-40_4,Equilibrium,Pleurobemini,FCER,0.313485277,0.278942387,14.03701854,0.732732368,13.30428617,0.090663571,0.07819171,3.651680641,0.190617729,3.461062911,1.011674755,0.26880944,13.33882906,3.473534772,0.104495092,0.092980796,4.679006181,0.244244123,4.434762058,0.03022119,0.026063903,1.21722688,0.063539243,1.153687637,0.337224918,0.089603147,4.446276355,1.157844924
SIPSEY,ECHOLA,2018,S2,33.31805,-87.7618,1238.014317,20-40_4,Opportunistic,Lampsilini,LORN,9.473404698,6.878040094,143.777163,16.63501776,127.1421453,0,0,0,0,0,23.51305786,0,129.7375099,0,3.157801566,2.292680031,47.92572101,5.545005921,42.38071509,0,0,0,0,0,7.837685953,0,43.24583663,0
SIPSEY,ECHOLA,2018,S2,33.31805,-87.7618,1238.014317,20-40_4,Periodic,Lampsilini,OREF,0,0,0,0,0,0,0,0,0,0,0,0,0,0,0,0,0,0,0,0,0,0,0,0,0,0,0,NA
SIPSEY,ECHOLA,2018,S2,33.31805,-87.7618,1238.014317,20-40_4,Equilibrium,Pleurobemini,PDEC,4.090860982,3.390594318,224.8164898,12.29746199,212.5190278,0.532895978,0.440077716,29.24016131,1.599436824,27.64072449,15.68805631,2.03951454,213.2192945,27.73354275,1.363620327,1.130198106,74.93882994,4.099153998,70.83967594,0.177631993,0.146692572,9.746720438,0.533145608,9.21357483,5.229352104,0.67983818,71.07309816,9.24451425
SIPSEY,ECHOLA,2018,S2,33.31805,-87.7618,1238.014317,20-40_4,Equilibrium,Quadrulini,PKIE,8.421882336,7.482869053,305.6298225,22.79998476,282.8298377,0.793013938,0.708983656,26.42023218,1.970949321,24.44928286,30.28285381,2.679932977,283.768851,24.53331314,2.807294112,2.494289684,101.8766075,7.599994919,94.27661258,0.264337979,0.236327885,8.806744061,0.656983107,8.149760954,10.0942846,0.893310992,94.589617,8.177771048
SIPSEY,ECHOLA,2018,S2,33.31805,-87.7618,1238.014317,20-40_4,Periodic,Lampsilini,LSTR,0,0,0,0,0,0,0,0,0,0,0,0,0,0,0,0,0,0,0,0,0,0,0,0,0,0,0,NA
SIPSEY,ECHOLA,2018,S2,33.31805,-87.7618,1238.014317,20-40_4,Periodic,Lampsilini,MACU,0.090245197,0.078916899,1.098719142,0.064714557,1.034004584,0.015046495,0.013988057,0.180851552,0.010652156,0.170199395,0.143631457,0.024640214,1.045332882,0.171257833,0.030081732,0.026305633,0.366239714,0.021571519,0.344668195,0.005015498,0.004662686,0.060283851,0.003550719,0.056733132,0.047877152,0.008213405,0.348444294,0.057085944
SIPSEY,ECHOLA,2018,S2,33.31805,-87.7618,1238.014317,20-40_4,Periodic,Lampsilini,OUNI,2.520923858,2.001824337,109.8205557,6.556287175,103.2642685,0.104206313,0.084986913,4.892465759,0.292080206,4.600385553,8.558111512,0.377067119,103.783368,4.619604954,0.840307953,0.667274779,36.6068519,2.185429058,34.42142284,0.034735438,0.028328971,1.63082192,0.097360069,1.533461851,2.852703837,0.12568904,34.59445601,1.539868318
SIPSEY,ECHOLA,2018,S2,33.31805,-87.7618,1238.014317,20-40_4,Equilibrium,Quadrulini,QVER,3.001199141,2.155506448,93.02267189,5.711592054,87.31107984,0.62173238,0.523197914,18.96038527,1.164167656,17.79621762,7.867098502,1.68736557,88.15677253,17.89475208,1.000399714,0.718502149,31.0075573,1.903864018,29.10369328,0.207244127,0.174399305,6.320128425,0.388055885,5.93207254,2.622366167,0.56245519,29.38559084,5.964917361
SIPSEY,ECHOLA,2018,S2,33.31805,-87.7618,1238.014317,20-40_4,Periodic,Pleurobemini,EARC,0,0,0,0,0,0,0,0,0,0,0,0,0,0,0,0,0,0,0,0,0,0,0,0,0,0,0,NA
SIPSEY,ECHOLA,2018,S2,33.31805,-87.7618,1238.014317,20-40_4,Equilibrium,Amblemini,APLI,0,0,0,0,0,0,0,0,0,0,0,0,0,0,0,0,0,0,0,0,0,0,0,0,0,0,0,NA
SIPSEY,ECHOLA,2018,S2,33.31805,-87.7618,1238.014317,20-40_4,Equilibrium,Pleurobemini,REBE,0,0,0,0,0,0,0,0,0,0,0,0,0,0,0,0,0,0,0,0,0,0,0,0,0,0,0,NA
SIPSEY,ECHOLA,2018,S2,33.31805,-87.7618,1238.014317,20-40_4,Equilibrium,Quadrulini,QQUA,5.881694196,5.025862445,208.7842177,11.39961828,197.3845994,0,0,0,0,0,16.42548073,0,198.2404311,0,1.960564732,1.675287482,69.59473922,3.799872761,65.79486646,0,0,0,0,0,5.475160243,0,66.08014371,0
SIPSEY,ECHOLA,2018,S2,33.31805,-87.7618,1238.014317,20-40_4,Opportunistic,Lampsilini,TDON,0,0,0,0,0,0,0,0,0,0,0,0,0,0,0,0,0,0,0,0,0,0,0,0,0,0,0,NA
SIPSEY,ECHOLA,2018,S2,33.31805,-87.7618,1238.014317,20-40_4,Equilibrium,Quadrulini,MNER,0,0,0,0,0,0,0,0,0,0,0,0,0,0,0,0,0,0,0,0,0,0,0,0,0,0,0,NA
SIPSEY,ECHOLA,2018,S2,33.31805,-87.7618,1238.014317,20-40_4,Periodic,Lampsilini,LLIE,0,0,0,0,0,0,0,0,0,0,0,0,0,0,0,0,0,0,0,0,0,0,0,0,0,0,0,NA
SIPSEY,ECHOLA,2018,S2,33.31805,-87.7618,1238.014317,20-40_4,Periodic,Lampsilini,ELIN,0,0,0,0,0,0,0,0,0,0,0,0,0,0,0,0,0,0,0,0,0,0,0,0,0,0,0,NA
SIPSEY,ECHOLA,2018,S2,33.31805,-87.7618,1238.014317,20-40_4,Opportunistic,Lampsilini,PFRA,0,0,0,0,0,0,0,0,0,0,0,0,0,0,0,0,0,0,0,0,0,0,0,0,0,0,0,NA
SIPSEY,ECHOLA,2018,S2,33.31805,-87.7618,1238.014317,20-40_4,Opportunistic,Lampsilini,LREC,0,0,0,0,0,0,0,0,0,0,0,0,0,0,0,0,0,0,0,0,0,0,0,0,0,0,0,NA
SIPSEY,ECHOLA,2018,S2,33.31805,-87.7618,1238.014317,20-40_4,Periodic,Lampsilini,OARK,0,0,0,0,0,0,0,0,0,0,0,0,0,0,0,0,0,0,0,0,0,0,0,0,0,0,0,NA
SIPSEY,ECHOLA,2018,S2,33.31805,-87.7618,1238.014317,20-40_4,Opportunistic,Lampsilini,PINF,0,0,0,0,0,0,0,0,0,0,0,0,0,0,0,0,0,0,0,0,0,0,0,0,0,0,0,NA
SIPSEY,ECHOLA,2018,S2,33.31805,-87.7618,1238.014317,20-40_4,Equilibrium,Pleurobemini,PPER,0,0,0,0,0,0,0,0,0,0,0,0,0,0,0,0,0,0,0,0,0,0,0,0,0,0,0,NA
SIPSEY,ECHOLA,2018,S2,33.31805,-87.7618,1238.014317,20-40_4,Opportunistic,Lampsilini,LTER,0,0,0,0,0,0,0,0,0,0,0,0,0,0,0,0,0,0,0,0,0,0,0,0,0,0,0,NA
SIPSEY,ECHOLA,2018,S2,33.31805,-87.7618,1238.014317,20-40_4,Periodic,Alasmodontini,SSUB,0,0,0,0,0,0,0,0,0,0,0,0,0,0,0,0,0,0,0,0,0,0,0,0,0,0,0,NA
SIPSEY,ECHOLA,2018,S2,33.31805,-87.7618,1238.014317,20-40_4,Opportunistic,Lampsilini,TPAR,0,0,0,0,0,0,0,0,0,0,0,0,0,0,0,0,0,0,0,0,0,0,0,0,0,0,0,NA
SIPSEY,ECHOLA,2018,S2,33.31805,-87.7618,1238.014317,20-40_4,Opportunistic,Lampsilini,PPUR,0,0,0,0,0,0,0,0,0,0,0,0,0,0,0,0,0,0,0,0,0,0,0,0,0,0,0,NA
SIPSEY,ECHOLA,2018,S2,33.31805,-87.7618,1238.014317,20-40_4,Periodic,Lampsilini,HPER,0,0,0,0,0,0,0,0,0,0,0,0,0,0,0,0,0,0,0,0,0,0,0,0,0,0,0,NA
SIPSEY,ECHOLA,2018,S2,33.31805,-87.7618,1238.014317,20-40_4,Periodic,Lampsilini,VVIB,0,0,0,0,0,0,0,0,0,0,0,0,0,0,0,0,0,0,0,0,0,0,0,0,0,0,0,NA
SIPSEY,ECHOLA,2018,S2,33.31805,-87.7618,1238.014317,20-40_4,Periodic,Pleurobemini,ECRA,0,0,0,0,0,0,0,0,0,0,0,0,0,0,0,0,0,0,0,0,0,0,0,0,0,0,0,NA
SIPSEY,ECHOLA,2018,S2,33.31805,-87.7618,1238.014317,20-40_4,Opportunistic,Lampsilini,TTRU,0,0,0,0,0,0,0,0,0,0,0,0,0,0,0,0,0,0,0,0,0,0,0,0,0,0,0,NA
SIPSEY,ECHOLA,2018,S2,33.31805,-87.7618,1238.014317,20-40_4,NA,Lampsilini,LAMP,0,0,0,0,0,0,0,0,0,0,0,0,0,0,0,0,0,0,0,0,0,0,0,0,0,0,0,NA
SIPSEY,ECHOLA,2018,S2,33.31805,-87.7618,1238.014317,20-40_4,Periodic,Anodontini,LCOM,0,0,0,0,0,0,0,0,0,0,0,0,0,0,0,0,0,0,0,0,0,0,0,0,0,0,0,NA
SIPSEY,ECHOLA,2018,S2,33.31805,-87.7618,1238.014317,20-40_7,NA,Corbicula,CFLU,0.176894632,0.149677404,8.522670402,0.248009709,8.274660694,0.140663836,0.123477757,7.339579653,0.213581768,7.125997885,0.397687112,0.337059525,8.301877922,7.143183963,0.064325321,0.054428147,3.099152874,0.090185349,3.008967525,0.051150486,0.044901003,2.668938056,0.077666097,2.591271958,0.144613495,0.1225671,3.018864699,2.597521441
SIPSEY,ECHOLA,2018,S2,33.31805,-87.7618,1238.014317,20-40_7,Equilibrium,Pleurobemini,FCER,0,0,0,0,0,0,0,0,0,0,0,0,0,0,0,0,0,0,0,0,0,0,0,0,0,0,0,NA
SIPSEY,ECHOLA,2018,S2,33.31805,-87.7618,1238.014317,20-40_7,Opportunistic,Lampsilini,LORN,10.70575656,7.993748882,132.5061706,15.33096394,117.1752067,0.171896225,0.117155995,3.301415024,0.381973718,2.919441306,23.32471282,0.499129713,119.8872144,2.974181535,3.893002387,2.906817775,48.18406204,5.574895978,42.60916606,0.062507718,0.04260218,1.200514554,0.138899534,1.06161502,8.481713753,0.181501714,43.59535067,1.081520558
SIPSEY,ECHOLA,2018,S2,33.31805,-87.7618,1238.014317,20-40_7,Periodic,Lampsilini,OREF,0.733393377,0.631188362,34.27614116,1.412177016,32.86396415,0.051132514,0.042983229,2.153530337,0.08872545,2.064804887,2.043365378,0.131708679,32.96616916,2.072954172,0.266688501,0.229523041,12.46405133,0.513518915,11.95053242,0.018593641,0.015630265,0.783101941,0.0322638,0.750838141,0.743041956,0.047894065,11.98769788,0.753801517
SIPSEY,ECHOLA,2018,S2,33.31805,-87.7618,1238.014317,20-40_7,Equilibrium,Pleurobemini,PDEC,1.950207353,1.619567626,107.2670708,5.867508773,101.399562,0.30088584,0.247101482,16.47052391,0.900937658,15.56958625,7.487076399,1.14803914,101.7302018,15.62337061,0.70916631,0.588933682,39.00620757,2.133639554,36.87256801,0.109413033,0.089855084,5.989281421,0.327613694,5.661667727,2.722573236,0.417468778,36.99280064,5.681225675
SIPSEY,ECHOLA,2018,S2,33.31805,-87.7618,1238.014317,20-40_7,Equilibrium,Quadrulini,PKIE,17.72534467,15.80960644,613.5015415,45.767215,567.7343265,0.92685138,0.827814981,31.18693133,2.326545077,28.86038625,61.57682143,3.154360058,569.6500648,28.95942265,6.44557988,5.748947795,223.0914696,16.64262364,206.448846,0.337036865,0.301023629,11.3407023,0.846016392,10.49468591,22.39157143,1.147040021,207.1454781,10.53069915
SIPSEY,ECHOLA,2018,S2,33.31805,-87.7618,1238.014317,20-40_7,Periodic,Lampsilini,LSTR,0,0,0,0,0,0,0,0,0,0,0,0,0,0,0,0,0,0,0,0,0,0,0,0,0,0,0,NA
SIPSEY,ECHOLA,2018,S2,33.31805,-87.7618,1238.014317,20-40_7,Periodic,Lampsilini,MACU,0,0,0,0,0,0,0,0,0,0,0,0,0,0,0,0,0,0,0,0,0,0,0,0,0,0,0,NA
SIPSEY,ECHOLA,2018,S2,33.31805,-87.7618,1238.014317,20-40_7,Periodic,Lampsilini,OUNI,0.676809606,0.532041047,28.60234019,1.707559709,26.89478048,0.05266269,0.042970071,2.475877767,0.147809903,2.328067864,2.239600756,0.190779974,27.03954904,2.337760484,0.246112584,0.193469472,10.40085098,0.620930803,9.779920175,0.019150069,0.01562548,0.900319188,0.053749056,0.846570133,0.814400275,0.069374536,9.832563287,0.850094721
SIPSEY,ECHOLA,2018,S2,33.31805,-87.7618,1238.014317,20-40_7,Equilibrium,Quadrulini,QVER,26.89323007,24.90414578,815.1772811,50.05188506,765.1253961,0.93440698,0.743830417,28.64914354,1.759057414,26.89008613,74.95603084,2.502887831,767.1144804,27.08066269,9.77935639,9.056053009,296.4281022,18.20068548,278.2274167,0.339784356,0.270483788,10.41787038,0.639657241,9.778213138,27.25673849,0.910141029,278.9507201,9.847513707
SIPSEY,ECHOLA,2018,S2,33.31805,-87.7618,1238.014317,20-40_7,Periodic,Pleurobemini,EARC,1.467711942,1.223426962,49.28452364,2.434655468,46.84986818,0,0,0,0,0,3.65808243,0,47.09415316,0,0.533713433,0.444882532,17.92164496,0.885329261,17.0363157,0,0,0,0,0,1.330211793,0,17.1251466,0
SIPSEY,ECHOLA,2018,S2,33.31805,-87.7618,1238.014317,20-40_7,Equilibrium,Amblemini,APLI,0,0,0,0,0,0,0,0,0,0,0,0,0,0,0,0,0,0,0,0,0,0,0,0,0,0,0,NA
SIPSEY,ECHOLA,2018,S2,33.31805,-87.7618,1238.014317,20-40_7,Equilibrium,Pleurobemini,REBE,0,0,0,0,0,0,0,0,0,0,0,0,0,0,0,0,0,0,0,0,0,0,0,0,0,0,0,NA
SIPSEY,ECHOLA,2018,S2,33.31805,-87.7618,1238.014317,20-40_7,Equilibrium,Quadrulini,QQUA,5.617577355,4.789731293,215.8678145,11.78638267,204.0814319,0.23622062,0.201725814,8.510234566,0.464658807,8.045575759,16.57611397,0.666384621,204.9092779,8.080070564,2.042755402,1.74172047,78.4973871,4.285957336,74.21142977,0.085898407,0.073354841,3.094630751,0.168966839,2.925663912,6.027677806,0.24232168,74.5124647,2.938207478
SIPSEY,ECHOLA,2018,S2,33.31805,-87.7618,1238.014317,20-40_7,Opportunistic,Lampsilini,TDON,0.090197896,0.075784272,1.559705888,0.094986089,1.464719799,0.060666563,0.050972046,1.088451452,0.066286693,1.022164758,0.17077036,0.117258739,1.479133423,1.031859275,0.032799235,0.027557917,0.567165777,0.034540396,0.532625381,0.022060568,0.018535289,0.395800528,0.024104252,0.371696276,0.062098313,0.042639542,0.537866699,0.375221555
SIPSEY,ECHOLA,2018,S2,33.31805,-87.7618,1238.014317,20-40_7,Equilibrium,Quadrulini,MNER,2.085095542,1.761870552,91.95537018,6.593200042,85.36217014,0.71188763,0.590009541,29.99829209,2.150877543,27.84741455,8.355070594,2.740887084,85.68539513,27.96929264,0.758216561,0.640680201,33.43831643,2.397527288,31.04078914,0.258868229,0.214548924,10.90846985,0.782137288,10.12633256,3.038207489,0.996686212,31.1583255,10.17065187
SIPSEY,ECHOLA,2018,S2,33.31805,-87.7618,1238.014317,20-40_7,Periodic,Lampsilini,LLIE,0.03743901,0.036153929,0.549332258,0.027301813,0.522030445,0.03743901,0.036153929,0.549332258,0.027301813,0.522030445,0.063455742,0.063455742,0.523315526,0.523315526,0.013614186,0.013146883,0.199757185,0.009927932,0.189829253,0.013614186,0.013146883,0.199757185,0.009927932,0.189829253,0.023074815,0.023074815,0.190296555,0.190296555
SIPSEY,ECHOLA,2018,S2,33.31805,-87.7618,1238.014317,20-40_7,Periodic,Lampsilini,ELIN,0,0,0,0,0,0,0,0,0,0,0,0,0,0,0,0,0,0,0,0,0,0,0,0,0,0,0,NA
SIPSEY,ECHOLA,2018,S2,33.31805,-87.7618,1238.014317,20-40_7,Opportunistic,Lampsilini,PFRA,0,0,0,0,0,0,0,0,0,0,0,0,0,0,0,0,0,0,0,0,0,0,0,0,0,0,0,NA
SIPSEY,ECHOLA,2018,S2,33.31805,-87.7618,1238.014317,20-40_7,Opportunistic,Lampsilini,LREC,0,0,0,0,0,0,0,0,0,0,0,0,0,0,0,0,0,0,0,0,0,0,0,0,0,0,0,NA
SIPSEY,ECHOLA,2018,S2,33.31805,-87.7618,1238.014317,20-40_7,Periodic,Lampsilini,OARK,0,0,0,0,0,0,0,0,0,0,0,0,0,0,0,0,0,0,0,0,0,0,0,0,0,0,0,NA
SIPSEY,ECHOLA,2018,S2,33.31805,-87.7618,1238.014317,20-40_7,Opportunistic,Lampsilini,PINF,0,0,0,0,0,0,0,0,0,0,0,0,0,0,0,0,0,0,0,0,0,0,0,0,0,0,0,NA
SIPSEY,ECHOLA,2018,S2,33.31805,-87.7618,1238.014317,20-40_7,Equilibrium,Pleurobemini,PPER,0,0,0,0,0,0,0,0,0,0,0,0,0,0,0,0,0,0,0,0,0,0,0,0,0,0,0,NA
SIPSEY,ECHOLA,2018,S2,33.31805,-87.7618,1238.014317,20-40_7,Opportunistic,Lampsilini,LTER,0,0,0,0,0,0,0,0,0,0,0,0,0,0,0,0,0,0,0,0,0,0,0,0,0,0,0,NA
SIPSEY,ECHOLA,2018,S2,33.31805,-87.7618,1238.014317,20-40_7,Periodic,Alasmodontini,SSUB,0,0,0,0,0,0,0,0,0,0,0,0,0,0,0,0,0,0,0,0,0,0,0,0,0,0,0,NA
SIPSEY,ECHOLA,2018,S2,33.31805,-87.7618,1238.014317,20-40_7,Opportunistic,Lampsilini,TPAR,0,0,0,0,0,0,0,0,0,0,0,0,0,0,0,0,0,0,0,0,0,0,0,0,0,0,0,NA
SIPSEY,ECHOLA,2018,S2,33.31805,-87.7618,1238.014317,20-40_7,Opportunistic,Lampsilini,PPUR,0,0,0,0,0,0,0,0,0,0,0,0,0,0,0,0,0,0,0,0,0,0,0,0,0,0,0,NA
SIPSEY,ECHOLA,2018,S2,33.31805,-87.7618,1238.014317,20-40_7,Periodic,Lampsilini,HPER,0,0,0,0,0,0,0,0,0,0,0,0,0,0,0,0,0,0,0,0,0,0,0,0,0,0,0,NA
SIPSEY,ECHOLA,2018,S2,33.31805,-87.7618,1238.014317,20-40_7,Periodic,Lampsilini,VVIB,0,0,0,0,0,0,0,0,0,0,0,0,0,0,0,0,0,0,0,0,0,0,0,0,0,0,0,NA
SIPSEY,ECHOLA,2018,S2,33.31805,-87.7618,1238.014317,20-40_7,Periodic,Pleurobemini,ECRA,0,0,0,0,0,0,0,0,0,0,0,0,0,0,0,0,0,0,0,0,0,0,0,0,0,0,0,NA
SIPSEY,ECHOLA,2018,S2,33.31805,-87.7618,1238.014317,20-40_7,Opportunistic,Lampsilini,TTRU,0,0,0,0,0,0,0,0,0,0,0,0,0,0,0,0,0,0,0,0,0,0,0,0,0,0,0,NA
SIPSEY,ECHOLA,2018,S2,33.31805,-87.7618,1238.014317,20-40_7,NA,Lampsilini,LAMP,0,0,0,0,0,0,0,0,0,0,0,0,0,0,0,0,0,0,0,0,0,0,0,0,0,0,0,NA
SIPSEY,ECHOLA,2018,S2,33.31805,-87.7618,1238.014317,20-40_7,Periodic,Anodontini,LCOM,0,0,0,0,0,0,0,0,0,0,0,0,0,0,0,0,0,0,0,0,0,0,0,0,0,0,0,NA
SIPSEY,WENDELL_6,2022,S3,33.121505,-87.911094,1693.852224,1,NA,Corbicula,CFLU,0,0,0,0,0,0,0,0,0,0,0,0,0,0,0,0,0,0,0,0,0,0,0,0,0,0,0,NA
SIPSEY,WENDELL_6,2022,S3,33.121505,-87.911094,1693.852224,1,Equilibrium,Pleurobemini,FCER,1.826336399,1.562824917,72.10783701,3.764029092,68.34380791,0.087248694,0.072081277,3.059702719,0.159716482,2.899986237,5.326854009,0.231797759,68.6073194,2.915153654,0.811705066,0.694588852,32.04792756,1.672901819,30.37502574,0.038777197,0.032036123,1.359867875,0.070985103,1.288882772,2.367490671,0.103021226,30.49214195,1.295623846
SIPSEY,WENDELL_6,2022,S3,33.121505,-87.911094,1693.852224,1,Opportunistic,Lampsilini,LORN,2.407286202,1.87251373,21.80575933,2.522926354,19.28283297,0.389515267,0.274659088,5.808946898,0.672095156,5.136851742,4.395440084,0.946754244,19.81760544,5.25170792,1.069904979,0.832228325,9.691448589,1.121300602,8.570147988,0.173117896,0.122070706,2.581754177,0.298708958,2.283045219,1.953528926,0.420779664,8.807824642,2.334092409
SIPSEY,WENDELL_6,2022,S3,33.121505,-87.911094,1693.852224,1,Periodic,Lampsilini,OREF,0,0,0,0,0,0,0,0,0,0,0,0,0,0,0,0,0,0,0,0,0,0,0,0,0,0,0,NA
SIPSEY,WENDELL_6,2022,S3,33.121505,-87.911094,1693.852224,1,Equilibrium,Pleurobemini,PDEC,1.244087313,1.031360941,68.37658046,3.740198951,64.63638151,0.16226603,0.133957688,8.902090953,0.486944375,8.415146578,4.771559892,0.620902063,64.84910788,8.44345492,0.552927695,0.45838264,30.38959132,1.662310645,28.72728067,0.072118236,0.05953675,3.956484868,0.216419722,3.740065146,2.120693285,0.275956473,28.82182572,3.752646631
SIPSEY,WENDELL_6,2022,S3,33.121505,-87.911094,1693.852224,1,Equilibrium,Quadrulini,PKIE,0.605480802,0.535908503,23.02711328,1.717822651,21.30929063,0.095824879,0.085655455,3.181745854,0.237358241,2.944387614,2.253731154,0.323013696,21.37886293,2.954557037,0.269102579,0.238181557,10.23427257,0.763476734,9.470795837,0.042588835,0.038069091,1.414109269,0.105492551,1.308616717,1.001658291,0.143561643,9.501716859,1.313136461
SIPSEY,WENDELL_6,2022,S3,33.121505,-87.911094,1693.852224,1,Periodic,Lampsilini,LSTR,0,0,0,0,0,0,0,0,0,0,0,0,0,0,0,0,0,0,0,0,0,0,0,0,0,0,0,NA
SIPSEY,WENDELL_6,2022,S3,33.121505,-87.911094,1693.852224,1,Periodic,Lampsilini,MACU,0,0,0,0,0,0,0,0,0,0,0,0,0,0,0,0,0,0,0,0,0,0,0,0,0,0,0,NA
SIPSEY,WENDELL_6,2022,S3,33.121505,-87.911094,1693.852224,1,Periodic,Lampsilini,OUNI,2.514048646,1.978889034,106.7533175,6.373173053,100.3801444,0.195417588,0.15653451,8.70243259,0.519535226,8.182897365,8.352062087,0.676069735,100.915304,8.221780443,1.117354954,0.879506237,47.44591888,2.832521357,44.61339752,0.086852262,0.069570893,3.867747818,0.230904545,3.636843273,3.712027594,0.300475438,44.85124624,3.654124642
SIPSEY,WENDELL_6,2022,S3,33.121505,-87.911094,1693.852224,1,Equilibrium,Quadrulini,QVER,0,0,0,0,0,0,0,0,0,0,0,0,0,0,0,0,0,0,0,0,0,0,0,0,0,0,0,NA
SIPSEY,WENDELL_6,2022,S3,33.121505,-87.911094,1693.852224,1,Periodic,Pleurobemini,EARC,1.021565817,0.850916147,32.84238514,1.622413826,31.21997132,0.09033102,0.075386029,3.235108012,0.159814336,3.075293677,2.473329973,0.235200365,31.39062099,3.090238667,0.454029252,0.378184954,14.59661562,0.721072812,13.87554281,0.04014712,0.033504902,1.437825783,0.071028594,1.36679719,1.099257766,0.104533496,13.95138711,1.373439408
SIPSEY,WENDELL_6,2022,S3,33.121505,-87.911094,1693.852224,1,Equilibrium,Amblemini,APLI,0,0,0,0,0,0,0,0,0,0,0,0,0,0,0,0,0,0,0,0,0,0,0,0,0,0,0,NA
SIPSEY,WENDELL_6,2022,S3,33.121505,-87.911094,1693.852224,1,Equilibrium,Pleurobemini,REBE,0,0,0,0,0,0,0,0,0,0,0,0,0,0,0,0,0,0,0,0,0,0,0,0,0,0,0,NA
SIPSEY,WENDELL_6,2022,S3,33.121505,-87.911094,1693.852224,1,Equilibrium,Quadrulini,QQUA,0,0,0,0,0,0,0,0,0,0,0,0,0,0,0,0,0,0,0,0,0,0,0,0,0,0,0,NA
SIPSEY,WENDELL_6,2022,S3,33.121505,-87.911094,1693.852224,1,Opportunistic,Lampsilini,TDON,0,0,0,0,0,0,0,0,0,0,0,0,0,0,0,0,0,0,0,0,0,0,0,0,0,0,0,NA
SIPSEY,WENDELL_6,2022,S3,33.121505,-87.911094,1693.852224,1,Equilibrium,Quadrulini,MNER,0,0,0,0,0,0,0,0,0,0,0,0,0,0,0,0,0,0,0,0,0,0,0,0,0,0,0,NA
SIPSEY,WENDELL_6,2022,S3,33.121505,-87.911094,1693.852224,1,Periodic,Lampsilini,LLIE,0,0,0,0,0,0,0,0,0,0,0,0,0,0,0,0,0,0,0,0,0,0,0,0,0,0,0,NA
SIPSEY,WENDELL_6,2022,S3,33.121505,-87.911094,1693.852224,1,Periodic,Lampsilini,ELIN,0,0,0,0,0,0,0,0,0,0,0,0,0,0,0,0,0,0,0,0,0,0,0,0,0,0,0,NA
SIPSEY,WENDELL_6,2022,S3,33.121505,-87.911094,1693.852224,1,Opportunistic,Lampsilini,PFRA,0,0,0,0,0,0,0,0,0,0,0,0,0,0,0,0,0,0,0,0,0,0,0,0,0,0,0,NA
SIPSEY,WENDELL_6,2022,S3,33.121505,-87.911094,1693.852224,1,Opportunistic,Lampsilini,LREC,0,0,0,0,0,0,0,0,0,0,0,0,0,0,0,0,0,0,0,0,0,0,0,0,0,0,0,NA
SIPSEY,WENDELL_6,2022,S3,33.121505,-87.911094,1693.852224,1,Periodic,Lampsilini,OARK,0,0,0,0,0,0,0,0,0,0,0,0,0,0,0,0,0,0,0,0,0,0,0,0,0,0,0,NA
SIPSEY,WENDELL_6,2022,S3,33.121505,-87.911094,1693.852224,1,Opportunistic,Lampsilini,PINF,0,0,0,0,0,0,0,0,0,0,0,0,0,0,0,0,0,0,0,0,0,0,0,0,0,0,0,NA
SIPSEY,WENDELL_6,2022,S3,33.121505,-87.911094,1693.852224,1,Equilibrium,Pleurobemini,PPER,0,0,0,0,0,0,0,0,0,0,0,0,0,0,0,0,0,0,0,0,0,0,0,0,0,0,0,NA
SIPSEY,WENDELL_6,2022,S3,33.121505,-87.911094,1693.852224,1,Opportunistic,Lampsilini,LTER,0,0,0,0,0,0,0,0,0,0,0,0,0,0,0,0,0,0,0,0,0,0,0,0,0,0,0,NA
SIPSEY,WENDELL_6,2022,S3,33.121505,-87.911094,1693.852224,1,Periodic,Alasmodontini,SSUB,0,0,0,0,0,0,0,0,0,0,0,0,0,0,0,0,0,0,0,0,0,0,0,0,0,0,0,NA
SIPSEY,WENDELL_6,2022,S3,33.121505,-87.911094,1693.852224,1,Opportunistic,Lampsilini,TPAR,0,0,0,0,0,0,0,0,0,0,0,0,0,0,0,0,0,0,0,0,0,0,0,0,0,0,0,NA
SIPSEY,WENDELL_6,2022,S3,33.121505,-87.911094,1693.852224,1,Opportunistic,Lampsilini,PPUR,0,0,0,0,0,0,0,0,0,0,0,0,0,0,0,0,0,0,0,0,0,0,0,0,0,0,0,NA
SIPSEY,WENDELL_6,2022,S3,33.121505,-87.911094,1693.852224,1,Periodic,Lampsilini,HPER,0,0,0,0,0,0,0,0,0,0,0,0,0,0,0,0,0,0,0,0,0,0,0,0,0,0,0,NA
SIPSEY,WENDELL_6,2022,S3,33.121505,-87.911094,1693.852224,1,Periodic,Lampsilini,VVIB,0,0,0,0,0,0,0,0,0,0,0,0,0,0,0,0,0,0,0,0,0,0,0,0,0,0,0,NA
SIPSEY,WENDELL_6,2022,S3,33.121505,-87.911094,1693.852224,1,Periodic,Pleurobemini,ECRA,0,0,0,0,0,0,0,0,0,0,0,0,0,0,0,0,0,0,0,0,0,0,0,0,0,0,0,NA
SIPSEY,WENDELL_6,2022,S3,33.121505,-87.911094,1693.852224,1,Opportunistic,Lampsilini,TTRU,0,0,0,0,0,0,0,0,0,0,0,0,0,0,0,0,0,0,0,0,0,0,0,0,0,0,0,NA
SIPSEY,WENDELL_6,2022,S3,33.121505,-87.911094,1693.852224,1,NA,Lampsilini,LAMP,0,0,0,0,0,0,0,0,0,0,0,0,0,0,0,0,0,0,0,0,0,0,0,0,0,0,0,NA
SIPSEY,WENDELL_6,2022,S3,33.121505,-87.911094,1693.852224,1,Periodic,Anodontini,LCOM,0,0,0,0,0,0,0,0,0,0,0,0,0,0,0,0,0,0,0,0,0,0,0,0,0,0,0,NA
SIPSEY,WENDELL_6,2022,S3,33.121505,-87.911094,1693.852224,10,NA,Corbicula,CFLU,0.023617028,0.016589255,0.722900789,0.021036413,0.701864376,0.011540096,0.00785604,0.328537206,0.009560433,0.318976773,0.037625668,0.017416472,0.708892149,0.322660829,0.010496457,0.007373002,0.321289239,0.009349517,0.311939723,0.005128931,0.003491573,0.146016536,0.004249081,0.141767455,0.016722519,0.007740654,0.315063177,0.143404813
SIPSEY,WENDELL_6,2022,S3,33.121505,-87.911094,1693.852224,10,Equilibrium,Pleurobemini,FCER,1.895068238,1.655402938,80.19801312,4.186336285,76.01167683,0.339553528,0.296723988,14.29706032,0.746306549,13.55075377,5.841739223,1.043030537,76.25134213,13.59358331,0.84225255,0.735734639,35.64356139,1.860593904,33.78296748,0.150912679,0.131877328,6.35424903,0.331691799,6.02255723,2.596328543,0.463569127,33.88948539,6.041592581
SIPSEY,WENDELL_6,2022,S3,33.121505,-87.911094,1693.852224,10,Opportunistic,Lampsilini,LORN,0,0,0,0,0,0,0,0,0,0,0,0,0,0,0,0,0,0,0,0,0,0,0,0,0,0,0,NA
SIPSEY,WENDELL_6,2022,S3,33.121505,-87.911094,1693.852224,10,Periodic,Lampsilini,OREF,0,0,0,0,0,0,0,0,0,0,0,0,0,0,0,0,0,0,0,0,0,0,0,0,0,0,0,NA
SIPSEY,WENDELL_6,2022,S3,33.121505,-87.911094,1693.852224,10,Equilibrium,Pleurobemini,PDEC,2.981903694,2.489133635,164.376284,8.991382734,155.3849012,0.740260056,0.615455206,40.73643651,2.228283077,38.50815344,11.48051637,2.843738284,155.8776713,38.63295829,1.325290531,1.106281616,73.05612621,3.996170104,69.05995611,0.329004469,0.273535647,18.1050829,0.990348034,17.11473486,5.10245172,1.263883682,69.27896502,17.17020368
SIPSEY,WENDELL_6,2022,S3,33.121505,-87.911094,1693.852224,10,Equilibrium,Quadrulini,PKIE,1.852251353,1.634137048,73.61346409,5.491564421,68.12189967,0.410685929,0.364440609,15.03753182,1.121799874,13.91573195,7.125701469,1.486240483,68.34001398,13.96197727,0.823222823,0.726283132,32.71709515,2.440695298,30.27639985,0.182527079,0.161973604,6.683347477,0.498577722,6.184769755,3.166978431,0.660551326,30.37333954,6.205323231
SIPSEY,WENDELL_6,2022,S3,33.121505,-87.911094,1693.852224,10,Periodic,Lampsilini,LSTR,0,0,0,0,0,0,0,0,0,0,0,0,0,0,0,0,0,0,0,0,0,0,0,0,0,0,0,NA
SIPSEY,WENDELL_6,2022,S3,33.121505,-87.911094,1693.852224,10,Periodic,Lampsilini,MACU,0.047705654,0.039167233,0.588470032,0.034660885,0.553809147,0.032651577,0.027546996,0.400544016,0.023592043,0.376951973,0.073828118,0.051139039,0.562347568,0.382056554,0.021202513,0.017407659,0.261542236,0.015404838,0.246137399,0.014511812,0.012243109,0.178019563,0.010485352,0.16753421,0.032812497,0.022728462,0.249932253,0.169802913
SIPSEY,WENDELL_6,2022,S3,33.121505,-87.911094,1693.852224,10,Periodic,Lampsilini,OUNI,0,0,0,0,0,0,0,0,0,0,0,0,0,0,0,0,0,0,0,0,0,0,0,0,0,0,0,NA
SIPSEY,WENDELL_6,2022,S3,33.121505,-87.911094,1693.852224,10,Equilibrium,Quadrulini,QVER,1.533729042,1.099697701,47.54026745,2.918972421,44.62129502,0.316891912,0.2695066,9.653318344,0.592713746,9.060604598,4.018670122,0.862220346,45.05532637,9.10798991,0.681657352,0.488754534,21.12900775,1.297321076,19.83168668,0.14084085,0.119780711,4.290363708,0.263428332,4.026935377,1.78607561,0.383209043,20.0245895,4.047995516
SIPSEY,WENDELL_6,2022,S3,33.121505,-87.911094,1693.852224,10,Periodic,Pleurobemini,EARC,0.882114455,0.733740387,26.15058293,1.291838797,24.85874413,0.243903085,0.203095153,7.671540936,0.378974122,7.292566814,2.025579183,0.582069275,25.0071182,7.333374746,0.392050869,0.326106838,11.6224813,0.574150576,11.04833073,0.108401371,0.090264513,3.40957375,0.168432943,3.241140806,0.900257415,0.258697456,11.11427476,3.259277665
SIPSEY,WENDELL_6,2022,S3,33.121505,-87.911094,1693.852224,10,Equilibrium,Amblemini,APLI,0,0,0,0,0,0,0,0,0,0,0,0,0,0,0,0,0,0,0,0,0,0,0,0,0,0,0,NA
SIPSEY,WENDELL_6,2022,S3,33.121505,-87.911094,1693.852224,10,Equilibrium,Pleurobemini,REBE,0,0,0,0,0,0,0,0,0,0,0,0,0,0,0,0,0,0,0,0,0,0,0,0,0,0,0,NA
SIPSEY,WENDELL_6,2022,S3,33.121505,-87.911094,1693.852224,10,Equilibrium,Quadrulini,QQUA,0,0,0,0,0,0,0,0,0,0,0,0,0,0,0,0,0,0,0,0,0,0,0,0,0,0,0,NA
SIPSEY,WENDELL_6,2022,S3,33.121505,-87.911094,1693.852224,10,Opportunistic,Lampsilini,TDON,0,0,0,0,0,0,0,0,0,0,0,0,0,0,0,0,0,0,0,0,0,0,0,0,0,0,0,NA
SIPSEY,WENDELL_6,2022,S3,33.121505,-87.911094,1693.852224,10,Equilibrium,Quadrulini,MNER,0,0,0,0,0,0,0,0,0,0,0,0,0,0,0,0,0,0,0,0,0,0,0,0,0,0,0,NA
SIPSEY,WENDELL_6,2022,S3,33.121505,-87.911094,1693.852224,10,Periodic,Lampsilini,LLIE,0,0,0,0,0,0,0,0,0,0,0,0,0,0,0,0,0,0,0,0,0,0,0,0,0,0,0,NA
SIPSEY,WENDELL_6,2022,S3,33.121505,-87.911094,1693.852224,10,Periodic,Lampsilini,ELIN,0,0,0,0,0,0,0,0,0,0,0,0,0,0,0,0,0,0,0,0,0,0,0,0,0,0,0,NA
SIPSEY,WENDELL_6,2022,S3,33.121505,-87.911094,1693.852224,10,Opportunistic,Lampsilini,PFRA,0,0,0,0,0,0,0,0,0,0,0,0,0,0,0,0,0,0,0,0,0,0,0,0,0,0,0,NA
SIPSEY,WENDELL_6,2022,S3,33.121505,-87.911094,1693.852224,10,Opportunistic,Lampsilini,LREC,0,0,0,0,0,0,0,0,0,0,0,0,0,0,0,0,0,0,0,0,0,0,0,0,0,0,0,NA
SIPSEY,WENDELL_6,2022,S3,33.121505,-87.911094,1693.852224,10,Periodic,Lampsilini,OARK,0,0,0,0,0,0,0,0,0,0,0,0,0,0,0,0,0,0,0,0,0,0,0,0,0,0,0,NA
SIPSEY,WENDELL_6,2022,S3,33.121505,-87.911094,1693.852224,10,Opportunistic,Lampsilini,PINF,0,0,0,0,0,0,0,0,0,0,0,0,0,0,0,0,0,0,0,0,0,0,0,0,0,0,0,NA
SIPSEY,WENDELL_6,2022,S3,33.121505,-87.911094,1693.852224,10,Equilibrium,Pleurobemini,PPER,0,0,0,0,0,0,0,0,0,0,0,0,0,0,0,0,0,0,0,0,0,0,0,0,0,0,0,NA
SIPSEY,WENDELL_6,2022,S3,33.121505,-87.911094,1693.852224,10,Opportunistic,Lampsilini,LTER,0,0,0,0,0,0,0,0,0,0,0,0,0,0,0,0,0,0,0,0,0,0,0,0,0,0,0,NA
SIPSEY,WENDELL_6,2022,S3,33.121505,-87.911094,1693.852224,10,Periodic,Alasmodontini,SSUB,0,0,0,0,0,0,0,0,0,0,0,0,0,0,0,0,0,0,0,0,0,0,0,0,0,0,0,NA
SIPSEY,WENDELL_6,2022,S3,33.121505,-87.911094,1693.852224,10,Opportunistic,Lampsilini,TPAR,0,0,0,0,0,0,0,0,0,0,0,0,0,0,0,0,0,0,0,0,0,0,0,0,0,0,0,NA
SIPSEY,WENDELL_6,2022,S3,33.121505,-87.911094,1693.852224,10,Opportunistic,Lampsilini,PPUR,0,0,0,0,0,0,0,0,0,0,0,0,0,0,0,0,0,0,0,0,0,0,0,0,0,0,0,NA
SIPSEY,WENDELL_6,2022,S3,33.121505,-87.911094,1693.852224,10,Periodic,Lampsilini,HPER,0,0,0,0,0,0,0,0,0,0,0,0,0,0,0,0,0,0,0,0,0,0,0,0,0,0,0,NA
SIPSEY,WENDELL_6,2022,S3,33.121505,-87.911094,1693.852224,10,Periodic,Lampsilini,VVIB,0,0,0,0,0,0,0,0,0,0,0,0,0,0,0,0,0,0,0,0,0,0,0,0,0,0,0,NA
SIPSEY,WENDELL_6,2022,S3,33.121505,-87.911094,1693.852224,10,Periodic,Pleurobemini,ECRA,0,0,0,0,0,0,0,0,0,0,0,0,0,0,0,0,0,0,0,0,0,0,0,0,0,0,0,NA
SIPSEY,WENDELL_6,2022,S3,33.121505,-87.911094,1693.852224,10,Opportunistic,Lampsilini,TTRU,0,0,0,0,0,0,0,0,0,0,0,0,0,0,0,0,0,0,0,0,0,0,0,0,0,0,0,NA
SIPSEY,WENDELL_6,2022,S3,33.121505,-87.911094,1693.852224,10,NA,Lampsilini,LAMP,0,0,0,0,0,0,0,0,0,0,0,0,0,0,0,0,0,0,0,0,0,0,0,0,0,0,0,NA
SIPSEY,WENDELL_6,2022,S3,33.121505,-87.911094,1693.852224,10,Periodic,Anodontini,LCOM,0,0,0,0,0,0,0,0,0,0,0,0,0,0,0,0,0,0,0,0,0,0,0,0,0,0,0,NA
SIPSEY,WENDELL_6,2022,S3,33.121505,-87.911094,1693.852224,11,NA,Corbicula,CFLU,0.076563375,0.055800632,2.548798912,0.074170048,2.474628864,0.040332579,0.029600986,1.365708162,0.039742108,1.325966055,0.12997068,0.069343093,2.495391607,1.336697648,0.034028167,0.024800281,1.132799517,0.032964466,1.099835051,0.017925591,0.013155994,0.606981406,0.017663159,0.589318247,0.057764747,0.030819153,1.109062937,0.594087844
SIPSEY,WENDELL_6,2022,S3,33.121505,-87.911094,1693.852224,11,Equilibrium,Pleurobemini,FCER,5.632153733,4.843099738,226.1092702,11.8029039,214.3063663,0.449445005,0.381662541,17.26442969,0.90120323,16.36322646,16.64600364,1.282865771,215.0954203,16.43100892,2.503179437,2.152488772,100.493009,5.245735068,95.24727391,0.199753335,0.169627796,7.673079862,0.400534769,7.272545093,7.398223841,0.570162565,95.59796457,7.302670632
SIPSEY,WENDELL_6,2022,S3,33.121505,-87.911094,1693.852224,11,Opportunistic,Lampsilini,LORN,0,0,0,0,0,0,0,0,0,0,0,0,0,0,0,0,0,0,0,0,0,0,0,0,0,0,0,NA
SIPSEY,WENDELL_6,2022,S3,33.121505,-87.911094,1693.852224,11,Periodic,Lampsilini,OREF,0,0,0,0,0,0,0,0,0,0,0,0,0,0,0,0,0,0,0,0,0,0,0,0,0,0,0,NA
SIPSEY,WENDELL_6,2022,S3,33.121505,-87.911094,1693.852224,11,Equilibrium,Pleurobemini,PDEC,2.109232397,1.74501334,115.8233726,6.335538479,109.4878341,0.233331149,0.193972016,12.83974336,0.702333962,12.1374094,8.080551819,0.896305977,109.8520531,12.17676853,0.937436621,0.775561485,51.47705447,2.81579488,48.66125959,0.103702733,0.086209785,5.706552603,0.312148427,5.394404176,3.591356364,0.398358212,48.82313473,5.411897124
SIPSEY,WENDELL_6,2022,S3,33.121505,-87.911094,1693.852224,11,Equilibrium,Quadrulini,PKIE,0.955574217,0.843858776,37.59453792,2.804552529,34.78998539,0.195735972,0.173435539,7.374202008,0.55011547,6.824086538,3.648411305,0.723551008,34.90170083,6.846386972,0.424699652,0.375048345,16.70868352,1.246467791,15.46221573,0.086993765,0.077082462,3.277423115,0.244495764,3.03292735,1.621516135,0.321578226,15.51186704,3.042838654
SIPSEY,WENDELL_6,2022,S3,33.121505,-87.911094,1693.852224,11,Periodic,Lampsilini,LSTR,0,0,0,0,0,0,0,0,0,0,0,0,0,0,0,0,0,0,0,0,0,0,0,0,0,0,0,NA
SIPSEY,WENDELL_6,2022,S3,33.121505,-87.911094,1693.852224,11,Periodic,Lampsilini,MACU,0.148049785,0.123158106,1.820829344,0.107246848,1.713582495,0.09428417,0.080876718,1.152087634,0.067857962,1.084229672,0.230404954,0.14873468,1.738474174,1.097637124,0.065799904,0.054736936,0.809257486,0.047665266,0.76159222,0.041904076,0.035945208,0.512038948,0.030159094,0.481879854,0.102402202,0.066104302,0.772655189,0.487838722
SIPSEY,WENDELL_6,2022,S3,33.121505,-87.911094,1693.852224,11,Periodic,Lampsilini,OUNI,0.880424533,0.682859877,35.77561909,2.135804459,33.63981463,0.127615958,0.101604813,5.584097661,0.33337063,5.25072703,2.818664336,0.434975444,33.83737928,5.276738175,0.391299793,0.303493279,15.90027515,0.949246426,14.95102872,0.056718204,0.045157695,2.481821182,0.148164725,2.333656458,1.252739705,0.193322419,15.03883524,2.345216967
SIPSEY,WENDELL_6,2022,S3,33.121505,-87.911094,1693.852224,11,Equilibrium,Quadrulini,QVER,4.698561636,3.721386231,144.3585346,8.863614023,135.4949205,0.528923052,0.490104419,15.99099241,0.981846934,15.00914548,12.58500025,1.471951353,136.472096,15.04796411,2.088249616,1.653949436,64.1593487,3.93938401,60.21996469,0.235076912,0.217824186,7.107107738,0.436376415,6.670731323,5.593333446,0.654200601,60.65426487,6.687984049
SIPSEY,WENDELL_6,2022,S3,33.121505,-87.911094,1693.852224,11,Periodic,Pleurobemini,EARC,3.401638544,2.835482145,114.5394246,5.658247573,108.881177,0.217990527,0.181586603,7.018863081,0.346731836,6.672131245,8.493729719,0.528318439,109.4473334,6.708535169,1.511839353,1.260214287,50.90641092,2.514776699,48.39163422,0.096884679,0.080705157,3.119494703,0.154103038,2.965391664,3.774990986,0.234808195,48.64325928,2.981571186
SIPSEY,WENDELL_6,2022,S3,33.121505,-87.911094,1693.852224,11,Equilibrium,Amblemini,APLI,0,0,0,0,0,0,0,0,0,0,0,0,0,0,0,0,0,0,0,0,0,0,0,0,0,0,0,NA
SIPSEY,WENDELL_6,2022,S3,33.121505,-87.911094,1693.852224,11,Equilibrium,Pleurobemini,REBE,0,0,0,0,0,0,0,0,0,0,0,0,0,0,0,0,0,0,0,0,0,0,0,0,0,0,0,NA
SIPSEY,WENDELL_6,2022,S3,33.121505,-87.911094,1693.852224,11,Equilibrium,Quadrulini,QQUA,0,0,0,0,0,0,0,0,0,0,0,0,0,0,0,0,0,0,0,0,0,0,0,0,0,0,0,NA
SIPSEY,WENDELL_6,2022,S3,33.121505,-87.911094,1693.852224,11,Opportunistic,Lampsilini,TDON,0,0,0,0,0,0,0,0,0,0,0,0,0,0,0,0,0,0,0,0,0,0,0,0,0,0,0,NA
SIPSEY,WENDELL_6,2022,S3,33.121505,-87.911094,1693.852224,11,Equilibrium,Quadrulini,MNER,11.37867492,8.945851278,423.6275619,30.37409619,393.2534657,0.698598046,0.529564113,23.83067951,1.708659721,22.12201979,39.31994746,2.238223833,395.6862893,22.29105372,5.057188851,3.975933901,188.2789164,13.49959831,174.7793181,0.31048802,0.235361828,10.59141312,0.75940432,9.832008795,17.47553221,0.994766148,175.860573,9.907134987
SIPSEY,WENDELL_6,2022,S3,33.121505,-87.911094,1693.852224,11,Periodic,Lampsilini,LLIE,0,0,0,0,0,0,0,0,0,0,0,0,0,0,0,0,0,0,0,0,0,0,0,0,0,0,0,NA
SIPSEY,WENDELL_6,2022,S3,33.121505,-87.911094,1693.852224,11,Periodic,Lampsilini,ELIN,0,0,0,0,0,0,0,0,0,0,0,0,0,0,0,0,0,0,0,0,0,0,0,0,0,0,0,NA
SIPSEY,WENDELL_6,2022,S3,33.121505,-87.911094,1693.852224,11,Opportunistic,Lampsilini,PFRA,0,0,0,0,0,0,0,0,0,0,0,0,0,0,0,0,0,0,0,0,0,0,0,0,0,0,0,NA
SIPSEY,WENDELL_6,2022,S3,33.121505,-87.911094,1693.852224,11,Opportunistic,Lampsilini,LREC,0,0,0,0,0,0,0,0,0,0,0,0,0,0,0,0,0,0,0,0,0,0,0,0,0,0,0,NA
SIPSEY,WENDELL_6,2022,S3,33.121505,-87.911094,1693.852224,11,Periodic,Lampsilini,OARK,0,0,0,0,0,0,0,0,0,0,0,0,0,0,0,0,0,0,0,0,0,0,0,0,0,0,0,NA
SIPSEY,WENDELL_6,2022,S3,33.121505,-87.911094,1693.852224,11,Opportunistic,Lampsilini,PINF,0,0,0,0,0,0,0,0,0,0,0,0,0,0,0,0,0,0,0,0,0,0,0,0,0,0,0,NA
SIPSEY,WENDELL_6,2022,S3,33.121505,-87.911094,1693.852224,11,Equilibrium,Pleurobemini,PPER,0,0,0,0,0,0,0,0,0,0,0,0,0,0,0,0,0,0,0,0,0,0,0,0,0,0,0,NA
SIPSEY,WENDELL_6,2022,S3,33.121505,-87.911094,1693.852224,11,Opportunistic,Lampsilini,LTER,0,0,0,0,0,0,0,0,0,0,0,0,0,0,0,0,0,0,0,0,0,0,0,0,0,0,0,NA
SIPSEY,WENDELL_6,2022,S3,33.121505,-87.911094,1693.852224,11,Periodic,Alasmodontini,SSUB,0,0,0,0,0,0,0,0,0,0,0,0,0,0,0,0,0,0,0,0,0,0,0,0,0,0,0,NA
SIPSEY,WENDELL_6,2022,S3,33.121505,-87.911094,1693.852224,11,Opportunistic,Lampsilini,TPAR,0,0,0,0,0,0,0,0,0,0,0,0,0,0,0,0,0,0,0,0,0,0,0,0,0,0,0,NA
SIPSEY,WENDELL_6,2022,S3,33.121505,-87.911094,1693.852224,11,Opportunistic,Lampsilini,PPUR,0,0,0,0,0,0,0,0,0,0,0,0,0,0,0,0,0,0,0,0,0,0,0,0,0,0,0,NA
SIPSEY,WENDELL_6,2022,S3,33.121505,-87.911094,1693.852224,11,Periodic,Lampsilini,HPER,0,0,0,0,0,0,0,0,0,0,0,0,0,0,0,0,0,0,0,0,0,0,0,0,0,0,0,NA
SIPSEY,WENDELL_6,2022,S3,33.121505,-87.911094,1693.852224,11,Periodic,Lampsilini,VVIB,0,0,0,0,0,0,0,0,0,0,0,0,0,0,0,0,0,0,0,0,0,0,0,0,0,0,0,NA
SIPSEY,WENDELL_6,2022,S3,33.121505,-87.911094,1693.852224,11,Periodic,Pleurobemini,ECRA,0,0,0,0,0,0,0,0,0,0,0,0,0,0,0,0,0,0,0,0,0,0,0,0,0,0,0,NA
SIPSEY,WENDELL_6,2022,S3,33.121505,-87.911094,1693.852224,11,Opportunistic,Lampsilini,TTRU,0,0,0,0,0,0,0,0,0,0,0,0,0,0,0,0,0,0,0,0,0,0,0,0,0,0,0,NA
SIPSEY,WENDELL_6,2022,S3,33.121505,-87.911094,1693.852224,11,NA,Lampsilini,LAMP,0,0,0,0,0,0,0,0,0,0,0,0,0,0,0,0,0,0,0,0,0,0,0,0,0,0,0,NA
SIPSEY,WENDELL_6,2022,S3,33.121505,-87.911094,1693.852224,11,Periodic,Anodontini,LCOM,0,0,0,0,0,0,0,0,0,0,0,0,0,0,0,0,0,0,0,0,0,0,0,0,0,0,0,NA
SIPSEY,WENDELL_6,2022,S3,33.121505,-87.911094,1693.852224,12,NA,Corbicula,CFLU,0.094379569,0.0688696,3.157745054,0.091890381,3.065854673,0.04607184,0.033936738,1.580290721,0.04598646,1.534304261,0.160759981,0.079923198,3.091364642,1.546439364,0.034319843,0.025043491,1.148270929,0.033414684,1.114856245,0.016753396,0.012340632,0.574651171,0.016722349,0.557928822,0.058458175,0.029062981,1.124132597,0.562341587
SIPSEY,WENDELL_6,2022,S3,33.121505,-87.911094,1693.852224,12,Equilibrium,Pleurobemini,FCER,6.970947053,5.959290484,274.4861205,14.32817549,260.157945,0.320444099,0.269465454,11.93526227,0.623020691,11.31224158,20.28746597,0.892486145,261.1696016,11.36322023,2.534889838,2.167014721,99.81313473,5.210245633,94.60288909,0.116525127,0.097987438,4.340095372,0.226552978,4.113542394,7.377260354,0.324540416,94.97076421,4.132080083
SIPSEY,WENDELL_6,2022,S3,33.121505,-87.911094,1693.852224,12,Opportunistic,Lampsilini,LORN,3.888517268,2.881224633,50.59170146,5.853459859,44.7382416,0,0,0,0,0,8.734684492,0,45.74553424,0,1.414006279,1.047718048,18.39698235,2.128530858,16.26845149,0,0,0,0,0,3.176248906,0,16.63473972,0
SIPSEY,WENDELL_6,2022,S3,33.121505,-87.911094,1693.852224,12,Periodic,Lampsilini,OREF,0.320678274,0.281545866,16.30856257,0.671912778,15.63664979,0.083543688,0.0718291,3.871225158,0.159494477,3.711730682,0.953458644,0.231323577,15.6757822,3.72344527,0.116610282,0.102380315,5.93038639,0.244331919,5.68605447,0.030379523,0.026119673,1.407718239,0.057997991,1.349720248,0.346712234,0.084117664,5.700284437,1.353980098
SIPSEY,WENDELL_6,2022,S3,33.121505,-87.911094,1693.852224,12,Equilibrium,Pleurobemini,PDEC,7.813644573,6.46187672,428.9983831,23.46621155,405.5321715,0.758867702,0.624665689,41.58175238,2.274521855,39.30723053,29.92808827,2.899187544,406.8839394,39.44143254,2.841325299,2.349773353,155.999412,8.533167838,147.4662442,0.275951892,0.22715116,15.12063723,0.827098856,14.29353837,10.88294119,1.054250016,147.9577961,14.34233911
SIPSEY,WENDELL_6,2022,S3,33.121505,-87.911094,1693.852224,12,Equilibrium,Quadrulini,PKIE,2.930064696,2.601877335,107.4974429,8.019309244,99.4781337,0.320900059,0.28471935,11.78557499,0.879203894,10.90637109,10.62118658,1.163923244,99.80632106,10.9425518,1.065478071,0.946137213,39.08997925,2.916112452,36.1738668,0.11669093,0.103534309,4.285663632,0.319710507,3.965953125,3.862249665,0.423244816,36.29320766,3.979109746
SIPSEY,WENDELL_6,2022,S3,33.121505,-87.911094,1693.852224,12,Periodic,Lampsilini,LSTR,0,0,0,0,0,0,0,0,0,0,0,0,0,0,0,0,0,0,0,0,0,0,0,0,0,0,0,NA
SIPSEY,WENDELL_6,2022,S3,33.121505,-87.911094,1693.852224,12,Periodic,Lampsilini,MACU,0.076104716,0.062126793,0.939564607,0.055340355,0.884224252,0.058901966,0.049335217,0.723193998,0.042596126,0.680597871,0.117467148,0.091931343,0.898202175,0.690164621,0.027674442,0.022591561,0.341659857,0.020123766,0.321536091,0.021418897,0.017940079,0.262979636,0.015489501,0.247490135,0.042715327,0.033429579,0.326618973,0.250968953
SIPSEY,WENDELL_6,2022,S3,33.121505,-87.911094,1693.852224,12,Periodic,Lampsilini,OUNI,1.840735878,1.466868103,81.0321426,4.837618913,76.19452369,0.05266269,0.042970071,2.475877767,0.147809903,2.328067864,6.304487017,0.190779974,76.56839147,2.337760484,0.669358501,0.533406583,29.46623367,1.75913415,27.70709952,0.019150069,0.01562548,0.900319188,0.053749056,0.846570133,2.292540733,0.069374536,27.84305144,0.850094721
SIPSEY,WENDELL_6,2022,S3,33.121505,-87.911094,1693.852224,12,Equilibrium,Quadrulini,QVER,0.491798468,0.276227569,15.58312098,0.956803628,14.62631735,0.238239148,0.152691529,7.445232355,0.457137267,6.988095088,1.233031197,0.609828795,14.84188825,7.073642707,0.178835807,0.100446389,5.666589448,0.347928592,5.318660856,0.086632417,0.055524192,2.70735722,0.166231733,2.541125487,0.448374981,0.221755926,5.397050273,2.572233712
SIPSEY,WENDELL_6,2022,S3,33.121505,-87.911094,1693.852224,12,Periodic,Pleurobemini,EARC,1.84465427,1.537783948,62.46735167,3.085887172,59.38146449,0.063002066,0.052254984,1.563049014,0.077214621,1.485834392,4.62367112,0.129469606,59.68833482,1.496581474,0.670783371,0.559194163,22.71540061,1.12214079,21.59325982,0.022909842,0.019001813,0.56838146,0.028078044,0.540303415,1.681334953,0.047079857,21.70484902,0.544211445
SIPSEY,WENDELL_6,2022,S3,33.121505,-87.911094,1693.852224,12,Equilibrium,Amblemini,APLI,0,0,0,0,0,0,0,0,0,0,0,0,0,0,0,0,0,0,0,0,0,0,0,0,0,0,0,NA
SIPSEY,WENDELL_6,2022,S3,33.121505,-87.911094,1693.852224,12,Equilibrium,Pleurobemini,REBE,0,0,0,0,0,0,0,0,0,0,0,0,0,0,0,0,0,0,0,0,0,0,0,0,0,0,0,NA
SIPSEY,WENDELL_6,2022,S3,33.121505,-87.911094,1693.852224,12,Equilibrium,Quadrulini,QQUA,0,0,0,0,0,0,0,0,0,0,0,0,0,0,0,0,0,0,0,0,0,0,0,0,0,0,0,NA
SIPSEY,WENDELL_6,2022,S3,33.121505,-87.911094,1693.852224,12,Opportunistic,Lampsilini,TDON,0,0,0,0,0,0,0,0,0,0,0,0,0,0,0,0,0,0,0,0,0,0,0,0,0,0,0,NA
SIPSEY,WENDELL_6,2022,S3,33.121505,-87.911094,1693.852224,12,Equilibrium,Quadrulini,MNER,8.042833843,6.404771147,308.5270663,22.12139066,286.4056757,0.822381921,0.631940437,28.95907689,2.076365813,26.88271107,28.5261618,2.70830625,288.0437384,27.07315256,2.924666852,2.32900769,112.1916605,8.044142056,104.1475184,0.299047971,0.229796523,10.53057341,0.755042114,9.775531299,10.37314975,0.984838636,104.7431776,9.844782748
SIPSEY,WENDELL_6,2022,S3,33.121505,-87.911094,1693.852224,12,Periodic,Lampsilini,LLIE,0,0,0,0,0,0,0,0,0,0,0,0,0,0,0,0,0,0,0,0,0,0,0,0,0,0,0,NA
SIPSEY,WENDELL_6,2022,S3,33.121505,-87.911094,1693.852224,12,Periodic,Lampsilini,ELIN,0,0,0,0,0,0,0,0,0,0,0,0,0,0,0,0,0,0,0,0,0,0,0,0,0,0,0,NA
SIPSEY,WENDELL_6,2022,S3,33.121505,-87.911094,1693.852224,12,Opportunistic,Lampsilini,PFRA,0,0,0,0,0,0,0,0,0,0,0,0,0,0,0,0,0,0,0,0,0,0,0,0,0,0,0,NA
SIPSEY,WENDELL_6,2022,S3,33.121505,-87.911094,1693.852224,12,Opportunistic,Lampsilini,LREC,0,0,0,0,0,0,0,0,0,0,0,0,0,0,0,0,0,0,0,0,0,0,0,0,0,0,0,NA
SIPSEY,WENDELL_6,2022,S3,33.121505,-87.911094,1693.852224,12,Periodic,Lampsilini,OARK,0,0,0,0,0,0,0,0,0,0,0,0,0,0,0,0,0,0,0,0,0,0,0,0,0,0,0,NA
SIPSEY,WENDELL_6,2022,S3,33.121505,-87.911094,1693.852224,12,Opportunistic,Lampsilini,PINF,0,0,0,0,0,0,0,0,0,0,0,0,0,0,0,0,0,0,0,0,0,0,0,0,0,0,0,NA
SIPSEY,WENDELL_6,2022,S3,33.121505,-87.911094,1693.852224,12,Equilibrium,Pleurobemini,PPER,0,0,0,0,0,0,0,0,0,0,0,0,0,0,0,0,0,0,0,0,0,0,0,0,0,0,0,NA
SIPSEY,WENDELL_6,2022,S3,33.121505,-87.911094,1693.852224,12,Opportunistic,Lampsilini,LTER,0,0,0,0,0,0,0,0,0,0,0,0,0,0,0,0,0,0,0,0,0,0,0,0,0,0,0,NA
SIPSEY,WENDELL_6,2022,S3,33.121505,-87.911094,1693.852224,12,Periodic,Alasmodontini,SSUB,0,0,0,0,0,0,0,0,0,0,0,0,0,0,0,0,0,0,0,0,0,0,0,0,0,0,0,NA
SIPSEY,WENDELL_6,2022,S3,33.121505,-87.911094,1693.852224,12,Opportunistic,Lampsilini,TPAR,0,0,0,0,0,0,0,0,0,0,0,0,0,0,0,0,0,0,0,0,0,0,0,0,0,0,0,NA
SIPSEY,WENDELL_6,2022,S3,33.121505,-87.911094,1693.852224,12,Opportunistic,Lampsilini,PPUR,0,0,0,0,0,0,0,0,0,0,0,0,0,0,0,0,0,0,0,0,0,0,0,0,0,0,0,NA
SIPSEY,WENDELL_6,2022,S3,33.121505,-87.911094,1693.852224,12,Periodic,Lampsilini,HPER,0,0,0,0,0,0,0,0,0,0,0,0,0,0,0,0,0,0,0,0,0,0,0,0,0,0,0,NA
SIPSEY,WENDELL_6,2022,S3,33.121505,-87.911094,1693.852224,12,Periodic,Lampsilini,VVIB,0,0,0,0,0,0,0,0,0,0,0,0,0,0,0,0,0,0,0,0,0,0,0,0,0,0,0,NA
SIPSEY,WENDELL_6,2022,S3,33.121505,-87.911094,1693.852224,12,Periodic,Pleurobemini,ECRA,0,0,0,0,0,0,0,0,0,0,0,0,0,0,0,0,0,0,0,0,0,0,0,0,0,0,0,NA
SIPSEY,WENDELL_6,2022,S3,33.121505,-87.911094,1693.852224,12,Opportunistic,Lampsilini,TTRU,0,0,0,0,0,0,0,0,0,0,0,0,0,0,0,0,0,0,0,0,0,0,0,0,0,0,0,NA
SIPSEY,WENDELL_6,2022,S3,33.121505,-87.911094,1693.852224,12,NA,Lampsilini,LAMP,0,0,0,0,0,0,0,0,0,0,0,0,0,0,0,0,0,0,0,0,0,0,0,0,0,0,0,NA
SIPSEY,WENDELL_6,2022,S3,33.121505,-87.911094,1693.852224,12,Periodic,Anodontini,LCOM,0,0,0,0,0,0,0,0,0,0,0,0,0,0,0,0,0,0,0,0,0,0,0,0,0,0,0,NA
SIPSEY,WENDELL_6,2022,S3,33.121505,-87.911094,1693.852224,2,NA,Corbicula,CFLU,0.056530203,0.04178881,1.959893818,0.05703291,1.902860908,0.032376339,0.02432238,1.171166651,0.03408095,1.137085702,0.09882172,0.058403329,1.9176023,1.145139661,0.028265101,0.020894405,0.979946909,0.028516455,0.951430454,0.016188169,0.01216119,0.585583326,0.017040475,0.568542851,0.04941086,0.029201665,0.95880115,0.57256983
SIPSEY,WENDELL_6,2022,S3,33.121505,-87.911094,1693.852224,2,Equilibrium,Pleurobemini,FCER,3.812596499,3.271461173,152.0754436,7.938338156,144.1371054,0.254489325,0.219743462,10.39599507,0.542670943,9.853324127,11.20979933,0.762414405,144.6782408,9.88806999,1.90629825,1.635730587,76.0377218,3.969169078,72.06855272,0.127244662,0.109871731,5.197997535,0.271335471,4.926662064,5.604899665,0.381207202,72.33912039,4.944034995
SIPSEY,WENDELL_6,2022,S3,33.121505,-87.911094,1693.852224,2,Opportunistic,Lampsilini,LORN,0,0,0,0,0,0,0,0,0,0,0,0,0,0,0,0,0,0,0,0,0,0,0,0,0,0,0,NA
SIPSEY,WENDELL_6,2022,S3,33.121505,-87.911094,1693.852224,2,Periodic,Lampsilini,OREF,0,0,0,0,0,0,0,0,0,0,0,0,0,0,0,0,0,0,0,0,0,0,0,0,0,0,0,NA
SIPSEY,WENDELL_6,2022,S3,33.121505,-87.911094,1693.852224,2,Equilibrium,Pleurobemini,PDEC,5.731451347,4.7435121,314.7820049,17.21857567,297.5634292,0.602386408,0.494860136,32.97873065,1.803936566,31.17479408,21.96208777,2.298796702,298.5513685,31.28232035,2.865725673,2.37175605,157.3910025,8.609287834,148.7817146,0.301193204,0.247430068,16.48936532,0.901968283,15.58739704,10.98104388,1.149398351,149.2756842,15.64116018
SIPSEY,WENDELL_6,2022,S3,33.121505,-87.911094,1693.852224,2,Equilibrium,Quadrulini,PKIE,2.864024702,2.549825097,101.2961867,7.556695529,93.73949119,0.173704719,0.155491321,5.68285795,0.423941203,5.258916747,10.10652063,0.579432524,94.05369079,5.277130144,1.432012351,1.274912549,50.64809336,3.778347764,46.86974559,0.086852359,0.077745661,2.841428975,0.211970602,2.629458373,5.053260313,0.289716262,47.02684539,2.638565072
SIPSEY,WENDELL_6,2022,S3,33.121505,-87.911094,1693.852224,2,Periodic,Lampsilini,LSTR,0,0,0,0,0,0,0,0,0,0,0,0,0,0,0,0,0,0,0,0,0,0,0,0,0,0,0,NA
SIPSEY,WENDELL_6,2022,S3,33.121505,-87.911094,1693.852224,2,Periodic,Lampsilini,MACU,0.059138808,0.048867875,0.728396299,0.042902542,0.685493757,0.038158486,0.032294304,0.467702823,0.027547696,0.440155127,0.091770417,0.059842,0.695764691,0.446019309,0.029569404,0.024433937,0.36419815,0.021451271,0.342746879,0.019079243,0.016147152,0.233851411,0.013773848,0.220077563,0.045885209,0.029921,0.347882345,0.223009654
SIPSEY,WENDELL_6,2022,S3,33.121505,-87.911094,1693.852224,2,Periodic,Lampsilini,OUNI,0.932225031,0.742177367,40.90957473,2.442301611,38.46727312,0.018414425,0.015235113,0.902165702,0.053859292,0.84830641,3.184478979,0.069094405,38.65732078,0.851485722,0.466112515,0.371088684,20.45478737,1.221150806,19.23363656,0.009207212,0.007617556,0.451082851,0.026929646,0.424153205,1.592239489,0.034547202,19.32866039,0.425742861
SIPSEY,WENDELL_6,2022,S3,33.121505,-87.911094,1693.852224,2,Equilibrium,Quadrulini,QVER,0,0,0,0,0,0,0,0,0,0,0,0,0,0,0,0,0,0,0,0,0,0,0,0,0,0,0,NA
SIPSEY,WENDELL_6,2022,S3,33.121505,-87.911094,1693.852224,2,Periodic,Pleurobemini,EARC,0.496003055,0.41254668,14.620628,0.722259023,13.89836897,0.140846159,0.11734626,4.56338227,0.225431084,4.337951186,1.134805703,0.342777344,13.98182535,4.361451085,0.248001527,0.20627334,7.310313998,0.361129511,6.949184486,0.07042308,0.05867313,2.281691135,0.112715542,2.168975593,0.567402852,0.171388672,6.990912674,2.180725543
SIPSEY,WENDELL_6,2022,S3,33.121505,-87.911094,1693.852224,2,Equilibrium,Amblemini,APLI,0,0,0,0,0,0,0,0,0,0,0,0,0,0,0,0,0,0,0,0,0,0,0,0,0,0,0,NA
SIPSEY,WENDELL_6,2022,S3,33.121505,-87.911094,1693.852224,2,Equilibrium,Pleurobemini,REBE,0,0,0,0,0,0,0,0,0,0,0,0,0,0,0,0,0,0,0,0,0,0,0,0,0,0,0,NA
SIPSEY,WENDELL_6,2022,S3,33.121505,-87.911094,1693.852224,2,Equilibrium,Quadrulini,QQUA,0,0,0,0,0,0,0,0,0,0,0,0,0,0,0,0,0,0,0,0,0,0,0,0,0,0,0,NA
SIPSEY,WENDELL_6,2022,S3,33.121505,-87.911094,1693.852224,2,Opportunistic,Lampsilini,TDON,0,0,0,0,0,0,0,0,0,0,0,0,0,0,0,0,0,0,0,0,0,0,0,0,0,0,0,NA
SIPSEY,WENDELL_6,2022,S3,33.121505,-87.911094,1693.852224,2,Equilibrium,Quadrulini,MNER,0,0,0,0,0,0,0,0,0,0,0,0,0,0,0,0,0,0,0,0,0,0,0,0,0,0,0,NA
SIPSEY,WENDELL_6,2022,S3,33.121505,-87.911094,1693.852224,2,Periodic,Lampsilini,LLIE,0,0,0,0,0,0,0,0,0,0,0,0,0,0,0,0,0,0,0,0,0,0,0,0,0,0,0,NA
SIPSEY,WENDELL_6,2022,S3,33.121505,-87.911094,1693.852224,2,Periodic,Lampsilini,ELIN,0,0,0,0,0,0,0,0,0,0,0,0,0,0,0,0,0,0,0,0,0,0,0,0,0,0,0,NA
SIPSEY,WENDELL_6,2022,S3,33.121505,-87.911094,1693.852224,2,Opportunistic,Lampsilini,PFRA,0,0,0,0,0,0,0,0,0,0,0,0,0,0,0,0,0,0,0,0,0,0,0,0,0,0,0,NA
SIPSEY,WENDELL_6,2022,S3,33.121505,-87.911094,1693.852224,2,Opportunistic,Lampsilini,LREC,0,0,0,0,0,0,0,0,0,0,0,0,0,0,0,0,0,0,0,0,0,0,0,0,0,0,0,NA
SIPSEY,WENDELL_6,2022,S3,33.121505,-87.911094,1693.852224,2,Periodic,Lampsilini,OARK,0,0,0,0,0,0,0,0,0,0,0,0,0,0,0,0,0,0,0,0,0,0,0,0,0,0,0,NA
SIPSEY,WENDELL_6,2022,S3,33.121505,-87.911094,1693.852224,2,Opportunistic,Lampsilini,PINF,0,0,0,0,0,0,0,0,0,0,0,0,0,0,0,0,0,0,0,0,0,0,0,0,0,0,0,NA
SIPSEY,WENDELL_6,2022,S3,33.121505,-87.911094,1693.852224,2,Equilibrium,Pleurobemini,PPER,0,0,0,0,0,0,0,0,0,0,0,0,0,0,0,0,0,0,0,0,0,0,0,0,0,0,0,NA
SIPSEY,WENDELL_6,2022,S3,33.121505,-87.911094,1693.852224,2,Opportunistic,Lampsilini,LTER,0,0,0,0,0,0,0,0,0,0,0,0,0,0,0,0,0,0,0,0,0,0,0,0,0,0,0,NA
SIPSEY,WENDELL_6,2022,S3,33.121505,-87.911094,1693.852224,2,Periodic,Alasmodontini,SSUB,0,0,0,0,0,0,0,0,0,0,0,0,0,0,0,0,0,0,0,0,0,0,0,0,0,0,0,NA
SIPSEY,WENDELL_6,2022,S3,33.121505,-87.911094,1693.852224,2,Opportunistic,Lampsilini,TPAR,0,0,0,0,0,0,0,0,0,0,0,0,0,0,0,0,0,0,0,0,0,0,0,0,0,0,0,NA
SIPSEY,WENDELL_6,2022,S3,33.121505,-87.911094,1693.852224,2,Opportunistic,Lampsilini,PPUR,0,0,0,0,0,0,0,0,0,0,0,0,0,0,0,0,0,0,0,0,0,0,0,0,0,0,0,NA
SIPSEY,WENDELL_6,2022,S3,33.121505,-87.911094,1693.852224,2,Periodic,Lampsilini,HPER,0,0,0,0,0,0,0,0,0,0,0,0,0,0,0,0,0,0,0,0,0,0,0,0,0,0,0,NA
SIPSEY,WENDELL_6,2022,S3,33.121505,-87.911094,1693.852224,2,Periodic,Lampsilini,VVIB,0,0,0,0,0,0,0,0,0,0,0,0,0,0,0,0,0,0,0,0,0,0,0,0,0,0,0,NA
SIPSEY,WENDELL_6,2022,S3,33.121505,-87.911094,1693.852224,2,Periodic,Pleurobemini,ECRA,1.140636321,0.958362637,25.80320357,1.571415097,24.23178847,0.276058622,0.231944455,5.178261349,0.315356116,4.862905233,2.529777734,0.547300571,24.41406215,4.907019401,0.570318161,0.479181319,12.90160178,0.785707549,12.11589423,0.138029311,0.115972227,2.589130674,0.157678058,2.431452616,1.264888867,0.273650285,12.20703108,2.4535097
SIPSEY,WENDELL_6,2022,S3,33.121505,-87.911094,1693.852224,2,Opportunistic,Lampsilini,TTRU,0,0,0,0,0,0,0,0,0,0,0,0,0,0,0,0,0,0,0,0,0,0,0,0,0,0,0,NA
SIPSEY,WENDELL_6,2022,S3,33.121505,-87.911094,1693.852224,2,NA,Lampsilini,LAMP,0,0,0,0,0,0,0,0,0,0,0,0,0,0,0,0,0,0,0,0,0,0,0,0,0,0,0,NA
SIPSEY,WENDELL_6,2022,S3,33.121505,-87.911094,1693.852224,2,Periodic,Anodontini,LCOM,0,0,0,0,0,0,0,0,0,0,0,0,0,0,0,0,0,0,0,0,0,0,0,0,0,0,0,NA
SIPSEY,WENDELL_6,2022,S3,33.121505,-87.911094,1693.852224,3,NA,Corbicula,CFLU,0.010931144,0.006994954,0.267063867,0.007771559,0.259292308,0.010931144,0.006994954,0.267063867,0.007771559,0.259292308,0.014766513,0.014766513,0.263228498,0.263228498,0.005465572,0.003497477,0.133531933,0.003885779,0.129646154,0.005465572,0.003497477,0.133531933,0.003885779,0.129646154,0.007383256,0.007383256,0.131614249,0.131614249
SIPSEY,WENDELL_6,2022,S3,33.121505,-87.911094,1693.852224,3,Equilibrium,Pleurobemini,FCER,1.038195857,0.884355897,40.39082047,2.108400828,38.28241964,0.023777671,0.019524493,0.817572015,0.042677259,0.774894755,2.992756725,0.062201752,38.4362596,0.779147933,0.519097928,0.442177948,20.19541023,1.054200414,19.14120982,0.011888835,0.009762247,0.408786007,0.02133863,0.387447378,1.496378363,0.031100876,19.2181298,0.389573966
SIPSEY,WENDELL_6,2022,S3,33.121505,-87.911094,1693.852224,3,Opportunistic,Lampsilini,LORN,4.436566821,3.243674143,63.76477939,7.377584975,56.38719441,0,0,0,0,0,10.62125912,0,57.58008709,0,2.21828341,1.621837072,31.88238969,3.688792488,28.19359721,0,0,0,0,0,5.310629559,0,28.79004354,0
SIPSEY,WENDELL_6,2022,S3,33.121505,-87.911094,1693.852224,3,Periodic,Lampsilini,OREF,0,0,0,0,0,0,0,0,0,0,0,0,0,0,0,0,0,0,0,0,0,0,0,0,0,0,0,NA
SIPSEY,WENDELL_6,2022,S3,33.121505,-87.911094,1693.852224,3,Equilibrium,Pleurobemini,PDEC,3.702248687,3.060357186,203.227316,11.11653418,192.1107818,0.329802112,0.271669828,18.07655354,0.988787478,17.08776606,14.17689137,1.260457306,192.7526733,17.14589834,1.851124344,1.530178593,101.613658,5.558267092,96.0553909,0.164901056,0.135834914,9.038276768,0.494393739,8.543883029,7.088445685,0.630228653,96.37633665,8.572949171
SIPSEY,WENDELL_6,2022,S3,33.121505,-87.911094,1693.852224,3,Equilibrium,Quadrulini,PKIE,1.543976409,1.371292481,56.30117737,4.200067832,52.10110954,0.155209893,0.138812903,5.136308125,0.383168586,4.753139539,5.571360312,0.521981489,52.27379347,4.769536529,0.771988205,0.68564624,28.15058868,2.100033916,26.05055477,0.077604947,0.069406451,2.568154062,0.191584293,2.376569769,2.785680156,0.260990744,26.13689673,2.384768265
SIPSEY,WENDELL_6,2022,S3,33.121505,-87.911094,1693.852224,3,Periodic,Lampsilini,LSTR,0,0,0,0,0,0,0,0,0,0,0,0,0,0,0,0,0,0,0,0,0,0,0,0,0,0,0,NA
SIPSEY,WENDELL_6,2022,S3,33.121505,-87.911094,1693.852224,3,Periodic,Lampsilini,MACU,0.02100264,0.01615366,0.262433787,0.01545735,0.246976437,0.020534628,0.015869997,0.256301009,0.015096129,0.241204879,0.03161101,0.030966127,0.251825417,0.24586951,0.01050132,0.00807683,0.131216893,0.007728675,0.123488218,0.010267314,0.007934999,0.128150504,0.007548065,0.12060244,0.015805505,0.015483063,0.125912709,0.122934755
SIPSEY,WENDELL_6,2022,S3,33.121505,-87.911094,1693.852224,3,Periodic,Lampsilini,OUNI,1.707175027,1.352042522,73.89005708,4.411236408,69.47882068,0.106721195,0.083190091,4.402678439,0.262839903,4.139838536,5.76327893,0.346029993,69.83395318,4.16336964,0.853587513,0.676021261,36.94502854,2.205618204,34.73941034,0.053360598,0.041595045,2.201339219,0.131419951,2.069919268,2.881639465,0.173014997,34.91697659,2.08168482
SIPSEY,WENDELL_6,2022,S3,33.121505,-87.911094,1693.852224,3,Equilibrium,Quadrulini,QVER,2.845917589,2.330148316,87.16505994,5.35193468,81.81312526,0.227427862,0.22420466,6.836381454,0.419753821,6.416627633,7.682082996,0.643958481,82.32889453,6.419850835,1.422958794,1.165074158,43.58252997,2.67596734,40.90656263,0.113713931,0.11210233,3.418190727,0.209876911,3.208313816,3.841041498,0.321979241,41.16444727,3.209925417
SIPSEY,WENDELL_6,2022,S3,33.121505,-87.911094,1693.852224,3,Periodic,Pleurobemini,EARC,0.027717058,0.022919969,0.577789058,0.028542779,0.549246278,0.026740908,0.022118183,0.564174629,0.027870227,0.536304402,0.051462748,0.04998841,0.554043368,0.540927127,0.013858529,0.011459985,0.288894529,0.01427139,0.274623139,0.013370454,0.011059092,0.282087314,0.013935113,0.268152201,0.025731374,0.024994205,0.277021684,0.270463563
SIPSEY,WENDELL_6,2022,S3,33.121505,-87.911094,1693.852224,3,Equilibrium,Amblemini,APLI,0,0,0,0,0,0,0,0,0,0,0,0,0,0,0,0,0,0,0,0,0,0,0,0,0,0,0,NA
SIPSEY,WENDELL_6,2022,S3,33.121505,-87.911094,1693.852224,3,Equilibrium,Pleurobemini,REBE,0,0,0,0,0,0,0,0,0,0,0,0,0,0,0,0,0,0,0,0,0,0,0,0,0,0,0,NA
SIPSEY,WENDELL_6,2022,S3,33.121505,-87.911094,1693.852224,3,Equilibrium,Quadrulini,QQUA,0,0,0,0,0,0,0,0,0,0,0,0,0,0,0,0,0,0,0,0,0,0,0,0,0,0,0,NA
SIPSEY,WENDELL_6,2022,S3,33.121505,-87.911094,1693.852224,3,Opportunistic,Lampsilini,TDON,0,0,0,0,0,0,0,0,0,0,0,0,0,0,0,0,0,0,0,0,0,0,0,0,0,0,0,NA
SIPSEY,WENDELL_6,2022,S3,33.121505,-87.911094,1693.852224,3,Equilibrium,Quadrulini,MNER,0,0,0,0,0,0,0,0,0,0,0,0,0,0,0,0,0,0,0,0,0,0,0,0,0,0,0,NA
SIPSEY,WENDELL_6,2022,S3,33.121505,-87.911094,1693.852224,3,Periodic,Lampsilini,LLIE,0,0,0,0,0,0,0,0,0,0,0,0,0,0,0,0,0,0,0,0,0,0,0,0,0,0,0,NA
SIPSEY,WENDELL_6,2022,S3,33.121505,-87.911094,1693.852224,3,Periodic,Lampsilini,ELIN,0.608788783,0.511504335,12.07681034,0.73547775,11.34133259,0.124257186,0.104400887,2.621463812,0.159647146,2.461816666,1.246982085,0.264048033,11.43861704,2.481672964,0.304394391,0.255752168,6.03840517,0.367738875,5.670666295,0.062128593,0.052200444,1.310731906,0.079823573,1.230908333,0.623491043,0.132024017,5.719308519,1.240836482
SIPSEY,WENDELL_6,2022,S3,33.121505,-87.911094,1693.852224,3,Opportunistic,Lampsilini,PFRA,0.429947373,0.361241783,1.741449902,0.106054299,1.635395603,0.427268238,0.358990773,1.715712258,0.104486876,1.611225381,0.467296082,0.46347765,1.704101193,1.679502845,0.214973687,0.180620891,0.870724951,0.05302715,0.817697801,0.213634119,0.179495387,0.857856129,0.052243438,0.805612691,0.233648041,0.231738825,0.852050597,0.839751423
SIPSEY,WENDELL_6,2022,S3,33.121505,-87.911094,1693.852224,3,Opportunistic,Lampsilini,LREC,0,0,0,0,0,0,0,0,0,0,0,0,0,0,0,0,0,0,0,0,0,0,0,0,0,0,0,NA
SIPSEY,WENDELL_6,2022,S3,33.121505,-87.911094,1693.852224,3,Periodic,Lampsilini,OARK,0,0,0,0,0,0,0,0,0,0,0,0,0,0,0,0,0,0,0,0,0,0,0,0,0,0,0,NA
SIPSEY,WENDELL_6,2022,S3,33.121505,-87.911094,1693.852224,3,Opportunistic,Lampsilini,PINF,0,0,0,0,0,0,0,0,0,0,0,0,0,0,0,0,0,0,0,0,0,0,0,0,0,0,0,NA
SIPSEY,WENDELL_6,2022,S3,33.121505,-87.911094,1693.852224,3,Equilibrium,Pleurobemini,PPER,0,0,0,0,0,0,0,0,0,0,0,0,0,0,0,0,0,0,0,0,0,0,0,0,0,0,0,NA
SIPSEY,WENDELL_6,2022,S3,33.121505,-87.911094,1693.852224,3,Opportunistic,Lampsilini,LTER,0,0,0,0,0,0,0,0,0,0,0,0,0,0,0,0,0,0,0,0,0,0,0,0,0,0,0,NA
SIPSEY,WENDELL_6,2022,S3,33.121505,-87.911094,1693.852224,3,Periodic,Alasmodontini,SSUB,0,0,0,0,0,0,0,0,0,0,0,0,0,0,0,0,0,0,0,0,0,0,0,0,0,0,0,NA
SIPSEY,WENDELL_6,2022,S3,33.121505,-87.911094,1693.852224,3,Opportunistic,Lampsilini,TPAR,0,0,0,0,0,0,0,0,0,0,0,0,0,0,0,0,0,0,0,0,0,0,0,0,0,0,0,NA
SIPSEY,WENDELL_6,2022,S3,33.121505,-87.911094,1693.852224,3,Opportunistic,Lampsilini,PPUR,0,0,0,0,0,0,0,0,0,0,0,0,0,0,0,0,0,0,0,0,0,0,0,0,0,0,0,NA
SIPSEY,WENDELL_6,2022,S3,33.121505,-87.911094,1693.852224,3,Periodic,Lampsilini,HPER,0,0,0,0,0,0,0,0,0,0,0,0,0,0,0,0,0,0,0,0,0,0,0,0,0,0,0,NA
SIPSEY,WENDELL_6,2022,S3,33.121505,-87.911094,1693.852224,3,Periodic,Lampsilini,VVIB,0,0,0,0,0,0,0,0,0,0,0,0,0,0,0,0,0,0,0,0,0,0,0,0,0,0,0,NA
SIPSEY,WENDELL_6,2022,S3,33.121505,-87.911094,1693.852224,3,Periodic,Pleurobemini,ECRA,0,0,0,0,0,0,0,0,0,0,0,0,0,0,0,0,0,0,0,0,0,0,0,0,0,0,0,NA
SIPSEY,WENDELL_6,2022,S3,33.121505,-87.911094,1693.852224,3,Opportunistic,Lampsilini,TTRU,0,0,0,0,0,0,0,0,0,0,0,0,0,0,0,0,0,0,0,0,0,0,0,0,0,0,0,NA
SIPSEY,WENDELL_6,2022,S3,33.121505,-87.911094,1693.852224,3,NA,Lampsilini,LAMP,0,0,0,0,0,0,0,0,0,0,0,0,0,0,0,0,0,0,0,0,0,0,0,0,0,0,0,NA
SIPSEY,WENDELL_6,2022,S3,33.121505,-87.911094,1693.852224,3,Periodic,Anodontini,LCOM,0,0,0,0,0,0,0,0,0,0,0,0,0,0,0,0,0,0,0,0,0,0,0,0,0,0,0,NA
SIPSEY,WENDELL_6,2022,S3,33.121505,-87.911094,1693.852224,4,NA,Corbicula,CFLU,0.095414425,0.067944989,3.021343135,0.087921085,2.93342205,0.059183629,0.041745343,1.838252385,0.053493144,1.784759241,0.155866074,0.095238487,2.960891486,1.802197526,0.054522529,0.038825708,1.726481791,0.05024062,1.676241171,0.033819216,0.023854482,1.050429934,0.030567511,1.019862423,0.089066328,0.054421993,1.691937992,1.029827158
SIPSEY,WENDELL_6,2022,S3,33.121505,-87.911094,1693.852224,4,Equilibrium,Pleurobemini,FCER,1.548632626,1.333158212,62.33627919,3.253953774,59.08232542,0.126106068,0.104842691,4.513193385,0.235588695,4.27760469,4.587111986,0.340431385,59.29779983,4.298868068,0.884932929,0.761804693,35.62073097,1.859402157,33.76132881,0.07206061,0.059910109,2.578967648,0.134622111,2.444345537,2.621206849,0.19453222,33.88445705,2.456496039
SIPSEY,WENDELL_6,2022,S3,33.121505,-87.911094,1693.852224,4,Opportunistic,Lampsilini,LORN,0,0,0,0,0,0,0,0,0,0,0,0,0,0,0,0,0,0,0,0,0,0,0,0,0,0,0,NA
SIPSEY,WENDELL_6,2022,S3,33.121505,-87.911094,1693.852224,4,Periodic,Lampsilini,OREF,0.560372398,0.48541683,26.91946093,1.10908179,25.81037914,0.073251069,0.062026094,3.1816763,0.131085064,3.050591236,1.59449862,0.193111157,25.88533471,3.061816211,0.320212799,0.277381046,15.3825491,0.633761023,14.74878808,0.041857754,0.035443482,1.818100743,0.074905751,1.743194992,0.911142069,0.110349233,14.79161983,1.749609264
SIPSEY,WENDELL_6,2022,S3,33.121505,-87.911094,1693.852224,4,Equilibrium,Pleurobemini,PDEC,1.170419681,0.971325082,64.35696995,3.520326256,60.83664369,0.177274695,0.146993064,9.74400422,0.532997031,9.211007189,4.491651338,0.679990095,61.03573829,9.24128882,0.668811247,0.555042904,36.7754114,2.011615003,34.76379639,0.101299826,0.083996037,5.568002411,0.304569732,5.263432679,2.566657908,0.388565769,34.87756474,5.280736469
SIPSEY,WENDELL_6,2022,S3,33.121505,-87.911094,1693.852224,4,Equilibrium,Quadrulini,PKIE,2.224889801,1.973624932,82.2745702,6.137682937,76.13688726,0.265288272,0.237696183,8.54955251,0.637796617,7.911755893,8.111307869,0.875492801,76.38815213,7.939347982,1.271365601,1.127785675,47.01404011,3.507247392,43.50679272,0.151593298,0.135826391,4.885458577,0.36445521,4.521003367,4.635033068,0.5002816,43.65037265,4.536770275
SIPSEY,WENDELL_6,2022,S3,33.121505,-87.911094,1693.852224,4,Periodic,Lampsilini,LSTR,0,0,0,0,0,0,0,0,0,0,0,0,0,0,0,0,0,0,0,0,0,0,0,0,0,0,0,NA
SIPSEY,WENDELL_6,2022,S3,33.121505,-87.911094,1693.852224,4,Periodic,Lampsilini,MACU,0.011651769,0.008618056,0.146739722,0.00864297,0.138096753,0.011651769,0.008618056,0.146739722,0.00864297,0.138096753,0.017261026,0.017261026,0.141130465,0.141130465,0.006658153,0.004924603,0.08385127,0.00493884,0.07891243,0.006658153,0.004924603,0.08385127,0.00493884,0.07891243,0.009863443,0.009863443,0.08064598,0.08064598
SIPSEY,WENDELL_6,2022,S3,33.121505,-87.911094,1693.852224,4,Periodic,Lampsilini,OUNI,0.092674463,0.067333756,3.099167904,0.185020324,2.91414758,0.045308946,0.033822708,1.635532716,0.097641303,1.537891413,0.25235408,0.131464011,2.939488287,1.549377651,0.052956836,0.038476432,1.770953088,0.105725899,1.665227188,0.025890827,0.019327262,0.934590123,0.05579503,0.878795093,0.144202331,0.075122292,1.679707592,0.885358658
SIPSEY,WENDELL_6,2022,S3,33.121505,-87.911094,1693.852224,4,Equilibrium,Quadrulini,QVER,1.31815344,0.914888697,40.97805367,2.516052496,38.46200118,0.317031371,0.259891701,9.689652053,0.594944636,9.094707417,3.430941192,0.854836338,38.86526592,9.151847087,0.753230537,0.522793541,23.41603067,1.437744283,21.97828639,0.181160784,0.148509544,5.536944031,0.339968363,5.196975667,1.960537824,0.488477907,22.20872338,5.229626907
SIPSEY,WENDELL_6,2022,S3,33.121505,-87.911094,1693.852224,4,Periodic,Pleurobemini,EARC,0,0,0,0,0,0,0,0,0,0,0,0,0,0,0,0,0,0,0,0,0,0,0,0,0,0,0,NA
SIPSEY,WENDELL_6,2022,S3,33.121505,-87.911094,1693.852224,4,Equilibrium,Amblemini,APLI,0,0,0,0,0,0,0,0,0,0,0,0,0,0,0,0,0,0,0,0,0,0,0,0,0,0,0,NA
SIPSEY,WENDELL_6,2022,S3,33.121505,-87.911094,1693.852224,4,Equilibrium,Pleurobemini,REBE,0,0,0,0,0,0,0,0,0,0,0,0,0,0,0,0,0,0,0,0,0,0,0,0,0,0,0,NA
SIPSEY,WENDELL_6,2022,S3,33.121505,-87.911094,1693.852224,4,Equilibrium,Quadrulini,QQUA,0,0,0,0,0,0,0,0,0,0,0,0,0,0,0,0,0,0,0,0,0,0,0,0,0,0,0,NA
SIPSEY,WENDELL_6,2022,S3,33.121505,-87.911094,1693.852224,4,Opportunistic,Lampsilini,TDON,0,0,0,0,0,0,0,0,0,0,0,0,0,0,0,0,0,0,0,0,0,0,0,0,0,0,0,NA
SIPSEY,WENDELL_6,2022,S3,33.121505,-87.911094,1693.852224,4,Equilibrium,Quadrulini,MNER,0,0,0,0,0,0,0,0,0,0,0,0,0,0,0,0,0,0,0,0,0,0,0,0,0,0,0,NA
SIPSEY,WENDELL_6,2022,S3,33.121505,-87.911094,1693.852224,4,Periodic,Lampsilini,LLIE,0,0,0,0,0,0,0,0,0,0,0,0,0,0,0,0,0,0,0,0,0,0,0,0,0,0,0,NA
SIPSEY,WENDELL_6,2022,S3,33.121505,-87.911094,1693.852224,4,Periodic,Lampsilini,ELIN,0.804142994,0.675640943,16.2746385,0.991125484,15.28351301,0.100363002,0.084324994,2.167101302,0.131976469,2.035124833,1.666766428,0.216301464,15.41201506,2.051162841,0.459510282,0.386080539,9.299793427,0.56635742,8.733436007,0.057350287,0.048185711,1.238343601,0.075415125,1.162928476,0.952437959,0.123600836,8.80686575,1.172093052
SIPSEY,WENDELL_6,2022,S3,33.121505,-87.911094,1693.852224,4,Opportunistic,Lampsilini,PFRA,0,0,0,0,0,0,0,0,0,0,0,0,0,0,0,0,0,0,0,0,0,0,0,0,0,0,0,NA
SIPSEY,WENDELL_6,2022,S3,33.121505,-87.911094,1693.852224,4,Opportunistic,Lampsilini,LREC,0,0,0,0,0,0,0,0,0,0,0,0,0,0,0,0,0,0,0,0,0,0,0,0,0,0,0,NA
SIPSEY,WENDELL_6,2022,S3,33.121505,-87.911094,1693.852224,4,Periodic,Lampsilini,OARK,0,0,0,0,0,0,0,0,0,0,0,0,0,0,0,0,0,0,0,0,0,0,0,0,0,0,0,NA
SIPSEY,WENDELL_6,2022,S3,33.121505,-87.911094,1693.852224,4,Opportunistic,Lampsilini,PINF,0,0,0,0,0,0,0,0,0,0,0,0,0,0,0,0,0,0,0,0,0,0,0,0,0,0,0,NA
SIPSEY,WENDELL_6,2022,S3,33.121505,-87.911094,1693.852224,4,Equilibrium,Pleurobemini,PPER,0,0,0,0,0,0,0,0,0,0,0,0,0,0,0,0,0,0,0,0,0,0,0,0,0,0,0,NA
SIPSEY,WENDELL_6,2022,S3,33.121505,-87.911094,1693.852224,4,Opportunistic,Lampsilini,LTER,0,0,0,0,0,0,0,0,0,0,0,0,0,0,0,0,0,0,0,0,0,0,0,0,0,0,0,NA
SIPSEY,WENDELL_6,2022,S3,33.121505,-87.911094,1693.852224,4,Periodic,Alasmodontini,SSUB,0,0,0,0,0,0,0,0,0,0,0,0,0,0,0,0,0,0,0,0,0,0,0,0,0,0,0,NA
SIPSEY,WENDELL_6,2022,S3,33.121505,-87.911094,1693.852224,4,Opportunistic,Lampsilini,TPAR,0,0,0,0,0,0,0,0,0,0,0,0,0,0,0,0,0,0,0,0,0,0,0,0,0,0,0,NA
SIPSEY,WENDELL_6,2022,S3,33.121505,-87.911094,1693.852224,4,Opportunistic,Lampsilini,PPUR,0,0,0,0,0,0,0,0,0,0,0,0,0,0,0,0,0,0,0,0,0,0,0,0,0,0,0,NA
SIPSEY,WENDELL_6,2022,S3,33.121505,-87.911094,1693.852224,4,Periodic,Lampsilini,HPER,0,0,0,0,0,0,0,0,0,0,0,0,0,0,0,0,0,0,0,0,0,0,0,0,0,0,0,NA
SIPSEY,WENDELL_6,2022,S3,33.121505,-87.911094,1693.852224,4,Periodic,Lampsilini,VVIB,0,0,0,0,0,0,0,0,0,0,0,0,0,0,0,0,0,0,0,0,0,0,0,0,0,0,0,NA
SIPSEY,WENDELL_6,2022,S3,33.121505,-87.911094,1693.852224,4,Periodic,Pleurobemini,ECRA,0,0,0,0,0,0,0,0,0,0,0,0,0,0,0,0,0,0,0,0,0,0,0,0,0,0,0,NA
SIPSEY,WENDELL_6,2022,S3,33.121505,-87.911094,1693.852224,4,Opportunistic,Lampsilini,TTRU,0,0,0,0,0,0,0,0,0,0,0,0,0,0,0,0,0,0,0,0,0,0,0,0,0,0,0,NA
SIPSEY,WENDELL_6,2022,S3,33.121505,-87.911094,1693.852224,4,NA,Lampsilini,LAMP,0,0,0,0,0,0,0,0,0,0,0,0,0,0,0,0,0,0,0,0,0,0,0,0,0,0,0,NA
SIPSEY,WENDELL_6,2022,S3,33.121505,-87.911094,1693.852224,4,Periodic,Anodontini,LCOM,0,0,0,0,0,0,0,0,0,0,0,0,0,0,0,0,0,0,0,0,0,0,0,0,0,0,0,NA
SIPSEY,WENDELL_6,2022,S3,33.121505,-87.911094,1693.852224,5,NA,Corbicula,CFLU,0.042595659,0.031965328,1.527809244,0.044459249,1.483349995,0.030518727,0.023232113,1.133445661,0.032983269,1.100462392,0.076424577,0.056215382,1.493980327,1.107749007,0.024340377,0.018265902,0.873033854,0.025405285,0.847628569,0.017439273,0.013275493,0.647683235,0.018847582,0.628835653,0.043671187,0.032123075,0.853703044,0.632999433
SIPSEY,WENDELL_6,2022,S3,33.121505,-87.911094,1693.852224,5,Equilibrium,Pleurobemini,FCER,1.427648457,1.243067684,59.68299058,3.115452108,56.56753847,0.21751634,0.186181498,8.583688138,0.448068521,8.135619617,4.358519792,0.634250019,56.75211924,8.166954459,0.815799118,0.710324391,34.10456604,1.780258347,32.3243077,0.124295052,0.106389427,4.90496465,0.256039155,4.648925495,2.490582738,0.362428582,32.42978242,4.66683112
SIPSEY,WENDELL_6,2022,S3,33.121505,-87.911094,1693.852224,5,Opportunistic,Lampsilini,LORN,8.674038391,6.353284658,123.4186349,14.27953606,109.1390989,0,0,0,0,0,20.63282072,0,111.4598526,0,4.956593366,3.630448376,70.52493424,8.159734891,62.36519934,0,0,0,0,0,11.79018327,0,63.69134434,0
SIPSEY,WENDELL_6,2022,S3,33.121505,-87.911094,1693.852224,5,Periodic,Lampsilini,OREF,0,0,0,0,0,0,0,0,0,0,0,0,0,0,0,0,0,0,0,0,0,0,0,0,0,0,0,NA
SIPSEY,WENDELL_6,2022,S3,33.121505,-87.911094,1693.852224,5,Equilibrium,Pleurobemini,PDEC,2.396160992,1.983601274,131.6152303,7.1993531,124.4158772,0.257565999,0.211251524,14.09127706,0.770792855,13.3204842,9.182954374,0.982044379,124.828437,13.36679868,1.369234853,1.133486442,75.20870306,4.113916057,71.094787,0.147180571,0.120715156,8.052158318,0.44045306,7.611705258,5.247402499,0.561168216,71.33053541,7.638170672
SIPSEY,WENDELL_6,2022,S3,33.121505,-87.911094,1693.852224,5,Equilibrium,Quadrulini,PKIE,1.628479817,1.446782019,59.12066971,4.41040196,54.71026775,0.154230154,0.138126571,5.004586213,0.373342131,4.631244081,5.857183979,0.511468702,54.89196555,4.647347665,0.930559895,0.826732582,33.78323983,2.520229692,31.26301014,0.088131517,0.078929469,2.85976355,0.213338361,2.646425189,3.346962274,0.29226783,31.36683746,2.655627237
SIPSEY,WENDELL_6,2022,S3,33.121505,-87.911094,1693.852224,5,Periodic,Lampsilini,LSTR,0,0,0,0,0,0,0,0,0,0,0,0,0,0,0,0,0,0,0,0,0,0,0,0,0,0,0,NA
SIPSEY,WENDELL_6,2022,S3,33.121505,-87.911094,1693.852224,5,Periodic,Lampsilini,MACU,0,0,0,0,0,0,0,0,0,0,0,0,0,0,0,0,0,0,0,0,0,0,0,0,0,0,0,NA
SIPSEY,WENDELL_6,2022,S3,33.121505,-87.911094,1693.852224,5,Periodic,Lampsilini,OUNI,0.231129509,0.174120648,8.607203001,0.513850019,8.093352982,0.067434421,0.05247523,2.753834639,0.164403928,2.589430711,0.687970667,0.216879158,8.150361843,2.604389902,0.132074005,0.099497513,4.918401715,0.293628582,4.624773133,0.038533955,0.029985846,1.573619794,0.093945102,1.479674692,0.393126095,0.123930947,4.657349625,1.488222801
SIPSEY,WENDELL_6,2022,S3,33.121505,-87.911094,1693.852224,5,Equilibrium,Quadrulini,QVER,0,0,0,0,0,0,0,0,0,0,0,0,0,0,0,0,0,0,0,0,0,0,0,0,0,0,0,NA
SIPSEY,WENDELL_6,2022,S3,33.121505,-87.911094,1693.852224,5,Periodic,Pleurobemini,EARC,0.356086876,0.295929823,10.01077478,0.494532274,9.516242501,0.139227187,0.11585862,4.223071445,0.208619729,4.014451716,0.790462097,0.324478349,9.576399554,4.037820282,0.203478215,0.169102756,5.720442729,0.282589871,5.437852858,0.079558392,0.066204926,2.413183683,0.119211274,2.293972409,0.451692627,0.1854162,5.472228316,2.307325876
SIPSEY,WENDELL_6,2022,S3,33.121505,-87.911094,1693.852224,5,Equilibrium,Amblemini,APLI,0,0,0,0,0,0,0,0,0,0,0,0,0,0,0,0,0,0,0,0,0,0,0,0,0,0,0,NA
SIPSEY,WENDELL_6,2022,S3,33.121505,-87.911094,1693.852224,5,Equilibrium,Pleurobemini,REBE,0,0,0,0,0,0,0,0,0,0,0,0,0,0,0,0,0,0,0,0,0,0,0,0,0,0,0,NA
SIPSEY,WENDELL_6,2022,S3,33.121505,-87.911094,1693.852224,5,Equilibrium,Quadrulini,QQUA,0,0,0,0,0,0,0,0,0,0,0,0,0,0,0,0,0,0,0,0,0,0,0,0,0,0,0,NA
SIPSEY,WENDELL_6,2022,S3,33.121505,-87.911094,1693.852224,5,Opportunistic,Lampsilini,TDON,0,0,0,0,0,0,0,0,0,0,0,0,0,0,0,0,0,0,0,0,0,0,0,0,0,0,0,NA
SIPSEY,WENDELL_6,2022,S3,33.121505,-87.911094,1693.852224,5,Equilibrium,Quadrulini,MNER,0,0,0,0,0,0,0,0,0,0,0,0,0,0,0,0,0,0,0,0,0,0,0,0,0,0,0,NA
SIPSEY,WENDELL_6,2022,S3,33.121505,-87.911094,1693.852224,5,Periodic,Lampsilini,LLIE,0,0,0,0,0,0,0,0,0,0,0,0,0,0,0,0,0,0,0,0,0,0,0,0,0,0,0,NA
SIPSEY,WENDELL_6,2022,S3,33.121505,-87.911094,1693.852224,5,Periodic,Lampsilini,ELIN,0,0,0,0,0,0,0,0,0,0,0,0,0,0,0,0,0,0,0,0,0,0,0,0,0,0,0,NA
SIPSEY,WENDELL_6,2022,S3,33.121505,-87.911094,1693.852224,5,Opportunistic,Lampsilini,PFRA,0,0,0,0,0,0,0,0,0,0,0,0,0,0,0,0,0,0,0,0,0,0,0,0,0,0,0,NA
SIPSEY,WENDELL_6,2022,S3,33.121505,-87.911094,1693.852224,5,Opportunistic,Lampsilini,LREC,0,0,0,0,0,0,0,0,0,0,0,0,0,0,0,0,0,0,0,0,0,0,0,0,0,0,0,NA
SIPSEY,WENDELL_6,2022,S3,33.121505,-87.911094,1693.852224,5,Periodic,Lampsilini,OARK,0,0,0,0,0,0,0,0,0,0,0,0,0,0,0,0,0,0,0,0,0,0,0,0,0,0,0,NA
SIPSEY,WENDELL_6,2022,S3,33.121505,-87.911094,1693.852224,5,Opportunistic,Lampsilini,PINF,0,0,0,0,0,0,0,0,0,0,0,0,0,0,0,0,0,0,0,0,0,0,0,0,0,0,0,NA
SIPSEY,WENDELL_6,2022,S3,33.121505,-87.911094,1693.852224,5,Equilibrium,Pleurobemini,PPER,0,0,0,0,0,0,0,0,0,0,0,0,0,0,0,0,0,0,0,0,0,0,0,0,0,0,0,NA
SIPSEY,WENDELL_6,2022,S3,33.121505,-87.911094,1693.852224,5,Opportunistic,Lampsilini,LTER,0,0,0,0,0,0,0,0,0,0,0,0,0,0,0,0,0,0,0,0,0,0,0,0,0,0,0,NA
SIPSEY,WENDELL_6,2022,S3,33.121505,-87.911094,1693.852224,5,Periodic,Alasmodontini,SSUB,0,0,0,0,0,0,0,0,0,0,0,0,0,0,0,0,0,0,0,0,0,0,0,0,0,0,0,NA
SIPSEY,WENDELL_6,2022,S3,33.121505,-87.911094,1693.852224,5,Opportunistic,Lampsilini,TPAR,0,0,0,0,0,0,0,0,0,0,0,0,0,0,0,0,0,0,0,0,0,0,0,0,0,0,0,NA
SIPSEY,WENDELL_6,2022,S3,33.121505,-87.911094,1693.852224,5,Opportunistic,Lampsilini,PPUR,0,0,0,0,0,0,0,0,0,0,0,0,0,0,0,0,0,0,0,0,0,0,0,0,0,0,0,NA
SIPSEY,WENDELL_6,2022,S3,33.121505,-87.911094,1693.852224,5,Periodic,Lampsilini,HPER,2.881764547,2.228732362,52.09287601,3.177665436,48.91521057,0,0,0,0,0,5.406397798,0,49.56824276,0,1.646722598,1.27356135,29.76735772,1.815808821,27.9515489,0,0,0,0,0,3.08937017,0,28.32471015,0
SIPSEY,WENDELL_6,2022,S3,33.121505,-87.911094,1693.852224,5,Periodic,Lampsilini,VVIB,0,0,0,0,0,0,0,0,0,0,0,0,0,0,0,0,0,0,0,0,0,0,0,0,0,0,0,NA
SIPSEY,WENDELL_6,2022,S3,33.121505,-87.911094,1693.852224,5,Periodic,Pleurobemini,ECRA,0,0,0,0,0,0,0,0,0,0,0,0,0,0,0,0,0,0,0,0,0,0,0,0,0,0,0,NA
SIPSEY,WENDELL_6,2022,S3,33.121505,-87.911094,1693.852224,5,Opportunistic,Lampsilini,TTRU,0,0,0,0,0,0,0,0,0,0,0,0,0,0,0,0,0,0,0,0,0,0,0,0,0,0,0,NA
SIPSEY,WENDELL_6,2022,S3,33.121505,-87.911094,1693.852224,5,NA,Lampsilini,LAMP,0,0,0,0,0,0,0,0,0,0,0,0,0,0,0,0,0,0,0,0,0,0,0,0,0,0,0,NA
SIPSEY,WENDELL_6,2022,S3,33.121505,-87.911094,1693.852224,5,Periodic,Anodontini,LCOM,0,0,0,0,0,0,0,0,0,0,0,0,0,0,0,0,0,0,0,0,0,0,0,0,0,0,0,NA
SIPSEY,WENDELL_6,2022,S3,33.121505,-87.911094,1693.852224,6,NA,Corbicula,CFLU,0.040495591,0.027759312,1.166835698,0.033954919,1.132880779,0.040495591,0.027759312,1.166835698,0.033954919,1.132880779,0.061714231,0.061714231,1.145617057,1.145617057,0.020247795,0.013879656,0.583417849,0.016977459,0.566440389,0.020247795,0.013879656,0.583417849,0.016977459,0.566440389,0.030857116,0.030857116,0.572808529,0.572808529
SIPSEY,WENDELL_6,2022,S3,33.121505,-87.911094,1693.852224,6,Equilibrium,Pleurobemini,FCER,0,0,0,0,0,0,0,0,0,0,0,0,0,0,0,0,0,0,0,0,0,0,0,0,0,0,0,NA
SIPSEY,WENDELL_6,2022,S3,33.121505,-87.911094,1693.852224,6,Opportunistic,Lampsilini,LORN,4.21234895,3.095971314,58.21723472,6.735734058,51.48150067,0,0,0,0,0,9.831705371,0,52.5978783,0,2.106174475,1.547985657,29.10861736,3.367867029,25.74075033,0,0,0,0,0,4.915852686,0,26.29893915,0
SIPSEY,WENDELL_6,2022,S3,33.121505,-87.911094,1693.852224,6,Periodic,Lampsilini,OREF,0,0,0,0,0,0,0,0,0,0,0,0,0,0,0,0,0,0,0,0,0,0,0,0,0,0,0,NA
SIPSEY,WENDELL_6,2022,S3,33.121505,-87.911094,1693.852224,6,Equilibrium,Pleurobemini,PDEC,3.985611671,3.29512082,218.7969758,11.96819457,206.8287812,0.386741493,0.318328587,21.19075397,1.159134242,20.03161973,15.26331539,1.477462829,207.519272,20.10003263,1.992805835,1.64756041,109.3984879,5.984097287,103.4143906,0.193370746,0.159164293,10.59537699,0.579567121,10.01580986,7.631657697,0.738731415,103.759636,10.05001632
SIPSEY,WENDELL_6,2022,S3,33.121505,-87.911094,1693.852224,6,Equilibrium,Quadrulini,PKIE,2.48713342,2.220480955,84.91797551,6.334880973,78.58309454,0.087525007,0.078447839,2.808696975,0.209528794,2.59916818,8.555361928,0.287976633,78.849747,2.608245349,1.24356671,1.110240478,42.45898775,3.167440486,39.29154727,0.043762504,0.039223919,1.404348487,0.104764397,1.29958409,4.277680964,0.143988317,39.4248735,1.304122674
SIPSEY,WENDELL_6,2022,S3,33.121505,-87.911094,1693.852224,6,Periodic,Lampsilini,LSTR,0,0,0,0,0,0,0,0,0,0,0,0,0,0,0,0,0,0,0,0,0,0,0,0,0,0,0,NA
SIPSEY,WENDELL_6,2022,S3,33.121505,-87.911094,1693.852224,6,Periodic,Lampsilini,MACU,0.119311216,0.101022172,1.462467225,0.08613932,1.376327905,0.051972542,0.04457096,0.635453982,0.03742824,0.598025743,0.187161492,0.081999199,1.39461695,0.605427326,0.059655608,0.050511086,0.731233613,0.04306966,0.688163953,0.025986271,0.02228548,0.317726991,0.01871412,0.299012871,0.093580746,0.0409996,0.697308475,0.302713663
SIPSEY,WENDELL_6,2022,S3,33.121505,-87.911094,1693.852224,6,Periodic,Lampsilini,OUNI,0.354585377,0.264843842,12.87750614,0.768787117,12.10871902,0.120076521,0.09229324,4.729847795,0.282371913,4.447475881,1.033630959,0.374665153,12.19846056,4.475259163,0.177292689,0.132421921,6.43875307,0.384393558,6.054359512,0.060038261,0.04614662,2.364923897,0.141185957,2.223737941,0.516815479,0.187332577,6.099230279,2.237629581
SIPSEY,WENDELL_6,2022,S3,33.121505,-87.911094,1693.852224,6,Equilibrium,Quadrulini,QVER,0,0,0,0,0,0,0,0,0,0,0,0,0,0,0,0,0,0,0,0,0,0,0,0,0,0,0,NA
SIPSEY,WENDELL_6,2022,S3,33.121505,-87.911094,1693.852224,6,Periodic,Pleurobemini,EARC,0.419280765,0.348615563,12.1121559,0.598340502,11.5138154,0.138928445,0.115702365,4.395550554,0.217140197,4.178410356,0.946956065,0.332842562,11.5844806,4.201636437,0.209640383,0.174307782,6.056077951,0.299170251,5.7569077,0.069464222,0.057851182,2.197775277,0.108570099,2.089205178,0.473478032,0.166421281,5.792240301,2.100818218
SIPSEY,WENDELL_6,2022,S3,33.121505,-87.911094,1693.852224,6,Equilibrium,Amblemini,APLI,0,0,0,0,0,0,0,0,0,0,0,0,0,0,0,0,0,0,0,0,0,0,0,0,0,0,0,NA
SIPSEY,WENDELL_6,2022,S3,33.121505,-87.911094,1693.852224,6,Equilibrium,Pleurobemini,REBE,0,0,0,0,0,0,0,0,0,0,0,0,0,0,0,0,0,0,0,0,0,0,0,0,0,0,0,NA
SIPSEY,WENDELL_6,2022,S3,33.121505,-87.911094,1693.852224,6,Equilibrium,Quadrulini,QQUA,0,0,0,0,0,0,0,0,0,0,0,0,0,0,0,0,0,0,0,0,0,0,0,0,0,0,0,NA
SIPSEY,WENDELL_6,2022,S3,33.121505,-87.911094,1693.852224,6,Opportunistic,Lampsilini,TDON,0,0,0,0,0,0,0,0,0,0,0,0,0,0,0,0,0,0,0,0,0,0,0,0,0,0,0,NA
SIPSEY,WENDELL_6,2022,S3,33.121505,-87.911094,1693.852224,6,Equilibrium,Quadrulini,MNER,0,0,0,0,0,0,0,0,0,0,0,0,0,0,0,0,0,0,0,0,0,0,0,0,0,0,0,NA
SIPSEY,WENDELL_6,2022,S3,33.121505,-87.911094,1693.852224,6,Periodic,Lampsilini,LLIE,0,0,0,0,0,0,0,0,0,0,0,0,0,0,0,0,0,0,0,0,0,0,0,0,0,0,0,NA
SIPSEY,WENDELL_6,2022,S3,33.121505,-87.911094,1693.852224,6,Periodic,Lampsilini,ELIN,0,0,0,0,0,0,0,0,0,0,0,0,0,0,0,0,0,0,0,0,0,0,0,0,0,0,0,NA
SIPSEY,WENDELL_6,2022,S3,33.121505,-87.911094,1693.852224,6,Opportunistic,Lampsilini,PFRA,0,0,0,0,0,0,0,0,0,0,0,0,0,0,0,0,0,0,0,0,0,0,0,0,0,0,0,NA
SIPSEY,WENDELL_6,2022,S3,33.121505,-87.911094,1693.852224,6,Opportunistic,Lampsilini,LREC,0,0,0,0,0,0,0,0,0,0,0,0,0,0,0,0,0,0,0,0,0,0,0,0,0,0,0,NA
SIPSEY,WENDELL_6,2022,S3,33.121505,-87.911094,1693.852224,6,Periodic,Lampsilini,OARK,0,0,0,0,0,0,0,0,0,0,0,0,0,0,0,0,0,0,0,0,0,0,0,0,0,0,0,NA
SIPSEY,WENDELL_6,2022,S3,33.121505,-87.911094,1693.852224,6,Opportunistic,Lampsilini,PINF,0,0,0,0,0,0,0,0,0,0,0,0,0,0,0,0,0,0,0,0,0,0,0,0,0,0,0,NA
SIPSEY,WENDELL_6,2022,S3,33.121505,-87.911094,1693.852224,6,Equilibrium,Pleurobemini,PPER,0,0,0,0,0,0,0,0,0,0,0,0,0,0,0,0,0,0,0,0,0,0,0,0,0,0,0,NA
SIPSEY,WENDELL_6,2022,S3,33.121505,-87.911094,1693.852224,6,Opportunistic,Lampsilini,LTER,0,0,0,0,0,0,0,0,0,0,0,0,0,0,0,0,0,0,0,0,0,0,0,0,0,0,0,NA
SIPSEY,WENDELL_6,2022,S3,33.121505,-87.911094,1693.852224,6,Periodic,Alasmodontini,SSUB,0,0,0,0,0,0,0,0,0,0,0,0,0,0,0,0,0,0,0,0,0,0,0,0,0,0,0,NA
SIPSEY,WENDELL_6,2022,S3,33.121505,-87.911094,1693.852224,6,Opportunistic,Lampsilini,TPAR,0,0,0,0,0,0,0,0,0,0,0,0,0,0,0,0,0,0,0,0,0,0,0,0,0,0,0,NA
SIPSEY,WENDELL_6,2022,S3,33.121505,-87.911094,1693.852224,6,Opportunistic,Lampsilini,PPUR,0,0,0,0,0,0,0,0,0,0,0,0,0,0,0,0,0,0,0,0,0,0,0,0,0,0,0,NA
SIPSEY,WENDELL_6,2022,S3,33.121505,-87.911094,1693.852224,6,Periodic,Lampsilini,HPER,0,0,0,0,0,0,0,0,0,0,0,0,0,0,0,0,0,0,0,0,0,0,0,0,0,0,0,NA
SIPSEY,WENDELL_6,2022,S3,33.121505,-87.911094,1693.852224,6,Periodic,Lampsilini,VVIB,0,0,0,0,0,0,0,0,0,0,0,0,0,0,0,0,0,0,0,0,0,0,0,0,0,0,0,NA
SIPSEY,WENDELL_6,2022,S3,33.121505,-87.911094,1693.852224,6,Periodic,Pleurobemini,ECRA,0,0,0,0,0,0,0,0,0,0,0,0,0,0,0,0,0,0,0,0,0,0,0,0,0,0,0,NA
SIPSEY,WENDELL_6,2022,S3,33.121505,-87.911094,1693.852224,6,Opportunistic,Lampsilini,TTRU,0,0,0,0,0,0,0,0,0,0,0,0,0,0,0,0,0,0,0,0,0,0,0,0,0,0,0,NA
SIPSEY,WENDELL_6,2022,S3,33.121505,-87.911094,1693.852224,6,NA,Lampsilini,LAMP,0,0,0,0,0,0,0,0,0,0,0,0,0,0,0,0,0,0,0,0,0,0,0,0,0,0,0,NA
SIPSEY,WENDELL_6,2022,S3,33.121505,-87.911094,1693.852224,6,Periodic,Anodontini,LCOM,0,0,0,0,0,0,0,0,0,0,0,0,0,0,0,0,0,0,0,0,0,0,0,0,0,0,0,NA
SIPSEY,WENDELL_6,2022,S3,33.121505,-87.911094,1693.852224,7,NA,Corbicula,CFLU,0.039689725,0.027542914,1.181860905,0.034392152,1.147468753,0.027612793,0.018809699,0.787497322,0.022916172,0.76458115,0.061935067,0.041725871,1.159615563,0.773384244,0.022679843,0.015738808,0.675349089,0.019652658,0.65569643,0.015778739,0.010748399,0.44999847,0.013094955,0.436903514,0.035391467,0.023843355,0.662637465,0.441933853
SIPSEY,WENDELL_6,2022,S3,33.121505,-87.911094,1693.852224,7,Equilibrium,Pleurobemini,FCER,3.291329813,2.794569702,126.7644876,6.617106255,120.1473814,0.095947942,0.079284192,3.366839864,0.175749041,3.191090823,9.411675956,0.255033233,120.6441415,3.207754574,1.880759893,1.596896972,72.43685008,3.781203574,68.6556465,0.054827396,0.045305252,1.923908494,0.100428023,1.823480471,5.378100547,0.145733276,68.93950942,1.833002614
SIPSEY,WENDELL_6,2022,S3,33.121505,-87.911094,1693.852224,7,Opportunistic,Lampsilini,LORN,7.569398227,5.623808796,96.53811118,11.16945946,85.36865172,0,0,0,0,0,16.79326826,0,87.31424115,0,4.325370415,3.213605026,55.16463496,6.382548265,48.7820867,0,0,0,0,0,9.596153291,0,49.89385208,0
SIPSEY,WENDELL_6,2022,S3,33.121505,-87.911094,1693.852224,7,Periodic,Lampsilini,OREF,0,0,0,0,0,0,0,0,0,0,0,0,0,0,0,0,0,0,0,0,0,0,0,0,0,0,0,NA
SIPSEY,WENDELL_6,2022,S3,33.121505,-87.911094,1693.852224,7,Equilibrium,Pleurobemini,PDEC,5.954795509,4.911292181,326.5595037,17.86280485,308.6966989,0.368784849,0.303025717,20.19180629,1.104491804,19.08731448,22.77409703,1.407517521,309.7402022,19.15307361,3.402740291,2.806452675,186.6054307,10.20731706,176.3981136,0.2107342,0.173157553,11.53817502,0.631138174,10.90703685,13.01376973,0.804295726,176.9944012,10.94461349
SIPSEY,WENDELL_6,2022,S3,33.121505,-87.911094,1693.852224,7,Equilibrium,Quadrulini,PKIE,2.913485629,2.593360477,103.2431923,7.701942144,95.54125013,0.183387677,0.164451219,5.857500782,0.436969558,5.420531224,10.29530262,0.601420777,95.86137529,5.439467682,1.664848931,1.481920273,58.99610987,4.401109797,54.59500008,0.104792958,0.093972125,3.347143304,0.24969689,3.097446414,5.883030069,0.343669016,54.77792874,3.108267247
SIPSEY,WENDELL_6,2022,S3,33.121505,-87.911094,1693.852224,7,Periodic,Lampsilini,LSTR,0,0,0,0,0,0,0,0,0,0,0,0,0,0,0,0,0,0,0,0,0,0,0,0,0,0,0,NA
SIPSEY,WENDELL_6,2022,S3,33.121505,-87.911094,1693.852224,7,Periodic,Lampsilini,MACU,0.061379734,0.049428568,0.759853531,0.044755373,0.715098158,0.052205836,0.042850275,0.643612164,0.037908756,0.605703408,0.094183941,0.080759031,0.727049325,0.615058969,0.035074134,0.028244896,0.434202018,0.025574499,0.408627519,0.029831906,0.024485871,0.36777838,0.021662147,0.346116233,0.053819395,0.046148018,0.415456757,0.351462268
SIPSEY,WENDELL_6,2022,S3,33.121505,-87.911094,1693.852224,7,Periodic,Lampsilini,OUNI,0.147310486,0.106074708,4.796868419,0.286373045,4.510495374,0.079270282,0.058549853,2.772873893,0.165540571,2.607333322,0.392447753,0.224090425,4.551731152,2.628053751,0.08417742,0.060614119,2.741067668,0.16364174,2.577425928,0.045297304,0.033457059,1.584499367,0.094594612,1.489904755,0.224255859,0.128051671,2.60098923,1.501745
SIPSEY,WENDELL_6,2022,S3,33.121505,-87.911094,1693.852224,7,Equilibrium,Quadrulini,QVER,5.686050139,4.266516491,175.5275654,10.77739251,164.7501729,0.915997072,0.819777656,27.77554753,1.705418618,26.07012891,15.04390901,2.525196275,166.1697065,26.16634833,3.249171508,2.438009423,100.3014659,6.158510009,94.14295593,0.523426898,0.468444375,15.87174145,0.974524925,14.89721652,8.596519432,1.4429693,94.95411801,14.95219904
SIPSEY,WENDELL_6,2022,S3,33.121505,-87.911094,1693.852224,7,Periodic,Pleurobemini,EARC,0.191045237,0.158595494,5.021723229,0.248073127,4.773650101,0.106049556,0.088151591,2.99465717,0.147936064,2.846721106,0.406668622,0.236087656,4.806099844,2.86461907,0.109168707,0.090625997,2.869556131,0.141756073,2.727800058,0.060599746,0.050372338,1.711232669,0.084534894,1.626697775,0.23238207,0.134907232,2.746342768,1.636925183
SIPSEY,WENDELL_6,2022,S3,33.121505,-87.911094,1693.852224,7,Equilibrium,Amblemini,APLI,0,0,0,0,0,0,0,0,0,0,0,0,0,0,0,0,0,0,0,0,0,0,0,0,0,0,0,NA
SIPSEY,WENDELL_6,2022,S3,33.121505,-87.911094,1693.852224,7,Equilibrium,Pleurobemini,REBE,0,0,0,0,0,0,0,0,0,0,0,0,0,0,0,0,0,0,0,0,0,0,0,0,0,0,0,NA
SIPSEY,WENDELL_6,2022,S3,33.121505,-87.911094,1693.852224,7,Equilibrium,Quadrulini,QQUA,0,0,0,0,0,0,0,0,0,0,0,0,0,0,0,0,0,0,0,0,0,0,0,0,0,0,0,NA
SIPSEY,WENDELL_6,2022,S3,33.121505,-87.911094,1693.852224,7,Opportunistic,Lampsilini,TDON,0,0,0,0,0,0,0,0,0,0,0,0,0,0,0,0,0,0,0,0,0,0,0,0,0,0,0,NA
SIPSEY,WENDELL_6,2022,S3,33.121505,-87.911094,1693.852224,7,Equilibrium,Quadrulini,MNER,0,0,0,0,0,0,0,0,0,0,0,0,0,0,0,0,0,0,0,0,0,0,0,0,0,0,0,NA
SIPSEY,WENDELL_6,2022,S3,33.121505,-87.911094,1693.852224,7,Periodic,Lampsilini,LLIE,0,0,0,0,0,0,0,0,0,0,0,0,0,0,0,0,0,0,0,0,0,0,0,0,0,0,0,NA
SIPSEY,WENDELL_6,2022,S3,33.121505,-87.911094,1693.852224,7,Periodic,Lampsilini,ELIN,0,0,0,0,0,0,0,0,0,0,0,0,0,0,0,0,0,0,0,0,0,0,0,0,0,0,0,NA
SIPSEY,WENDELL_6,2022,S3,33.121505,-87.911094,1693.852224,7,Opportunistic,Lampsilini,PFRA,0,0,0,0,0,0,0,0,0,0,0,0,0,0,0,0,0,0,0,0,0,0,0,0,0,0,0,NA
SIPSEY,WENDELL_6,2022,S3,33.121505,-87.911094,1693.852224,7,Opportunistic,Lampsilini,LREC,0,0,0,0,0,0,0,0,0,0,0,0,0,0,0,0,0,0,0,0,0,0,0,0,0,0,0,NA
SIPSEY,WENDELL_6,2022,S3,33.121505,-87.911094,1693.852224,7,Periodic,Lampsilini,OARK,0,0,0,0,0,0,0,0,0,0,0,0,0,0,0,0,0,0,0,0,0,0,0,0,0,0,0,NA
SIPSEY,WENDELL_6,2022,S3,33.121505,-87.911094,1693.852224,7,Opportunistic,Lampsilini,PINF,0,0,0,0,0,0,0,0,0,0,0,0,0,0,0,0,0,0,0,0,0,0,0,0,0,0,0,NA
SIPSEY,WENDELL_6,2022,S3,33.121505,-87.911094,1693.852224,7,Equilibrium,Pleurobemini,PPER,0,0,0,0,0,0,0,0,0,0,0,0,0,0,0,0,0,0,0,0,0,0,0,0,0,0,0,NA
SIPSEY,WENDELL_6,2022,S3,33.121505,-87.911094,1693.852224,7,Opportunistic,Lampsilini,LTER,0,0,0,0,0,0,0,0,0,0,0,0,0,0,0,0,0,0,0,0,0,0,0,0,0,0,0,NA
SIPSEY,WENDELL_6,2022,S3,33.121505,-87.911094,1693.852224,7,Periodic,Alasmodontini,SSUB,0,0,0,0,0,0,0,0,0,0,0,0,0,0,0,0,0,0,0,0,0,0,0,0,0,0,0,NA
SIPSEY,WENDELL_6,2022,S3,33.121505,-87.911094,1693.852224,7,Opportunistic,Lampsilini,TPAR,0,0,0,0,0,0,0,0,0,0,0,0,0,0,0,0,0,0,0,0,0,0,0,0,0,0,0,NA
SIPSEY,WENDELL_6,2022,S3,33.121505,-87.911094,1693.852224,7,Opportunistic,Lampsilini,PPUR,0,0,0,0,0,0,0,0,0,0,0,0,0,0,0,0,0,0,0,0,0,0,0,0,0,0,0,NA
SIPSEY,WENDELL_6,2022,S3,33.121505,-87.911094,1693.852224,7,Periodic,Lampsilini,HPER,0,0,0,0,0,0,0,0,0,0,0,0,0,0,0,0,0,0,0,0,0,0,0,0,0,0,0,NA
SIPSEY,WENDELL_6,2022,S3,33.121505,-87.911094,1693.852224,7,Periodic,Lampsilini,VVIB,0,0,0,0,0,0,0,0,0,0,0,0,0,0,0,0,0,0,0,0,0,0,0,0,0,0,0,NA
SIPSEY,WENDELL_6,2022,S3,33.121505,-87.911094,1693.852224,7,Periodic,Pleurobemini,ECRA,0,0,0,0,0,0,0,0,0,0,0,0,0,0,0,0,0,0,0,0,0,0,0,0,0,0,0,NA
SIPSEY,WENDELL_6,2022,S3,33.121505,-87.911094,1693.852224,7,Opportunistic,Lampsilini,TTRU,0,0,0,0,0,0,0,0,0,0,0,0,0,0,0,0,0,0,0,0,0,0,0,0,0,0,0,NA
SIPSEY,WENDELL_6,2022,S3,33.121505,-87.911094,1693.852224,7,NA,Lampsilini,LAMP,0,0,0,0,0,0,0,0,0,0,0,0,0,0,0,0,0,0,0,0,0,0,0,0,0,0,0,NA
SIPSEY,WENDELL_6,2022,S3,33.121505,-87.911094,1693.852224,7,Periodic,Anodontini,LCOM,0,0,0,0,0,0,0,0,0,0,0,0,0,0,0,0,0,0,0,0,0,0,0,0,0,0,0,NA
SIPSEY,WENDELL_6,2022,S3,33.121505,-87.911094,1693.852224,8,NA,Corbicula,CFLU,0.036403828,0.025114093,1.064465729,0.030975953,1.033489776,0.036403828,0.025114093,1.064465729,0.030975953,1.033489776,0.056090046,0.056090046,1.044779511,1.044779511,0.024269219,0.016742729,0.709643819,0.020650635,0.688993184,0.024269219,0.016742729,0.709643819,0.020650635,0.688993184,0.037393364,0.037393364,0.696519674,0.696519674
SIPSEY,WENDELL_6,2022,S3,33.121505,-87.911094,1693.852224,8,Equilibrium,Pleurobemini,FCER,1.450794822,1.220839272,54.2685593,2.832818795,51.4357405,0,0,0,0,0,4.053658067,0,51.66569606,0,0.967196548,0.813892848,36.17903953,1.888545864,34.29049367,0,0,0,0,0,2.702438711,0,34.44379737,0
SIPSEY,WENDELL_6,2022,S3,33.121505,-87.911094,1693.852224,8,Opportunistic,Lampsilini,LORN,0,0,0,0,0,0,0,0,0,0,0,0,0,0,0,0,0,0,0,0,0,0,0,0,0,0,0,NA
SIPSEY,WENDELL_6,2022,S3,33.121505,-87.911094,1693.852224,8,Periodic,Lampsilini,OREF,0.469414404,0.408364641,22.96157858,0.946017037,22.01556154,0.080506076,0.068498431,3.568919884,0.147039499,3.421880385,1.354381678,0.215537931,22.0766113,3.433888029,0.312942936,0.272243094,15.30771905,0.630678025,14.67704103,0.053670717,0.045665621,2.379279923,0.098026333,2.28125359,0.902921119,0.143691954,14.71774087,2.289258686
SIPSEY,WENDELL_6,2022,S3,33.121505,-87.911094,1693.852224,8,Equilibrium,Pleurobemini,PDEC,4.166717886,3.444567154,228.7303539,12.51155036,216.2188036,0.436415505,0.360070844,23.93688547,1.309347635,22.62753784,15.95611751,1.669418479,216.9409543,22.7038825,2.777811924,2.296378103,152.4869026,8.341033573,144.145869,0.29094367,0.240047229,15.95792365,0.872898424,15.08502523,10.63741168,1.112945653,144.6273029,15.13592167
SIPSEY,WENDELL_6,2022,S3,33.121505,-87.911094,1693.852224,8,Equilibrium,Quadrulini,PKIE,3.916683269,3.479193779,142.4729219,10.62847997,131.8444419,0.381004269,0.340996126,12.49483297,0.93211454,11.56271843,14.10767375,1.273110665,132.2819314,11.60272658,2.61112218,2.319462519,94.98194794,7.085653316,87.89629462,0.254002846,0.22733075,8.329888648,0.621409693,7.708478955,9.405115836,0.848740444,88.18795428,7.73515105
SIPSEY,WENDELL_6,2022,S3,33.121505,-87.911094,1693.852224,8,Periodic,Lampsilini,LSTR,0,0,0,0,0,0,0,0,0,0,0,0,0,0,0,0,0,0,0,0,0,0,0,0,0,0,0,NA
SIPSEY,WENDELL_6,2022,S3,33.121505,-87.911094,1693.852224,8,Periodic,Lampsilini,MACU,0.064427852,0.052530522,0.795514433,0.0468558,0.748658633,0.051685057,0.043119507,0.634994216,0.037401159,0.597593057,0.099386322,0.080520666,0.760555963,0.606158607,0.042951901,0.035020348,0.530342955,0.0312372,0.499105755,0.034456705,0.028746338,0.423329477,0.024934106,0.398395371,0.066257548,0.053680444,0.507037309,0.404105738
SIPSEY,WENDELL_6,2022,S3,33.121505,-87.911094,1693.852224,8,Periodic,Lampsilini,OUNI,0,0,0,0,0,0,0,0,0,0,0,0,0,0,0,0,0,0,0,0,0,0,0,0,0,0,0,NA
SIPSEY,WENDELL_6,2022,S3,33.121505,-87.911094,1693.852224,8,Equilibrium,Quadrulini,QVER,0,0,0,0,0,0,0,0,0,0,0,0,0,0,0,0,0,0,0,0,0,0,0,0,0,0,0,NA
SIPSEY,WENDELL_6,2022,S3,33.121505,-87.911094,1693.852224,8,Periodic,Pleurobemini,EARC,0,0,0,0,0,0,0,0,0,0,0,0,0,0,0,0,0,0,0,0,0,0,0,0,0,0,0,NA
SIPSEY,WENDELL_6,2022,S3,33.121505,-87.911094,1693.852224,8,Equilibrium,Amblemini,APLI,0,0,0,0,0,0,0,0,0,0,0,0,0,0,0,0,0,0,0,0,0,0,0,0,0,0,0,NA
SIPSEY,WENDELL_6,2022,S3,33.121505,-87.911094,1693.852224,8,Equilibrium,Pleurobemini,REBE,0,0,0,0,0,0,0,0,0,0,0,0,0,0,0,0,0,0,0,0,0,0,0,0,0,0,0,NA
SIPSEY,WENDELL_6,2022,S3,33.121505,-87.911094,1693.852224,8,Equilibrium,Quadrulini,QQUA,0,0,0,0,0,0,0,0,0,0,0,0,0,0,0,0,0,0,0,0,0,0,0,0,0,0,0,NA
SIPSEY,WENDELL_6,2022,S3,33.121505,-87.911094,1693.852224,8,Opportunistic,Lampsilini,TDON,0,0,0,0,0,0,0,0,0,0,0,0,0,0,0,0,0,0,0,0,0,0,0,0,0,0,0,NA
SIPSEY,WENDELL_6,2022,S3,33.121505,-87.911094,1693.852224,8,Equilibrium,Quadrulini,MNER,0,0,0,0,0,0,0,0,0,0,0,0,0,0,0,0,0,0,0,0,0,0,0,0,0,0,0,NA
SIPSEY,WENDELL_6,2022,S3,33.121505,-87.911094,1693.852224,8,Periodic,Lampsilini,LLIE,0,0,0,0,0,0,0,0,0,0,0,0,0,0,0,0,0,0,0,0,0,0,0,0,0,0,0,NA
SIPSEY,WENDELL_6,2022,S3,33.121505,-87.911094,1693.852224,8,Periodic,Lampsilini,ELIN,0,0,0,0,0,0,0,0,0,0,0,0,0,0,0,0,0,0,0,0,0,0,0,0,0,0,0,NA
SIPSEY,WENDELL_6,2022,S3,33.121505,-87.911094,1693.852224,8,Opportunistic,Lampsilini,PFRA,0,0,0,0,0,0,0,0,0,0,0,0,0,0,0,0,0,0,0,0,0,0,0,0,0,0,0,NA
SIPSEY,WENDELL_6,2022,S3,33.121505,-87.911094,1693.852224,8,Opportunistic,Lampsilini,LREC,0,0,0,0,0,0,0,0,0,0,0,0,0,0,0,0,0,0,0,0,0,0,0,0,0,0,0,NA
SIPSEY,WENDELL_6,2022,S3,33.121505,-87.911094,1693.852224,8,Periodic,Lampsilini,OARK,0,0,0,0,0,0,0,0,0,0,0,0,0,0,0,0,0,0,0,0,0,0,0,0,0,0,0,NA
SIPSEY,WENDELL_6,2022,S3,33.121505,-87.911094,1693.852224,8,Opportunistic,Lampsilini,PINF,0,0,0,0,0,0,0,0,0,0,0,0,0,0,0,0,0,0,0,0,0,0,0,0,0,0,0,NA
SIPSEY,WENDELL_6,2022,S3,33.121505,-87.911094,1693.852224,8,Equilibrium,Pleurobemini,PPER,0.050556103,0.042980513,2.808972145,0.153650776,2.655321369,0.03015108,0.025434947,1.669674967,0.091331221,1.578343747,0.196631289,0.116766168,2.662896959,1.58305988,0.033704069,0.028653675,1.872648097,0.102433851,1.770214246,0.02010072,0.016956631,1.113116645,0.06088748,1.052229164,0.131087526,0.077844112,1.77526464,1.055373253
SIPSEY,WENDELL_6,2022,S3,33.121505,-87.911094,1693.852224,8,Opportunistic,Lampsilini,LTER,0,0,0,0,0,0,0,0,0,0,0,0,0,0,0,0,0,0,0,0,0,0,0,0,0,0,0,NA
SIPSEY,WENDELL_6,2022,S3,33.121505,-87.911094,1693.852224,8,Periodic,Alasmodontini,SSUB,0,0,0,0,0,0,0,0,0,0,0,0,0,0,0,0,0,0,0,0,0,0,0,0,0,0,0,NA
SIPSEY,WENDELL_6,2022,S3,33.121505,-87.911094,1693.852224,8,Opportunistic,Lampsilini,TPAR,0,0,0,0,0,0,0,0,0,0,0,0,0,0,0,0,0,0,0,0,0,0,0,0,0,0,0,NA
SIPSEY,WENDELL_6,2022,S3,33.121505,-87.911094,1693.852224,8,Opportunistic,Lampsilini,PPUR,0,0,0,0,0,0,0,0,0,0,0,0,0,0,0,0,0,0,0,0,0,0,0,0,0,0,0,NA
SIPSEY,WENDELL_6,2022,S3,33.121505,-87.911094,1693.852224,8,Periodic,Lampsilini,HPER,0,0,0,0,0,0,0,0,0,0,0,0,0,0,0,0,0,0,0,0,0,0,0,0,0,0,0,NA
SIPSEY,WENDELL_6,2022,S3,33.121505,-87.911094,1693.852224,8,Periodic,Lampsilini,VVIB,0,0,0,0,0,0,0,0,0,0,0,0,0,0,0,0,0,0,0,0,0,0,0,0,0,0,0,NA
SIPSEY,WENDELL_6,2022,S3,33.121505,-87.911094,1693.852224,8,Periodic,Pleurobemini,ECRA,0,0,0,0,0,0,0,0,0,0,0,0,0,0,0,0,0,0,0,0,0,0,0,0,0,0,0,NA
SIPSEY,WENDELL_6,2022,S3,33.121505,-87.911094,1693.852224,8,Opportunistic,Lampsilini,TTRU,0,0,0,0,0,0,0,0,0,0,0,0,0,0,0,0,0,0,0,0,0,0,0,0,0,0,0,NA
SIPSEY,WENDELL_6,2022,S3,33.121505,-87.911094,1693.852224,8,NA,Lampsilini,LAMP,0,0,0,0,0,0,0,0,0,0,0,0,0,0,0,0,0,0,0,0,0,0,0,0,0,0,0,NA
SIPSEY,WENDELL_6,2022,S3,33.121505,-87.911094,1693.852224,8,Periodic,Anodontini,LCOM,0,0,0,0,0,0,0,0,0,0,0,0,0,0,0,0,0,0,0,0,0,0,0,0,0,0,0,NA
SIPSEY,WENDELL_6,2022,S3,33.121505,-87.911094,1693.852224,9,NA,Corbicula,CFLU,0.079198363,0.058099694,2.688334413,0.078230531,2.610103882,0.030890635,0.023166833,1.11088008,0.03232661,1.07855347,0.136330226,0.055493443,2.631202551,1.086277272,0.045256208,0.033199825,1.536191093,0.044703161,1.491487932,0.017651791,0.01323819,0.634788617,0.018472349,0.616316268,0.077902986,0.031710539,1.503544315,0.62072987
SIPSEY,WENDELL_6,2022,S3,33.121505,-87.911094,1693.852224,9,Equilibrium,Pleurobemini,FCER,1.895644657,1.643736923,78.10740519,4.077206551,74.03019864,0.234893539,0.196957878,8.641194631,0.45107036,8.190124271,5.720943474,0.648028237,74.28210637,8.228059933,1.083225518,0.939278242,44.63280296,2.329832315,42.30297065,0.13422488,0.112547359,4.937825504,0.257754491,4.680071012,3.269110557,0.37030185,42.44691793,4.701748533
SIPSEY,WENDELL_6,2022,S3,33.121505,-87.911094,1693.852224,9,Opportunistic,Lampsilini,LORN,0,0,0,0,0,0,0,0,0,0,0,0,0,0,0,0,0,0,0,0,0,0,0,0,0,0,0,NA
SIPSEY,WENDELL_6,2022,S3,33.121505,-87.911094,1693.852224,9,Periodic,Lampsilini,OREF,0,0,0,0,0,0,0,0,0,0,0,0,0,0,0,0,0,0,0,0,0,0,0,0,0,0,0,NA
SIPSEY,WENDELL_6,2022,S3,33.121505,-87.911094,1693.852224,9,Equilibrium,Pleurobemini,PDEC,2.026981607,1.686393137,111.5762907,6.103223099,105.4730676,0.390385426,0.324163629,21.47110448,1.174469415,20.29663506,7.789616237,1.498633043,105.813656,20.36285686,1.158275204,0.963653221,63.75788038,3.487556057,60.27032432,0.223077386,0.185236359,12.26920256,0.67112538,11.59807718,4.451209278,0.856361739,60.46494631,11.63591821
SIPSEY,WENDELL_6,2022,S3,33.121505,-87.911094,1693.852224,9,Equilibrium,Quadrulini,PKIE,1.909963201,1.69748583,69.1092318,5.155548692,63.95368311,0.170019841,0.151775486,5.869654191,0.437876203,5.431777989,6.853034523,0.589651689,64.16616048,5.450022343,1.091407543,0.969991903,39.4909896,2.946027824,36.54496178,0.097154195,0.086728849,3.354088109,0.250214973,3.103873136,3.916019727,0.336943822,36.66637742,3.114298482
SIPSEY,WENDELL_6,2022,S3,33.121505,-87.911094,1693.852224,9,Periodic,Lampsilini,LSTR,0,0,0,0,0,0,0,0,0,0,0,0,0,0,0,0,0,0,0,0,0,0,0,0,0,0,0,NA
SIPSEY,WENDELL_6,2022,S3,33.121505,-87.911094,1693.852224,9,Periodic,Lampsilini,MACU,0.016241397,0.011914348,0.204871068,0.012066906,0.192804162,0.016241397,0.011914348,0.204871068,0.012066906,0.192804162,0.023981254,0.023981254,0.197131211,0.197131211,0.009280798,0.006808199,0.117069182,0.006895375,0.110173807,0.009280798,0.006808199,0.117069182,0.006895375,0.110173807,0.013703574,0.013703574,0.112646406,0.112646406
SIPSEY,WENDELL_6,2022,S3,33.121505,-87.911094,1693.852224,9,Periodic,Lampsilini,OUNI,0.057304672,0.040850073,1.810919424,0.10811189,1.702807534,0.033972118,0.024798889,1.147581774,0.068510632,1.079071143,0.148961963,0.093309521,1.719262133,1.088244372,0.032745527,0.023342899,1.034811099,0.061778223,0.973032877,0.019412639,0.014170793,0.655761014,0.039148933,0.616612081,0.085121122,0.053319726,0.982435505,0.621853927
SIPSEY,WENDELL_6,2022,S3,33.121505,-87.911094,1693.852224,9,Equilibrium,Quadrulini,QVER,1.267351824,0.872238242,39.42872206,2.420923534,37.00779852,0.316183298,0.256724933,9.672089506,0.593866296,9.078223211,3.293161777,0.850591229,37.40291211,9.137681575,0.724201042,0.498421853,22.53069832,1.383384877,21.14731344,0.18067617,0.146699962,5.526908289,0.339352169,5.18755612,1.88180673,0.486052131,21.37309263,5.221532329
SIPSEY,WENDELL_6,2022,S3,33.121505,-87.911094,1693.852224,9,Periodic,Pleurobemini,EARC,0.660621306,0.549019276,18.54991653,0.916365877,17.63355065,0.263403011,0.219241394,8.054056679,0.3978704,7.656186279,1.465385152,0.617111794,17.74515268,7.700347896,0.377497889,0.3137253,10.5999523,0.523637644,10.07631466,0.150516006,0.125280797,4.602318102,0.227354514,4.374963588,0.837362944,0.352635311,10.14008725,4.400198797
SIPSEY,WENDELL_6,2022,S3,33.121505,-87.911094,1693.852224,9,Equilibrium,Amblemini,APLI,0,0,0,0,0,0,0,0,0,0,0,0,0,0,0,0,0,0,0,0,0,0,0,0,0,0,0,NA
SIPSEY,WENDELL_6,2022,S3,33.121505,-87.911094,1693.852224,9,Equilibrium,Pleurobemini,REBE,0,0,0,0,0,0,0,0,0,0,0,0,0,0,0,0,0,0,0,0,0,0,0,0,0,0,0,NA
SIPSEY,WENDELL_6,2022,S3,33.121505,-87.911094,1693.852224,9,Equilibrium,Quadrulini,QQUA,0,0,0,0,0,0,0,0,0,0,0,0,0,0,0,0,0,0,0,0,0,0,0,0,0,0,0,NA
SIPSEY,WENDELL_6,2022,S3,33.121505,-87.911094,1693.852224,9,Opportunistic,Lampsilini,TDON,0,0,0,0,0,0,0,0,0,0,0,0,0,0,0,0,0,0,0,0,0,0,0,0,0,0,0,NA
SIPSEY,WENDELL_6,2022,S3,33.121505,-87.911094,1693.852224,9,Equilibrium,Quadrulini,MNER,0,0,0,0,0,0,0,0,0,0,0,0,0,0,0,0,0,0,0,0,0,0,0,0,0,0,0,NA
SIPSEY,WENDELL_6,2022,S3,33.121505,-87.911094,1693.852224,9,Periodic,Lampsilini,LLIE,0,0,0,0,0,0,0,0,0,0,0,0,0,0,0,0,0,0,0,0,0,0,0,0,0,0,0,NA
SIPSEY,WENDELL_6,2022,S3,33.121505,-87.911094,1693.852224,9,Periodic,Lampsilini,ELIN,0,0,0,0,0,0,0,0,0,0,0,0,0,0,0,0,0,0,0,0,0,0,0,0,0,0,0,NA
SIPSEY,WENDELL_6,2022,S3,33.121505,-87.911094,1693.852224,9,Opportunistic,Lampsilini,PFRA,0,0,0,0,0,0,0,0,0,0,0,0,0,0,0,0,0,0,0,0,0,0,0,0,0,0,0,NA
SIPSEY,WENDELL_6,2022,S3,33.121505,-87.911094,1693.852224,9,Opportunistic,Lampsilini,LREC,0,0,0,0,0,0,0,0,0,0,0,0,0,0,0,0,0,0,0,0,0,0,0,0,0,0,0,NA
SIPSEY,WENDELL_6,2022,S3,33.121505,-87.911094,1693.852224,9,Periodic,Lampsilini,OARK,0,0,0,0,0,0,0,0,0,0,0,0,0,0,0,0,0,0,0,0,0,0,0,0,0,0,0,NA
SIPSEY,WENDELL_6,2022,S3,33.121505,-87.911094,1693.852224,9,Opportunistic,Lampsilini,PINF,0,0,0,0,0,0,0,0,0,0,0,0,0,0,0,0,0,0,0,0,0,0,0,0,0,0,0,NA
SIPSEY,WENDELL_6,2022,S3,33.121505,-87.911094,1693.852224,9,Equilibrium,Pleurobemini,PPER,0.137679416,0.115590139,7.60843316,0.416181294,7.192251866,0.047317691,0.039325098,2.603508889,0.142411936,2.461096953,0.531771433,0.181737034,7.214341142,2.469089546,0.078673952,0.066051508,4.347676091,0.237817882,4.109858209,0.02703868,0.022471485,1.487719365,0.081378249,1.406341116,0.30386939,0.103849734,4.122480653,1.410908312
SIPSEY,WENDELL_6,2022,S3,33.121505,-87.911094,1693.852224,9,Opportunistic,Lampsilini,LTER,0,0,0,0,0,0,0,0,0,0,0,0,0,0,0,0,0,0,0,0,0,0,0,0,0,0,0,NA
SIPSEY,WENDELL_6,2022,S3,33.121505,-87.911094,1693.852224,9,Periodic,Alasmodontini,SSUB,0,0,0,0,0,0,0,0,0,0,0,0,0,0,0,0,0,0,0,0,0,0,0,0,0,0,0,NA
SIPSEY,WENDELL_6,2022,S3,33.121505,-87.911094,1693.852224,9,Opportunistic,Lampsilini,TPAR,0,0,0,0,0,0,0,0,0,0,0,0,0,0,0,0,0,0,0,0,0,0,0,0,0,0,0,NA
SIPSEY,WENDELL_6,2022,S3,33.121505,-87.911094,1693.852224,9,Opportunistic,Lampsilini,PPUR,0,0,0,0,0,0,0,0,0,0,0,0,0,0,0,0,0,0,0,0,0,0,0,0,0,0,0,NA
SIPSEY,WENDELL_6,2022,S3,33.121505,-87.911094,1693.852224,9,Periodic,Lampsilini,HPER,0,0,0,0,0,0,0,0,0,0,0,0,0,0,0,0,0,0,0,0,0,0,0,0,0,0,0,NA
SIPSEY,WENDELL_6,2022,S3,33.121505,-87.911094,1693.852224,9,Periodic,Lampsilini,VVIB,0,0,0,0,0,0,0,0,0,0,0,0,0,0,0,0,0,0,0,0,0,0,0,0,0,0,0,NA
SIPSEY,WENDELL_6,2022,S3,33.121505,-87.911094,1693.852224,9,Periodic,Pleurobemini,ECRA,0,0,0,0,0,0,0,0,0,0,0,0,0,0,0,0,0,0,0,0,0,0,0,0,0,0,0,NA
SIPSEY,WENDELL_6,2022,S3,33.121505,-87.911094,1693.852224,9,Opportunistic,Lampsilini,TTRU,0,0,0,0,0,0,0,0,0,0,0,0,0,0,0,0,0,0,0,0,0,0,0,0,0,0,0,NA
SIPSEY,WENDELL_6,2022,S3,33.121505,-87.911094,1693.852224,9,NA,Lampsilini,LAMP,0,0,0,0,0,0,0,0,0,0,0,0,0,0,0,0,0,0,0,0,0,0,0,0,0,0,0,NA
SIPSEY,WENDELL_6,2022,S3,33.121505,-87.911094,1693.852224,9,Periodic,Anodontini,LCOM,0,0,0,0,0,0,0,0,0,0,0,0,0,0,0,0,0,0,0,0,0,0,0,0,0,0,0,NA
SIPSEY,WENDELL_5,2022,S4,33.106423,-87.947001,1706.802164,1,NA,Corbicula,CFLU,0.112053212,0.084255878,4.040037521,0.117565092,3.922472429,0.063745483,0.049323017,2.462583188,0.071661171,2.390922017,0.20182097,0.120984188,3.950269762,2.405344483,0.040746622,0.030638501,1.469104553,0.042750942,1.42635361,0.023180176,0.017935642,0.895484795,0.026058608,0.869426188,0.073389444,0.04399425,1.436461732,0.874670721
SIPSEY,WENDELL_5,2022,S4,33.106423,-87.947001,1706.802164,1,Equilibrium,Pleurobemini,FCER,6.413434871,5.488509589,253.6021651,13.23803302,240.3641321,0.406283346,0.347241698,16.02515914,0.836513307,15.18864583,18.72654261,1.183755004,241.2890574,15.24768748,2.332158135,1.995821669,92.21896914,4.813830189,87.40513895,0.147739399,0.126269708,5.827330595,0.304186657,5.523143938,6.809651858,0.430456365,87.74147542,5.544613629
SIPSEY,WENDELL_5,2022,S4,33.106423,-87.947001,1706.802164,1,Opportunistic,Lampsilini,LORN,0,0,0,0,0,0,0,0,0,0,0,0,0,0,0,0,0,0,0,0,0,0,0,0,0,0,0,NA
SIPSEY,WENDELL_5,2022,S4,33.106423,-87.947001,1706.802164,1,Periodic,Lampsilini,OREF,0,0,0,0,0,0,0,0,0,0,0,0,0,0,0,0,0,0,0,0,0,0,0,0,0,0,0,NA
SIPSEY,WENDELL_5,2022,S4,33.106423,-87.947001,1706.802164,1,Equilibrium,Pleurobemini,PDEC,2.337647973,1.935643039,128.4138106,7.024235442,121.3895752,0.278732972,0.231697879,15.33702,0.838934994,14.498085,8.95987848,1.070632873,121.7915801,14.5451201,0.850053808,0.703870196,46.69593114,2.554267433,44.14166371,0.101357444,0.084253774,5.57709818,0.30506727,5.27203091,3.258137629,0.389321045,44.28784732,5.28913458
SIPSEY,WENDELL_5,2022,S4,33.106423,-87.947001,1706.802164,1,Equilibrium,Quadrulini,PKIE,1.214033087,1.082665433,41.97681538,3.131470427,38.84534495,0.038109303,0.034347904,1.139769206,0.085026783,1.054742423,4.21413586,0.119374687,38.9767126,1.058503822,0.441466577,0.393696521,15.2642965,1.138716519,14.12557998,0.013857928,0.012490147,0.414461529,0.03091883,0.383542699,1.53241304,0.043408977,14.17335004,0.384910481
SIPSEY,WENDELL_5,2022,S4,33.106423,-87.947001,1706.802164,1,Periodic,Lampsilini,LSTR,0,0,0,0,0,0,0,0,0,0,0,0,0,0,0,0,0,0,0,0,0,0,0,0,0,0,0,NA
SIPSEY,WENDELL_5,2022,S4,33.106423,-87.947001,1706.802164,1,Periodic,Lampsilini,MACU,0.10180185,0.085541224,1.249378681,0.073588404,1.175790277,0.059841205,0.052394081,0.727991729,0.042878713,0.685113016,0.159129628,0.095272794,1.192050903,0.692560139,0.037018854,0.031105899,0.454319521,0.02675942,0.427560101,0.021760438,0.019052393,0.264724265,0.015592259,0.249132006,0.057865319,0.034644652,0.433473056,0.251840051
SIPSEY,WENDELL_5,2022,S4,33.106423,-87.947001,1706.802164,1,Periodic,Lampsilini,OUNI,3.364189912,2.618667289,138.1831553,8.249534373,129.9336209,0.429963582,0.34293272,18.90570255,1.128670442,17.77703211,10.86820166,1.471603162,130.6791436,17.86406297,1.223341786,0.952242651,50.24842012,2.999830681,47.24858944,0.156350393,0.124702807,6.874800929,0.410425615,6.464375313,3.952073332,0.535128423,47.51968857,6.4960229
SIPSEY,WENDELL_5,2022,S4,33.106423,-87.947001,1706.802164,1,Equilibrium,Quadrulini,QVER,0.23900906,0.114979017,7.679676862,0.471532159,7.208144702,0.161571206,0.085732182,5.136660615,0.315390962,4.821269654,0.586511176,0.401123144,7.332174745,4.897108677,0.086912385,0.041810552,2.792609768,0.17146624,2.621143528,0.058753166,0.031175339,1.867876587,0.114687622,1.753188965,0.213276791,0.145862961,2.666245362,1.780766792
SIPSEY,WENDELL_5,2022,S4,33.106423,-87.947001,1706.802164,1,Periodic,Pleurobemini,EARC,2.05735363,1.713696491,66.20960043,3.270754261,62.93884617,0.178024208,0.148524634,6.286303109,0.310543374,5.975759736,4.984450753,0.459068008,63.28250331,6.00525931,0.748128593,0.623162361,24.07621834,1.189365186,22.88685315,0.064736076,0.054008958,2.285928403,0.112924863,2.17300354,1.812527546,0.166933821,23.01181939,2.183730658
SIPSEY,WENDELL_5,2022,S4,33.106423,-87.947001,1706.802164,1,Equilibrium,Amblemini,APLI,0,0,0,0,0,0,0,0,0,0,0,0,0,0,0,0,0,0,0,0,0,0,0,0,0,0,0,NA
SIPSEY,WENDELL_5,2022,S4,33.106423,-87.947001,1706.802164,1,Equilibrium,Pleurobemini,REBE,0,0,0,0,0,0,0,0,0,0,0,0,0,0,0,0,0,0,0,0,0,0,0,0,0,0,0,NA
SIPSEY,WENDELL_5,2022,S4,33.106423,-87.947001,1706.802164,1,Equilibrium,Quadrulini,QQUA,0,0,0,0,0,0,0,0,0,0,0,0,0,0,0,0,0,0,0,0,0,0,0,0,0,0,0,NA
SIPSEY,WENDELL_5,2022,S4,33.106423,-87.947001,1706.802164,1,Opportunistic,Lampsilini,TDON,0,0,0,0,0,0,0,0,0,0,0,0,0,0,0,0,0,0,0,0,0,0,0,0,0,0,0,NA
SIPSEY,WENDELL_5,2022,S4,33.106423,-87.947001,1706.802164,1,Equilibrium,Quadrulini,MNER,0,0,0,0,0,0,0,0,0,0,0,0,0,0,0,0,0,0,0,0,0,0,0,0,0,0,0,NA
SIPSEY,WENDELL_5,2022,S4,33.106423,-87.947001,1706.802164,1,Periodic,Lampsilini,LLIE,0,0,0,0,0,0,0,0,0,0,0,0,0,0,0,0,0,0,0,0,0,0,0,0,0,0,0,NA
SIPSEY,WENDELL_5,2022,S4,33.106423,-87.947001,1706.802164,1,Periodic,Lampsilini,ELIN,0,0,0,0,0,0,0,0,0,0,0,0,0,0,0,0,0,0,0,0,0,0,0,0,0,0,0,NA
SIPSEY,WENDELL_5,2022,S4,33.106423,-87.947001,1706.802164,1,Opportunistic,Lampsilini,PFRA,0,0,0,0,0,0,0,0,0,0,0,0,0,0,0,0,0,0,0,0,0,0,0,0,0,0,0,NA
SIPSEY,WENDELL_5,2022,S4,33.106423,-87.947001,1706.802164,1,Opportunistic,Lampsilini,LREC,0,0,0,0,0,0,0,0,0,0,0,0,0,0,0,0,0,0,0,0,0,0,0,0,0,0,0,NA
SIPSEY,WENDELL_5,2022,S4,33.106423,-87.947001,1706.802164,1,Periodic,Lampsilini,OARK,0,0,0,0,0,0,0,0,0,0,0,0,0,0,0,0,0,0,0,0,0,0,0,0,0,0,0,NA
SIPSEY,WENDELL_5,2022,S4,33.106423,-87.947001,1706.802164,1,Opportunistic,Lampsilini,PINF,0,0,0,0,0,0,0,0,0,0,0,0,0,0,0,0,0,0,0,0,0,0,0,0,0,0,0,NA
SIPSEY,WENDELL_5,2022,S4,33.106423,-87.947001,1706.802164,1,Equilibrium,Pleurobemini,PPER,0,0,0,0,0,0,0,0,0,0,0,0,0,0,0,0,0,0,0,0,0,0,0,0,0,0,0,NA
SIPSEY,WENDELL_5,2022,S4,33.106423,-87.947001,1706.802164,1,Opportunistic,Lampsilini,LTER,0,0,0,0,0,0,0,0,0,0,0,0,0,0,0,0,0,0,0,0,0,0,0,0,0,0,0,NA
SIPSEY,WENDELL_5,2022,S4,33.106423,-87.947001,1706.802164,1,Periodic,Alasmodontini,SSUB,0,0,0,0,0,0,0,0,0,0,0,0,0,0,0,0,0,0,0,0,0,0,0,0,0,0,0,NA
SIPSEY,WENDELL_5,2022,S4,33.106423,-87.947001,1706.802164,1,Opportunistic,Lampsilini,TPAR,0,0,0,0,0,0,0,0,0,0,0,0,0,0,0,0,0,0,0,0,0,0,0,0,0,0,0,NA
SIPSEY,WENDELL_5,2022,S4,33.106423,-87.947001,1706.802164,1,Opportunistic,Lampsilini,PPUR,0,0,0,0,0,0,0,0,0,0,0,0,0,0,0,0,0,0,0,0,0,0,0,0,0,0,0,NA
SIPSEY,WENDELL_5,2022,S4,33.106423,-87.947001,1706.802164,1,Periodic,Lampsilini,HPER,0.834793176,0.663347096,13.83647316,0.844024863,12.9924483,0.169781835,0.132279647,2.988173961,0.182278612,2.805895349,1.507371958,0.314558258,13.16389438,2.843397537,0.303561155,0.241217126,5.031444785,0.306918132,4.724526654,0.061738849,0.04810169,1.086608713,0.066283131,1.020325581,0.548135258,0.114384821,4.786870683,1.033962741
SIPSEY,WENDELL_5,2022,S4,33.106423,-87.947001,1706.802164,1,Periodic,Lampsilini,VVIB,0,0,0,0,0,0,0,0,0,0,0,0,0,0,0,0,0,0,0,0,0,0,0,0,0,0,0,NA
SIPSEY,WENDELL_5,2022,S4,33.106423,-87.947001,1706.802164,1,Periodic,Pleurobemini,ECRA,0,0,0,0,0,0,0,0,0,0,0,0,0,0,0,0,0,0,0,0,0,0,0,0,0,0,0,NA
SIPSEY,WENDELL_5,2022,S4,33.106423,-87.947001,1706.802164,1,Opportunistic,Lampsilini,TTRU,0,0,0,0,0,0,0,0,0,0,0,0,0,0,0,0,0,0,0,0,0,0,0,0,0,0,0,NA
SIPSEY,WENDELL_5,2022,S4,33.106423,-87.947001,1706.802164,1,NA,Lampsilini,LAMP,0,0,0,0,0,0,0,0,0,0,0,0,0,0,0,0,0,0,0,0,0,0,0,0,0,0,0,NA
SIPSEY,WENDELL_5,2022,S4,33.106423,-87.947001,1706.802164,1,Periodic,Anodontini,LCOM,0,0,0,0,0,0,0,0,0,0,0,0,0,0,0,0,0,0,0,0,0,0,0,0,0,0,0,NA
SIPSEY,WENDELL_5,2022,S4,33.106423,-87.947001,1706.802164,10,NA,Corbicula,CFLU,0.15608936,0.115435383,5.471186057,0.159211514,5.311974543,0.119858564,0.089235737,4.288095308,0.124783573,4.163311734,0.274646897,0.21401931,5.35262852,4.193934561,0.069373049,0.051304615,2.431638248,0.070760673,2.360877575,0.053270473,0.039660328,1.905820137,0.055459366,1.850360771,0.122065288,0.095119693,2.378946009,1.863970916
SIPSEY,WENDELL_5,2022,S4,33.106423,-87.947001,1706.802164,10,Equilibrium,Pleurobemini,FCER,4.004200281,3.420001771,157.3160724,8.211898977,149.1041734,0.238166154,0.20227639,9.181320001,0.479264904,8.702055097,11.63190075,0.681541294,149.6883719,8.73794486,1.77964457,1.520000787,69.91825438,3.649732879,66.2685215,0.105851624,0.089900618,4.080586667,0.213006624,3.867580043,5.169733666,0.302907242,66.52816528,3.883531049
SIPSEY,WENDELL_5,2022,S4,33.106423,-87.947001,1706.802164,10,Opportunistic,Lampsilini,LORN,0,0,0,0,0,0,0,0,0,0,0,0,0,0,0,0,0,0,0,0,0,0,0,0,0,0,0,NA
SIPSEY,WENDELL_5,2022,S4,33.106423,-87.947001,1706.802164,10,Periodic,Lampsilini,OREF,0.040028163,0.036950704,2.517706663,0.103729514,2.413977148,0.029162222,0.026599972,1.736903357,0.071560418,1.665342939,0.140680218,0.09816039,2.417054608,1.667905189,0.017790295,0.016422535,1.118980739,0.046102006,1.072878732,0.012960987,0.01182221,0.771957048,0.03180463,0.740152417,0.062524541,0.04362684,1.074246492,0.741291195
SIPSEY,WENDELL_5,2022,S4,33.106423,-87.947001,1706.802164,10,Equilibrium,Pleurobemini,PDEC,5.07646131,4.215584434,279.209,15.2727323,263.9362677,0.8789849,0.734506841,48.4755195,2.651610916,45.82390858,19.48831673,3.386117757,264.7971446,45.96838664,2.256205027,1.873593082,124.0928889,6.787881023,117.3050079,0.390659955,0.326447485,21.54467533,1.178493741,20.36618159,8.661474104,1.504941226,117.6876198,20.43039406
SIPSEY,WENDELL_5,2022,S4,33.106423,-87.947001,1706.802164,10,Equilibrium,Quadrulini,PKIE,1.528061936,1.35604841,56.22336787,4.194263243,52.02910463,0.171831844,0.153980274,5.529583555,0.412506933,5.117076622,5.550311654,0.566487207,52.20111816,5.134928192,0.679138638,0.602688182,24.9881635,1.864116997,23.1240465,0.076369709,0.068435677,2.457592691,0.183336415,2.274256276,2.466805179,0.251772092,23.20049696,2.282190308
SIPSEY,WENDELL_5,2022,S4,33.106423,-87.947001,1706.802164,10,Periodic,Lampsilini,LSTR,0,0,0,0,0,0,0,0,0,0,0,0,0,0,0,0,0,0,0,0,0,0,0,0,0,0,0,NA
SIPSEY,WENDELL_5,2022,S4,33.106423,-87.947001,1706.802164,10,Periodic,Lampsilini,MACU,0.023553402,0.018392298,0.293417867,0.017282312,0.276135555,0.022389309,0.017640498,0.278356749,0.016395213,0.261961537,0.03567461,0.034035711,0.281296659,0.266710347,0.010468179,0.008174355,0.130407941,0.007681028,0.122726913,0.009950804,0.007840222,0.123714111,0.007286761,0.11642735,0.015855382,0.015126983,0.125020737,0.118537932
SIPSEY,WENDELL_5,2022,S4,33.106423,-87.947001,1706.802164,10,Periodic,Lampsilini,OUNI,1.418981829,1.1179026,60.36162714,3.60358914,56.758038,0.096312732,0.078632505,4.536327803,0.27081877,4.265509033,4.72149174,0.349451275,57.05911723,4.28318926,0.63065859,0.4968456,26.82738984,1.601595173,25.22579467,0.042805659,0.03494778,2.01614569,0.120363898,1.895781792,2.098440774,0.155311678,25.35960766,1.903639671
SIPSEY,WENDELL_5,2022,S4,33.106423,-87.947001,1706.802164,10,Equilibrium,Quadrulini,QVER,8.899527397,7.25748372,272.8535149,16.75320581,256.100309,0.862268109,0.722247232,26.33736674,1.617114318,24.72025242,24.01068953,2.33936155,257.7423527,24.8602733,3.95534551,3.22554832,121.2682288,7.44586925,113.8223596,0.383230271,0.32099877,11.70549633,0.718717475,10.98677885,10.67141757,1.039716244,114.5521568,11.04901036
SIPSEY,WENDELL_5,2022,S4,33.106423,-87.947001,1706.802164,10,Periodic,Pleurobemini,EARC,1.794082873,1.493985083,56.7701336,2.8044446,53.965689,0.220319346,0.183798428,7.725471289,0.381638282,7.343833008,4.298429683,0.56543671,54.26578679,7.380353925,0.797370166,0.66399337,25.23117049,1.246419822,23.98475067,0.097919709,0.08168819,3.433542795,0.169617014,3.263925781,1.910413192,0.251305204,24.11812746,3.2801573
SIPSEY,WENDELL_5,2022,S4,33.106423,-87.947001,1706.802164,10,Equilibrium,Amblemini,APLI,0,0,0,0,0,0,0,0,0,0,0,0,0,0,0,0,0,0,0,0,0,0,0,0,0,0,0,NA
SIPSEY,WENDELL_5,2022,S4,33.106423,-87.947001,1706.802164,10,Equilibrium,Pleurobemini,REBE,0,0,0,0,0,0,0,0,0,0,0,0,0,0,0,0,0,0,0,0,0,0,0,0,0,0,0,NA
SIPSEY,WENDELL_5,2022,S4,33.106423,-87.947001,1706.802164,10,Equilibrium,Quadrulini,QQUA,0,0,0,0,0,0,0,0,0,0,0,0,0,0,0,0,0,0,0,0,0,0,0,0,0,0,0,NA
SIPSEY,WENDELL_5,2022,S4,33.106423,-87.947001,1706.802164,10,Opportunistic,Lampsilini,TDON,0.026084654,0.021916326,0.412554431,0.025124565,0.387429866,0.025817995,0.021692279,0.409521202,0.024939841,0.384581361,0.047040891,0.04663212,0.391598194,0.388707076,0.01159318,0.009740589,0.183357525,0.011166473,0.172191052,0.011474664,0.009641013,0.182009423,0.011084374,0.170925049,0.020907063,0.020725387,0.174043642,0.172758701
SIPSEY,WENDELL_5,2022,S4,33.106423,-87.947001,1706.802164,10,Equilibrium,Quadrulini,MNER,0,0,0,0,0,0,0,0,0,0,0,0,0,0,0,0,0,0,0,0,0,0,0,0,0,0,0,NA
SIPSEY,WENDELL_5,2022,S4,33.106423,-87.947001,1706.802164,10,Periodic,Lampsilini,LLIE,0.00147726,0.001657983,0.009249467,0.000459698,0.008789768,0.00147726,0.001657983,0.009249467,0.000459698,0.008789768,0.002117681,0.002117681,0.008609045,0.008609045,0.00065656,0.000736881,0.004110874,0.00020431,0.003906564,0.00065656,0.000736881,0.004110874,0.00020431,0.003906564,0.000941192,0.000941192,0.003826242,0.003826242
SIPSEY,WENDELL_5,2022,S4,33.106423,-87.947001,1706.802164,10,Periodic,Lampsilini,ELIN,0,0,0,0,0,0,0,0,0,0,0,0,0,0,0,0,0,0,0,0,0,0,0,0,0,0,0,NA
SIPSEY,WENDELL_5,2022,S4,33.106423,-87.947001,1706.802164,10,Opportunistic,Lampsilini,PFRA,0,0,0,0,0,0,0,0,0,0,0,0,0,0,0,0,0,0,0,0,0,0,0,0,0,0,0,NA
SIPSEY,WENDELL_5,2022,S4,33.106423,-87.947001,1706.802164,10,Opportunistic,Lampsilini,LREC,0,0,0,0,0,0,0,0,0,0,0,0,0,0,0,0,0,0,0,0,0,0,0,0,0,0,0,NA
SIPSEY,WENDELL_5,2022,S4,33.106423,-87.947001,1706.802164,10,Periodic,Lampsilini,OARK,0,0,0,0,0,0,0,0,0,0,0,0,0,0,0,0,0,0,0,0,0,0,0,0,0,0,0,NA
SIPSEY,WENDELL_5,2022,S4,33.106423,-87.947001,1706.802164,10,Opportunistic,Lampsilini,PINF,0,0,0,0,0,0,0,0,0,0,0,0,0,0,0,0,0,0,0,0,0,0,0,0,0,0,0,NA
SIPSEY,WENDELL_5,2022,S4,33.106423,-87.947001,1706.802164,10,Equilibrium,Pleurobemini,PPER,0.029356684,0.025128116,1.635891805,0.089483282,1.546408524,0.021597739,0.018375229,1.200411567,0.065662513,1.134749055,0.114611398,0.084037742,1.550637092,1.137971564,0.013047415,0.011168051,0.727063025,0.039770347,0.687292677,0.009598995,0.008166769,0.533516252,0.029183339,0.504332913,0.050938399,0.037350108,0.689172041,0.505765139
SIPSEY,WENDELL_5,2022,S4,33.106423,-87.947001,1706.802164,10,Opportunistic,Lampsilini,LTER,0,0,0,0,0,0,0,0,0,0,0,0,0,0,0,0,0,0,0,0,0,0,0,0,0,0,0,NA
SIPSEY,WENDELL_5,2022,S4,33.106423,-87.947001,1706.802164,10,Periodic,Alasmodontini,SSUB,0,0,0,0,0,0,0,0,0,0,0,0,0,0,0,0,0,0,0,0,0,0,0,0,0,0,0,NA
SIPSEY,WENDELL_5,2022,S4,33.106423,-87.947001,1706.802164,10,Opportunistic,Lampsilini,TPAR,0,0,0,0,0,0,0,0,0,0,0,0,0,0,0,0,0,0,0,0,0,0,0,0,0,0,0,NA
SIPSEY,WENDELL_5,2022,S4,33.106423,-87.947001,1706.802164,10,Opportunistic,Lampsilini,PPUR,0,0,0,0,0,0,0,0,0,0,0,0,0,0,0,0,0,0,0,0,0,0,0,0,0,0,0,NA
SIPSEY,WENDELL_5,2022,S4,33.106423,-87.947001,1706.802164,10,Periodic,Lampsilini,HPER,0,0,0,0,0,0,0,0,0,0,0,0,0,0,0,0,0,0,0,0,0,0,0,0,0,0,0,NA
SIPSEY,WENDELL_5,2022,S4,33.106423,-87.947001,1706.802164,10,Periodic,Lampsilini,VVIB,0,0,0,0,0,0,0,0,0,0,0,0,0,0,0,0,0,0,0,0,0,0,0,0,0,0,0,NA
SIPSEY,WENDELL_5,2022,S4,33.106423,-87.947001,1706.802164,10,Periodic,Pleurobemini,ECRA,0,0,0,0,0,0,0,0,0,0,0,0,0,0,0,0,0,0,0,0,0,0,0,0,0,0,0,NA
SIPSEY,WENDELL_5,2022,S4,33.106423,-87.947001,1706.802164,10,Opportunistic,Lampsilini,TTRU,0,0,0,0,0,0,0,0,0,0,0,0,0,0,0,0,0,0,0,0,0,0,0,0,0,0,0,NA
SIPSEY,WENDELL_5,2022,S4,33.106423,-87.947001,1706.802164,10,NA,Lampsilini,LAMP,0,0,0,0,0,0,0,0,0,0,0,0,0,0,0,0,0,0,0,0,0,0,0,0,0,0,0,NA
SIPSEY,WENDELL_5,2022,S4,33.106423,-87.947001,1706.802164,10,Periodic,Anodontini,LCOM,0,0,0,0,0,0,0,0,0,0,0,0,0,0,0,0,0,0,0,0,0,0,0,0,0,0,0,NA
SIPSEY,WENDELL_5,2022,S4,33.106423,-87.947001,1706.802164,11,NA,Corbicula,CFLU,0.094751196,0.076022149,4.021950662,0.117038764,3.904911898,0.082674264,0.067288934,3.627587079,0.105562784,3.522024295,0.193060913,0.172851718,3.923640945,3.537409625,0.042111643,0.033787622,1.787533628,0.052017229,1.735516399,0.036744117,0.029906193,1.612260924,0.046916793,1.565344131,0.08580485,0.076822986,1.74384042,1.572182056
SIPSEY,WENDELL_5,2022,S4,33.106423,-87.947001,1706.802164,11,Equilibrium,Pleurobemini,FCER,0.779644558,0.694623341,35.09173531,1.831788583,33.25994673,0.233363475,0.203280136,9.735589026,0.508197747,9.227391279,2.526411924,0.711477883,33.34496794,9.257474618,0.346508692,0.308721485,15.5963268,0.814128259,14.78219855,0.1037171,0.090346727,4.326928456,0.225865665,4.101062791,1.122849744,0.316212392,14.81998575,4.114433164
SIPSEY,WENDELL_5,2022,S4,33.106423,-87.947001,1706.802164,11,Opportunistic,Lampsilini,LORN,0.007070894,0.009930335,0.000784505,9.07672019811229e-05,0.000693738,0.007070894,0.009930335,0.000784505,9.07672019811229e-05,0.000693738,0.010021102,0.010021102,-0.002165703,-0.002165703,0.00314262,0.004413482,0.000348669,4.03409786582769e-05,0.000308328,0.00314262,0.004413482,0.000348669,4.03409786582769e-05,0.000308328,0.004453823,0.004453823,-0.000962535,-0.000962535
SIPSEY,WENDELL_5,2022,S4,33.106423,-87.947001,1706.802164,11,Periodic,Lampsilini,OREF,0.040028163,0.036950704,2.517706663,0.103729514,2.413977148,0.029162222,0.026599972,1.736903357,0.071560418,1.665342939,0.140680218,0.09816039,2.417054608,1.667905189,0.017790295,0.016422535,1.118980739,0.046102006,1.072878732,0.012960987,0.01182221,0.771957048,0.03180463,0.740152417,0.062524541,0.04362684,1.074246492,0.741291195
SIPSEY,WENDELL_5,2022,S4,33.106423,-87.947001,1706.802164,11,Equilibrium,Pleurobemini,PDEC,3.86819716,3.200161438,212.4101279,11.618834,200.7912939,0.475214644,0.394512706,26.13398656,1.429529065,24.70445749,14.81899544,1.824041771,201.4593297,24.78515943,1.719198738,1.422293973,94.40450131,5.163926221,89.24057509,0.211206508,0.17533898,11.61510514,0.635346251,10.97975889,6.586220194,0.810685231,89.53747985,11.01562641
SIPSEY,WENDELL_5,2022,S4,33.106423,-87.947001,1706.802164,11,Equilibrium,Quadrulini,PKIE,0.059449573,0.051311911,3.10650145,0.231745008,2.874756442,0.039424472,0.034230491,1.892020735,0.141144747,1.750875988,0.283056919,0.175375238,2.882894103,1.756069969,0.026422032,0.022805294,1.380667311,0.102997781,1.27766953,0.017521988,0.015213552,0.840898104,0.062730999,0.778167106,0.125803075,0.07794455,1.281286268,0.780475542
SIPSEY,WENDELL_5,2022,S4,33.106423,-87.947001,1706.802164,11,Periodic,Lampsilini,LSTR,0,0,0,0,0,0,0,0,0,0,0,0,0,0,0,0,0,0,0,0,0,0,0,0,0,0,0,NA
SIPSEY,WENDELL_5,2022,S4,33.106423,-87.947001,1706.802164,11,Periodic,Lampsilini,MACU,0.064427852,0.052530522,0.795514433,0.0468558,0.748658633,0.051685057,0.043119507,0.634994216,0.037401159,0.597593057,0.099386322,0.080520666,0.760555963,0.606158607,0.028634601,0.023346899,0.35356197,0.0208248,0.33273717,0.022971136,0.019164225,0.282219652,0.016622737,0.265596914,0.044171699,0.035786963,0.338024872,0.269403825
SIPSEY,WENDELL_5,2022,S4,33.106423,-87.947001,1706.802164,11,Periodic,Lampsilini,OUNI,0.962605748,0.747079303,39.16753432,2.338301799,36.82923252,0.134586338,0.108052872,6.031578864,0.360085258,5.671493606,3.085381102,0.46813813,37.04475897,5.698027072,0.427824777,0.332035246,17.40779303,1.039245244,16.36854779,0.05981615,0.048023499,2.680701717,0.160037893,2.520663825,1.37128049,0.208061391,16.46433732,2.532456477
SIPSEY,WENDELL_5,2022,S4,33.106423,-87.947001,1706.802164,11,Equilibrium,Quadrulini,QVER,2.928962956,2.412997334,89.65868778,5.50504343,84.15364435,0.218152589,0.216525654,6.553560396,0.402388608,6.151171788,7.918040763,0.618914262,84.66960998,6.152798723,1.301761314,1.072443259,39.84830568,2.446685969,37.40161971,0.096956706,0.096233624,2.912693509,0.178839381,2.733854128,3.519129228,0.275073005,37.63093777,2.73457721
SIPSEY,WENDELL_5,2022,S4,33.106423,-87.947001,1706.802164,11,Periodic,Pleurobemini,EARC,0,0,0,0,0,0,0,0,0,0,0,0,0,0,0,0,0,0,0,0,0,0,0,0,0,0,0,NA
SIPSEY,WENDELL_5,2022,S4,33.106423,-87.947001,1706.802164,11,Equilibrium,Amblemini,APLI,0,0,0,0,0,0,0,0,0,0,0,0,0,0,0,0,0,0,0,0,0,0,0,0,0,0,0,NA
SIPSEY,WENDELL_5,2022,S4,33.106423,-87.947001,1706.802164,11,Equilibrium,Pleurobemini,REBE,0,0,0,0,0,0,0,0,0,0,0,0,0,0,0,0,0,0,0,0,0,0,0,0,0,0,0,NA
SIPSEY,WENDELL_5,2022,S4,33.106423,-87.947001,1706.802164,11,Equilibrium,Quadrulini,QQUA,0,0,0,0,0,0,0,0,0,0,0,0,0,0,0,0,0,0,0,0,0,0,0,0,0,0,0,NA
SIPSEY,WENDELL_5,2022,S4,33.106423,-87.947001,1706.802164,11,Opportunistic,Lampsilini,TDON,0,0,0,0,0,0,0,0,0,0,0,0,0,0,0,0,0,0,0,0,0,0,0,0,0,0,0,NA
SIPSEY,WENDELL_5,2022,S4,33.106423,-87.947001,1706.802164,11,Equilibrium,Quadrulini,MNER,0,0,0,0,0,0,0,0,0,0,0,0,0,0,0,0,0,0,0,0,0,0,0,0,0,0,0,NA
SIPSEY,WENDELL_5,2022,S4,33.106423,-87.947001,1706.802164,11,Periodic,Lampsilini,LLIE,0,0,0,0,0,0,0,0,0,0,0,0,0,0,0,0,0,0,0,0,0,0,0,0,0,0,0,NA
SIPSEY,WENDELL_5,2022,S4,33.106423,-87.947001,1706.802164,11,Periodic,Lampsilini,ELIN,0,0,0,0,0,0,0,0,0,0,0,0,0,0,0,0,0,0,0,0,0,0,0,0,0,0,0,NA
SIPSEY,WENDELL_5,2022,S4,33.106423,-87.947001,1706.802164,11,Opportunistic,Lampsilini,PFRA,0.009338706,0.007846381,0.072549194,0.004418246,0.068130948,0.009338706,0.007846381,0.072549194,0.004418246,0.068130948,0.012264627,0.012264627,0.069623274,0.069623274,0.004150536,0.003487281,0.032244086,0.001963665,0.030280422,0.004150536,0.003487281,0.032244086,0.001963665,0.030280422,0.005450945,0.005450945,0.030943677,0.030943677
SIPSEY,WENDELL_5,2022,S4,33.106423,-87.947001,1706.802164,11,Opportunistic,Lampsilini,LREC,0,0,0,0,0,0,0,0,0,0,0,0,0,0,0,0,0,0,0,0,0,0,0,0,0,0,0,NA
SIPSEY,WENDELL_5,2022,S4,33.106423,-87.947001,1706.802164,11,Periodic,Lampsilini,OARK,0,0,0,0,0,0,0,0,0,0,0,0,0,0,0,0,0,0,0,0,0,0,0,0,0,0,0,NA
SIPSEY,WENDELL_5,2022,S4,33.106423,-87.947001,1706.802164,11,Opportunistic,Lampsilini,PINF,0,0,0,0,0,0,0,0,0,0,0,0,0,0,0,0,0,0,0,0,0,0,0,0,0,0,0,NA
SIPSEY,WENDELL_5,2022,S4,33.106423,-87.947001,1706.802164,11,Equilibrium,Pleurobemini,PPER,0,0,0,0,0,0,0,0,0,0,0,0,0,0,0,0,0,0,0,0,0,0,0,0,0,0,0,NA
SIPSEY,WENDELL_5,2022,S4,33.106423,-87.947001,1706.802164,11,Opportunistic,Lampsilini,LTER,0,0,0,0,0,0,0,0,0,0,0,0,0,0,0,0,0,0,0,0,0,0,0,0,0,0,0,NA
SIPSEY,WENDELL_5,2022,S4,33.106423,-87.947001,1706.802164,11,Periodic,Alasmodontini,SSUB,0,0,0,0,0,0,0,0,0,0,0,0,0,0,0,0,0,0,0,0,0,0,0,0,0,0,0,NA
SIPSEY,WENDELL_5,2022,S4,33.106423,-87.947001,1706.802164,11,Opportunistic,Lampsilini,TPAR,0,0,0,0,0,0,0,0,0,0,0,0,0,0,0,0,0,0,0,0,0,0,0,0,0,0,0,NA
SIPSEY,WENDELL_5,2022,S4,33.106423,-87.947001,1706.802164,11,Opportunistic,Lampsilini,PPUR,0,0,0,0,0,0,0,0,0,0,0,0,0,0,0,0,0,0,0,0,0,0,0,0,0,0,0,NA
SIPSEY,WENDELL_5,2022,S4,33.106423,-87.947001,1706.802164,11,Periodic,Lampsilini,HPER,0,0,0,0,0,0,0,0,0,0,0,0,0,0,0,0,0,0,0,0,0,0,0,0,0,0,0,NA
SIPSEY,WENDELL_5,2022,S4,33.106423,-87.947001,1706.802164,11,Periodic,Lampsilini,VVIB,0,0,0,0,0,0,0,0,0,0,0,0,0,0,0,0,0,0,0,0,0,0,0,0,0,0,0,NA
SIPSEY,WENDELL_5,2022,S4,33.106423,-87.947001,1706.802164,11,Periodic,Pleurobemini,ECRA,0,0,0,0,0,0,0,0,0,0,0,0,0,0,0,0,0,0,0,0,0,0,0,0,0,0,0,NA
SIPSEY,WENDELL_5,2022,S4,33.106423,-87.947001,1706.802164,11,Opportunistic,Lampsilini,TTRU,0,0,0,0,0,0,0,0,0,0,0,0,0,0,0,0,0,0,0,0,0,0,0,0,0,0,0,NA
SIPSEY,WENDELL_5,2022,S4,33.106423,-87.947001,1706.802164,11,NA,Lampsilini,LAMP,0,0,0,0,0,0,0,0,0,0,0,0,0,0,0,0,0,0,0,0,0,0,0,0,0,0,0,NA
SIPSEY,WENDELL_5,2022,S4,33.106423,-87.947001,1706.802164,11,Periodic,Anodontini,LCOM,0,0,0,0,0,0,0,0,0,0,0,0,0,0,0,0,0,0,0,0,0,0,0,0,0,0,0,NA
SIPSEY,WENDELL_5,2022,S4,33.106423,-87.947001,1706.802164,12,NA,Corbicula,CFLU,0.176943555,0.132059718,6.298301605,0.183280577,6.115021028,0.128635826,0.097126857,4.720847272,0.137376656,4.583470617,0.315340295,0.234503513,6.159904865,4.614979586,0.088471777,0.066029859,3.149150803,0.091640288,3.057510514,0.064317913,0.048563428,2.360423636,0.068688328,2.291735308,0.157670148,0.117251756,3.079952432,2.307489793
SIPSEY,WENDELL_5,2022,S4,33.106423,-87.947001,1706.802164,12,Equilibrium,Pleurobemini,FCER,0.313485277,0.278942387,14.03701854,0.732732368,13.30428617,0.090663571,0.07819171,3.651680641,0.190617729,3.461062911,1.011674755,0.26880944,13.33882906,3.473534772,0.156742638,0.139471194,7.018509271,0.366366184,6.652143087,0.045331785,0.039095855,1.82584032,0.095308865,1.730531456,0.505837378,0.13440472,6.669414532,1.736767386
SIPSEY,WENDELL_5,2022,S4,33.106423,-87.947001,1706.802164,12,Opportunistic,Lampsilini,LORN,3.680880959,2.742584163,45.94640972,5.315999605,40.63041012,0,0,0,0,0,8.058583768,0,41.56870691,0,1.840440479,1.371292082,22.97320486,2.657999802,20.31520506,0,0,0,0,0,4.029291884,0,20.78435346,0
SIPSEY,WENDELL_5,2022,S4,33.106423,-87.947001,1706.802164,12,Periodic,Lampsilini,OREF,0,0,0,0,0,0,0,0,0,0,0,0,0,0,0,0,0,0,0,0,0,0,0,0,0,0,0,NA
SIPSEY,WENDELL_5,2022,S4,33.106423,-87.947001,1706.802164,12,Equilibrium,Pleurobemini,PDEC,6.179755968,5.110037152,339.2739991,18.55828775,320.7157114,0.58632421,0.483424578,32.14953722,1.758579686,30.39095754,23.6683249,2.242004264,321.7854302,30.49385717,3.089877984,2.555018576,169.6369996,9.279143876,160.3578557,0.293162105,0.241712289,16.07476861,0.879289843,15.19547877,11.83416245,1.121002132,160.8927151,15.24692858
SIPSEY,WENDELL_5,2022,S4,33.106423,-87.947001,1706.802164,12,Equilibrium,Quadrulini,PKIE,2.190435147,1.943799036,80.69561815,6.019893114,74.67572504,0.250753717,0.224320689,8.250650684,0.615498541,7.635152143,7.96369215,0.83981923,74.92236115,7.661585171,1.095217573,0.971899518,40.34780908,3.009946557,37.33786252,0.125376859,0.112160345,4.125325342,0.307749271,3.817576071,3.981846075,0.419909615,37.46118057,3.830792585
SIPSEY,WENDELL_5,2022,S4,33.106423,-87.947001,1706.802164,12,Periodic,Lampsilini,LSTR,0,0,0,0,0,0,0,0,0,0,0,0,0,0,0,0,0,0,0,0,0,0,0,0,0,0,0,NA
SIPSEY,WENDELL_5,2022,S4,33.106423,-87.947001,1706.802164,12,Periodic,Lampsilini,MACU,0.153803392,0.126175418,1.897044568,0.111735925,1.785308643,0.110484054,0.09271852,1.356246418,0.079882914,1.276363504,0.237911343,0.172601434,1.812936618,1.294129038,0.076901696,0.063087709,0.948522284,0.055867963,0.892654322,0.055242027,0.04635926,0.678123209,0.039941457,0.638181752,0.118955671,0.086300717,0.906468309,0.647064519
SIPSEY,WENDELL_5,2022,S4,33.106423,-87.947001,1706.802164,12,Periodic,Lampsilini,OUNI,2.370367179,1.879217812,102.7746972,6.135649421,96.63904775,0.095704474,0.077272446,4.363888809,0.260524162,4.103364647,8.014867233,0.337796608,97.13019712,4.121796675,1.185183589,0.939608906,51.38734859,3.067824711,48.31952388,0.047852237,0.038636223,2.181944405,0.130262081,2.051682324,4.007433616,0.168898304,48.56509856,2.060898338
SIPSEY,WENDELL_5,2022,S4,33.106423,-87.947001,1706.802164,12,Equilibrium,Quadrulini,QVER,0,0,0,0,0,0,0,0,0,0,0,0,0,0,0,0,0,0,0,0,0,0,0,0,0,0,0,NA
SIPSEY,WENDELL_5,2022,S4,33.106423,-87.947001,1706.802164,12,Periodic,Pleurobemini,EARC,1.992474891,1.659621188,64.14718299,3.168870839,60.97831215,0.180842253,0.150625905,5.839194254,0.288456196,5.550738057,4.828492027,0.439082101,61.31116585,5.580954405,0.996237446,0.829810594,32.07359149,1.58443542,30.48915607,0.090421126,0.075312952,2.919597127,0.144228098,2.775369029,2.414246014,0.21954105,30.65558292,2.790477203
SIPSEY,WENDELL_5,2022,S4,33.106423,-87.947001,1706.802164,12,Equilibrium,Amblemini,APLI,0,0,0,0,0,0,0,0,0,0,0,0,0,0,0,0,0,0,0,0,0,0,0,0,0,0,0,NA
SIPSEY,WENDELL_5,2022,S4,33.106423,-87.947001,1706.802164,12,Equilibrium,Pleurobemini,REBE,0,0,0,0,0,0,0,0,0,0,0,0,0,0,0,0,0,0,0,0,0,0,0,0,0,0,0,NA
SIPSEY,WENDELL_5,2022,S4,33.106423,-87.947001,1706.802164,12,Equilibrium,Quadrulini,QQUA,0,0,0,0,0,0,0,0,0,0,0,0,0,0,0,0,0,0,0,0,0,0,0,0,0,0,0,NA
SIPSEY,WENDELL_5,2022,S4,33.106423,-87.947001,1706.802164,12,Opportunistic,Lampsilini,TDON,0,0,0,0,0,0,0,0,0,0,0,0,0,0,0,0,0,0,0,0,0,0,0,0,0,0,0,NA
SIPSEY,WENDELL_5,2022,S4,33.106423,-87.947001,1706.802164,12,Equilibrium,Quadrulini,MNER,0,0,0,0,0,0,0,0,0,0,0,0,0,0,0,0,0,0,0,0,0,0,0,0,0,0,0,NA
SIPSEY,WENDELL_5,2022,S4,33.106423,-87.947001,1706.802164,12,Periodic,Lampsilini,LLIE,0,0,0,0,0,0,0,0,0,0,0,0,0,0,0,0,0,0,0,0,0,0,0,0,0,0,0,NA
SIPSEY,WENDELL_5,2022,S4,33.106423,-87.947001,1706.802164,12,Periodic,Lampsilini,ELIN,0.009433731,0.00792622,0.138679872,0.008445604,0.130234268,0.009433731,0.00792622,0.138679872,0.008445604,0.130234268,0.016371825,0.016371825,0.131741778,0.131741778,0.004716865,0.00396311,0.069339936,0.004222802,0.065117134,0.004716865,0.00396311,0.069339936,0.004222802,0.065117134,0.008185912,0.008185912,0.065870889,0.065870889
SIPSEY,WENDELL_5,2022,S4,33.106423,-87.947001,1706.802164,12,Opportunistic,Lampsilini,PFRA,0.009338706,0.007846381,0.072549194,0.004418246,0.068130948,0.009338706,0.007846381,0.072549194,0.004418246,0.068130948,0.012264627,0.012264627,0.069623274,0.069623274,0.004669353,0.003923191,0.036274597,0.002209123,0.034065474,0.004669353,0.003923191,0.036274597,0.002209123,0.034065474,0.006132314,0.006132314,0.034811637,0.034811637
SIPSEY,WENDELL_5,2022,S4,33.106423,-87.947001,1706.802164,12,Opportunistic,Lampsilini,LREC,0,0,0,0,0,0,0,0,0,0,0,0,0,0,0,0,0,0,0,0,0,0,0,0,0,0,0,NA
SIPSEY,WENDELL_5,2022,S4,33.106423,-87.947001,1706.802164,12,Periodic,Lampsilini,OARK,0,0,0,0,0,0,0,0,0,0,0,0,0,0,0,0,0,0,0,0,0,0,0,0,0,0,0,NA
SIPSEY,WENDELL_5,2022,S4,33.106423,-87.947001,1706.802164,12,Opportunistic,Lampsilini,PINF,0,0,0,0,0,0,0,0,0,0,0,0,0,0,0,0,0,0,0,0,0,0,0,0,0,0,0,NA
SIPSEY,WENDELL_5,2022,S4,33.106423,-87.947001,1706.802164,12,Equilibrium,Pleurobemini,PPER,0.232446027,0.193877225,12.80917277,0.70066175,12.10851102,0.052355589,0.043187849,2.871433015,0.157067386,2.714365629,0.894538976,0.200255235,12.14707982,2.723533369,0.116223013,0.096938613,6.404586385,0.350330875,6.054255509,0.026177794,0.021593924,1.435716507,0.078533693,1.357182814,0.447269488,0.100127617,6.07353991,1.361766684
SIPSEY,WENDELL_5,2022,S4,33.106423,-87.947001,1706.802164,12,Opportunistic,Lampsilini,LTER,0,0,0,0,0,0,0,0,0,0,0,0,0,0,0,0,0,0,0,0,0,0,0,0,0,0,0,NA
SIPSEY,WENDELL_5,2022,S4,33.106423,-87.947001,1706.802164,12,Periodic,Alasmodontini,SSUB,0,0,0,0,0,0,0,0,0,0,0,0,0,0,0,0,0,0,0,0,0,0,0,0,0,0,0,NA
SIPSEY,WENDELL_5,2022,S4,33.106423,-87.947001,1706.802164,12,Opportunistic,Lampsilini,TPAR,0,0,0,0,0,0,0,0,0,0,0,0,0,0,0,0,0,0,0,0,0,0,0,0,0,0,0,NA
SIPSEY,WENDELL_5,2022,S4,33.106423,-87.947001,1706.802164,12,Opportunistic,Lampsilini,PPUR,0,0,0,0,0,0,0,0,0,0,0,0,0,0,0,0,0,0,0,0,0,0,0,0,0,0,0,NA
SIPSEY,WENDELL_5,2022,S4,33.106423,-87.947001,1706.802164,12,Periodic,Lampsilini,HPER,0,0,0,0,0,0,0,0,0,0,0,0,0,0,0,0,0,0,0,0,0,0,0,0,0,0,0,NA
SIPSEY,WENDELL_5,2022,S4,33.106423,-87.947001,1706.802164,12,Periodic,Lampsilini,VVIB,0,0,0,0,0,0,0,0,0,0,0,0,0,0,0,0,0,0,0,0,0,0,0,0,0,0,0,NA
SIPSEY,WENDELL_5,2022,S4,33.106423,-87.947001,1706.802164,12,Periodic,Pleurobemini,ECRA,0,0,0,0,0,0,0,0,0,0,0,0,0,0,0,0,0,0,0,0,0,0,0,0,0,0,0,NA
SIPSEY,WENDELL_5,2022,S4,33.106423,-87.947001,1706.802164,12,Opportunistic,Lampsilini,TTRU,0,0,0,0,0,0,0,0,0,0,0,0,0,0,0,0,0,0,0,0,0,0,0,0,0,0,0,NA
SIPSEY,WENDELL_5,2022,S4,33.106423,-87.947001,1706.802164,12,NA,Lampsilini,LAMP,0,0,0,0,0,0,0,0,0,0,0,0,0,0,0,0,0,0,0,0,0,0,0,0,0,0,0,NA
SIPSEY,WENDELL_5,2022,S4,33.106423,-87.947001,1706.802164,12,Periodic,Anodontini,LCOM,0,0,0,0,0,0,0,0,0,0,0,0,0,0,0,0,0,0,0,0,0,0,0,0,0,0,0,NA
SIPSEY,WENDELL_5,2022,S4,33.106423,-87.947001,1706.802164,13,NA,Corbicula,CFLU,0.168342944,0.119419419,5.290236431,0.15394588,5.136290551,0.132112147,0.093219773,4.107145681,0.119517939,3.987627742,0.273365299,0.212737712,5.185214076,4.026520117,0.084171472,0.059709709,2.645118216,0.07697294,2.568145276,0.066056074,0.046609886,2.053572841,0.05975897,1.993813871,0.13668265,0.106368856,2.592607038,2.013260058
SIPSEY,WENDELL_5,2022,S4,33.106423,-87.947001,1706.802164,13,Equilibrium,Pleurobemini,FCER,2.622904448,2.243421452,103.4580511,5.400510268,98.05754085,0.142533851,0.119475574,5.239104499,0.273481255,4.965623245,7.643931721,0.392956829,98.43702384,4.988681521,1.311452224,1.121710726,51.72902556,2.700255134,49.02877042,0.071266925,0.059737787,2.61955225,0.136740627,2.482811622,3.82196586,0.196478414,49.21851192,2.494340761
SIPSEY,WENDELL_5,2022,S4,33.106423,-87.947001,1706.802164,13,Opportunistic,Lampsilini,LORN,0,0,0,0,0,0,0,0,0,0,0,0,0,0,0,0,0,0,0,0,0,0,0,0,0,0,0,NA
SIPSEY,WENDELL_5,2022,S4,33.106423,-87.947001,1706.802164,13,Periodic,Lampsilini,OREF,0,0,0,0,0,0,0,0,0,0,0,0,0,0,0,0,0,0,0,0,0,0,0,0,0,0,0,NA
SIPSEY,WENDELL_5,2022,S4,33.106423,-87.947001,1706.802164,13,Equilibrium,Pleurobemini,PDEC,5.48855491,4.560262016,301.9473267,16.51651877,285.4308079,0.941063582,0.781397583,51.75710769,2.831113791,48.9259939,21.07678079,3.612511373,286.3591008,49.0856599,2.744277455,2.280131008,150.9736633,8.258259385,142.715404,0.470531791,0.390698791,25.87855385,1.415556895,24.46299695,10.53839039,1.806255687,143.1795504,24.54282995
SIPSEY,WENDELL_5,2022,S4,33.106423,-87.947001,1706.802164,13,Equilibrium,Quadrulini,PKIE,4.488843283,3.993571303,160.489918,11.97254788,148.5173701,0.335226375,0.29837111,11.89409933,0.88729981,11.00679952,15.96611918,1.18567092,149.0126421,11.04365479,2.244421642,1.996785652,80.24495898,5.98627394,74.25868504,0.167613187,0.149185555,5.947049666,0.443649905,5.503399761,7.983059592,0.59283546,74.50632103,5.521827394
SIPSEY,WENDELL_5,2022,S4,33.106423,-87.947001,1706.802164,13,Periodic,Lampsilini,LSTR,0,0,0,0,0,0,0,0,0,0,0,0,0,0,0,0,0,0,0,0,0,0,0,0,0,0,0,NA
SIPSEY,WENDELL_5,2022,S4,33.106423,-87.947001,1706.802164,13,Periodic,Lampsilini,MACU,0.042993818,0.034020909,0.53404319,0.031455144,0.502588046,0.040665632,0.03251731,0.503920954,0.029680944,0.47424001,0.065476053,0.062198255,0.511560955,0.482388332,0.021496909,0.017010454,0.267021595,0.015727572,0.251294023,0.020332816,0.016258655,0.251960477,0.014840472,0.237120005,0.032738026,0.031099127,0.255780478,0.241194166
SIPSEY,WENDELL_5,2022,S4,33.106423,-87.947001,1706.802164,13,Periodic,Lampsilini,OUNI,3.105744789,2.460080036,134.3996071,8.023656545,126.3759506,0.158058607,0.124741592,6.763842073,0.403801372,6.360040701,10.48373658,0.528542964,127.0216153,6.393357716,1.552872395,1.230040018,67.19980356,4.011828273,63.18797529,0.079029304,0.062370796,3.381921037,0.201900686,3.180020351,5.241868291,0.264271482,63.51080766,3.196678858
SIPSEY,WENDELL_5,2022,S4,33.106423,-87.947001,1706.802164,13,Equilibrium,Quadrulini,QVER,0.678761854,0.408543061,21.37362286,1.312340444,20.06128242,0.272133349,0.189289229,8.44171657,0.518321397,7.923395173,1.720883505,0.707610627,20.33150121,8.006239292,0.339380927,0.20427153,10.68681143,0.656170222,10.03064121,0.136066674,0.094644615,4.220858285,0.259160699,3.961697586,0.860441752,0.353805313,10.16575061,4.003119646
SIPSEY,WENDELL_5,2022,S4,33.106423,-87.947001,1706.802164,13,Periodic,Pleurobemini,EARC,1.256130348,1.046732795,41.39850307,2.045086052,39.35341702,0.044909115,0.037496713,1.654244181,0.081719663,1.572524519,3.091818847,0.119216375,39.56281457,1.579936921,0.628065174,0.523366398,20.69925154,1.022543026,19.67670851,0.022454558,0.018748356,0.827122091,0.040859831,0.786262259,1.545909423,0.059608188,19.78140729,0.789968461
SIPSEY,WENDELL_5,2022,S4,33.106423,-87.947001,1706.802164,13,Equilibrium,Amblemini,APLI,0,0,0,0,0,0,0,0,0,0,0,0,0,0,0,0,0,0,0,0,0,0,0,0,0,0,0,NA
SIPSEY,WENDELL_5,2022,S4,33.106423,-87.947001,1706.802164,13,Equilibrium,Pleurobemini,REBE,0,0,0,0,0,0,0,0,0,0,0,0,0,0,0,0,0,0,0,0,0,0,0,0,0,0,0,NA
SIPSEY,WENDELL_5,2022,S4,33.106423,-87.947001,1706.802164,13,Equilibrium,Quadrulini,QQUA,0,0,0,0,0,0,0,0,0,0,0,0,0,0,0,0,0,0,0,0,0,0,0,0,0,0,0,NA
SIPSEY,WENDELL_5,2022,S4,33.106423,-87.947001,1706.802164,13,Opportunistic,Lampsilini,TDON,0,0,0,0,0,0,0,0,0,0,0,0,0,0,0,0,0,0,0,0,0,0,0,0,0,0,0,NA
SIPSEY,WENDELL_5,2022,S4,33.106423,-87.947001,1706.802164,13,Equilibrium,Quadrulini,MNER,0,0,0,0,0,0,0,0,0,0,0,0,0,0,0,0,0,0,0,0,0,0,0,0,0,0,0,NA
SIPSEY,WENDELL_5,2022,S4,33.106423,-87.947001,1706.802164,13,Periodic,Lampsilini,LLIE,0,0,0,0,0,0,0,0,0,0,0,0,0,0,0,0,0,0,0,0,0,0,0,0,0,0,0,NA
SIPSEY,WENDELL_5,2022,S4,33.106423,-87.947001,1706.802164,13,Periodic,Lampsilini,ELIN,0,0,0,0,0,0,0,0,0,0,0,0,0,0,0,0,0,0,0,0,0,0,0,0,0,0,0,NA
SIPSEY,WENDELL_5,2022,S4,33.106423,-87.947001,1706.802164,13,Opportunistic,Lampsilini,PFRA,0.006036833,0.005072147,0.050510269,0.003076075,0.047434194,0.006036833,0.005072147,0.050510269,0.003076075,0.047434194,0.008148222,0.008148222,0.04839888,0.04839888,0.003018416,0.002536073,0.025255135,0.001538038,0.023717097,0.003018416,0.002536073,0.025255135,0.001538038,0.023717097,0.004074111,0.004074111,0.02419944,0.02419944
SIPSEY,WENDELL_5,2022,S4,33.106423,-87.947001,1706.802164,13,Opportunistic,Lampsilini,LREC,0,0,0,0,0,0,0,0,0,0,0,0,0,0,0,0,0,0,0,0,0,0,0,0,0,0,0,NA
SIPSEY,WENDELL_5,2022,S4,33.106423,-87.947001,1706.802164,13,Periodic,Lampsilini,OARK,0,0,0,0,0,0,0,0,0,0,0,0,0,0,0,0,0,0,0,0,0,0,0,0,0,0,0,NA
SIPSEY,WENDELL_5,2022,S4,33.106423,-87.947001,1706.802164,13,Opportunistic,Lampsilini,PINF,0,0,0,0,0,0,0,0,0,0,0,0,0,0,0,0,0,0,0,0,0,0,0,0,0,0,0,NA
SIPSEY,WENDELL_5,2022,S4,33.106423,-87.947001,1706.802164,13,Equilibrium,Pleurobemini,PPER,0,0,0,0,0,0,0,0,0,0,0,0,0,0,0,0,0,0,0,0,0,0,0,0,0,0,0,NA
SIPSEY,WENDELL_5,2022,S4,33.106423,-87.947001,1706.802164,13,Opportunistic,Lampsilini,LTER,0,0,0,0,0,0,0,0,0,0,0,0,0,0,0,0,0,0,0,0,0,0,0,0,0,0,0,NA
SIPSEY,WENDELL_5,2022,S4,33.106423,-87.947001,1706.802164,13,Periodic,Alasmodontini,SSUB,0,0,0,0,0,0,0,0,0,0,0,0,0,0,0,0,0,0,0,0,0,0,0,0,0,0,0,NA
SIPSEY,WENDELL_5,2022,S4,33.106423,-87.947001,1706.802164,13,Opportunistic,Lampsilini,TPAR,0,0,0,0,0,0,0,0,0,0,0,0,0,0,0,0,0,0,0,0,0,0,0,0,0,0,0,NA
SIPSEY,WENDELL_5,2022,S4,33.106423,-87.947001,1706.802164,13,Opportunistic,Lampsilini,PPUR,0,0,0,0,0,0,0,0,0,0,0,0,0,0,0,0,0,0,0,0,0,0,0,0,0,0,0,NA
SIPSEY,WENDELL_5,2022,S4,33.106423,-87.947001,1706.802164,13,Periodic,Lampsilini,HPER,0,0,0,0,0,0,0,0,0,0,0,0,0,0,0,0,0,0,0,0,0,0,0,0,0,0,0,NA
SIPSEY,WENDELL_5,2022,S4,33.106423,-87.947001,1706.802164,13,Periodic,Lampsilini,VVIB,0,0,0,0,0,0,0,0,0,0,0,0,0,0,0,0,0,0,0,0,0,0,0,0,0,0,0,NA
SIPSEY,WENDELL_5,2022,S4,33.106423,-87.947001,1706.802164,13,Periodic,Pleurobemini,ECRA,0,0,0,0,0,0,0,0,0,0,0,0,0,0,0,0,0,0,0,0,0,0,0,0,0,0,0,NA
SIPSEY,WENDELL_5,2022,S4,33.106423,-87.947001,1706.802164,13,Opportunistic,Lampsilini,TTRU,0,0,0,0,0,0,0,0,0,0,0,0,0,0,0,0,0,0,0,0,0,0,0,0,0,0,0,NA
SIPSEY,WENDELL_5,2022,S4,33.106423,-87.947001,1706.802164,13,NA,Lampsilini,LAMP,0,0,0,0,0,0,0,0,0,0,0,0,0,0,0,0,0,0,0,0,0,0,0,0,0,0,0,NA
SIPSEY,WENDELL_5,2022,S4,33.106423,-87.947001,1706.802164,13,Periodic,Anodontini,LCOM,0,0,0,0,0,0,0,0,0,0,0,0,0,0,0,0,0,0,0,0,0,0,0,0,0,0,0,NA
SIPSEY,WENDELL_5,2022,S4,33.106423,-87.947001,1706.802164,14,NA,Corbicula,CFLU,0.080447961,0.054436778,2.251884631,0.065529843,2.186354789,0.080447961,0.054436778,2.251884631,0.065529843,2.186354789,0.119966621,0.119966621,2.212365971,2.212365971,0.04022398,0.027218389,1.125942316,0.032764921,1.093177394,0.04022398,0.027218389,1.125942316,0.032764921,1.093177394,0.05998331,0.05998331,1.106182986,1.106182986
SIPSEY,WENDELL_5,2022,S4,33.106423,-87.947001,1706.802164,14,Equilibrium,Pleurobemini,FCER,0.446854276,0.404966634,21.25943345,1.109742426,20.14969102,0.185904049,0.165335576,8.304622046,0.433501271,7.871120775,1.51470906,0.598836846,20.19157866,7.891689249,0.223427138,0.202483317,10.62971672,0.554871213,10.07484551,0.092952025,0.082667788,4.152311023,0.216750635,3.935560387,0.75735453,0.299418423,10.09578933,3.945844624
SIPSEY,WENDELL_5,2022,S4,33.106423,-87.947001,1706.802164,14,Opportunistic,Lampsilini,LORN,4.667510639,3.395018935,69.70436762,8.064795334,61.63957229,0,0,0,0,0,11.45981427,0,62.91206399,0,2.33375532,1.697509467,34.85218381,4.032397667,30.81978614,0,0,0,0,0,5.729907134,0,31.456032,0
SIPSEY,WENDELL_5,2022,S4,33.106423,-87.947001,1706.802164,14,Periodic,Lampsilini,OREF,0,0,0,0,0,0,0,0,0,0,0,0,0,0,0,0,0,0,0,0,0,0,0,0,0,0,0,NA
SIPSEY,WENDELL_5,2022,S4,33.106423,-87.947001,1706.802164,14,Equilibrium,Pleurobemini,PDEC,7.190842664,5.960615858,395.1960489,21.61722388,373.5788251,1.015948345,0.842924926,55.85707398,3.055381946,52.80169203,27.57783974,3.898306872,374.8090519,52.97471545,3.595421332,2.980307929,197.5980245,10.80861194,186.7894125,0.507974173,0.421462463,27.92853699,1.527690973,26.40084601,13.78891987,1.949153436,187.4045259,26.48735772
SIPSEY,WENDELL_5,2022,S4,33.106423,-87.947001,1706.802164,14,Equilibrium,Quadrulini,PKIE,2.440860084,2.163445983,91.64744883,6.836899682,84.81054914,0.342868665,0.304419965,12.5219754,0.934139365,11.58783604,9.000345665,1.23855933,85.08796325,11.62628474,1.220430042,1.081722991,45.82372441,3.418449841,42.40527457,0.171434333,0.152209982,6.260987701,0.467069683,5.793918019,4.500172833,0.619279665,42.54398162,5.813142369
SIPSEY,WENDELL_5,2022,S4,33.106423,-87.947001,1706.802164,14,Periodic,Lampsilini,LSTR,0,0,0,0,0,0,0,0,0,0,0,0,0,0,0,0,0,0,0,0,0,0,0,0,0,0,0,NA
SIPSEY,WENDELL_5,2022,S4,33.106423,-87.947001,1706.802164,14,Periodic,Lampsilini,MACU,0.113798599,0.097309197,1.392137009,0.08199687,1.310140139,0.037435804,0.031628556,0.459208301,0.027047369,0.432160932,0.179306067,0.058675925,1.326629541,0.43796818,0.056899299,0.048654598,0.696068504,0.040998435,0.655070069,0.018717902,0.015814278,0.229604151,0.013523684,0.216080466,0.089653033,0.029337962,0.66331477,0.21898409
SIPSEY,WENDELL_5,2022,S4,33.106423,-87.947001,1706.802164,14,Periodic,Lampsilini,OUNI,1.553854833,1.212202583,64.38671905,3.843887127,60.54283192,0.18982386,0.145261505,7.478156886,0.446445966,7.03171092,5.05608971,0.591707471,60.88448417,7.076273275,0.776927417,0.606101292,32.19335952,1.921943564,30.27141596,0.09491193,0.072630753,3.739078443,0.223222983,3.51585546,2.528044855,0.295853736,30.44224209,3.538136638
SIPSEY,WENDELL_5,2022,S4,33.106423,-87.947001,1706.802164,14,Equilibrium,Quadrulini,QVER,0.824391644,0.517340708,25.86196404,1.587924592,24.27403945,0.290280733,0.211984724,8.965127043,0.5504588,8.414668243,2.1052653,0.762443525,24.58109038,8.492964252,0.412195822,0.258670354,12.93098202,0.793962296,12.13701972,0.145140366,0.105992362,4.482563522,0.2752294,4.207334121,1.05263265,0.381221762,12.29054519,4.246482126
SIPSEY,WENDELL_5,2022,S4,33.106423,-87.947001,1706.802164,14,Periodic,Pleurobemini,EARC,0.524242187,0.435553248,14.48640213,0.715628265,13.77077387,0.229926817,0.19125864,6.790448672,0.335448164,6.455000508,1.151181513,0.526706804,13.85946281,6.493668684,0.262121093,0.217776624,7.243201066,0.357814133,6.885386934,0.114963408,0.09562932,3.395224336,0.167724082,3.227500254,0.575590757,0.263353402,6.929731403,3.246834342
SIPSEY,WENDELL_5,2022,S4,33.106423,-87.947001,1706.802164,14,Equilibrium,Amblemini,APLI,0.115753989,0.107807444,6.400649002,0.458926533,5.941722469,0.058782514,0.053339643,3.051839948,0.218816924,2.833023024,0.566733978,0.272156567,5.949669013,2.838465895,0.057876994,0.053903722,3.200324501,0.229463267,2.970861234,0.029391257,0.026669821,1.525919974,0.109408462,1.416511512,0.283366989,0.136078284,2.974834507,1.419232948
SIPSEY,WENDELL_5,2022,S4,33.106423,-87.947001,1706.802164,14,Equilibrium,Pleurobemini,REBE,0,0,0,0,0,0,0,0,0,0,0,0,0,0,0,0,0,0,0,0,0,0,0,0,0,0,0,NA
SIPSEY,WENDELL_5,2022,S4,33.106423,-87.947001,1706.802164,14,Equilibrium,Quadrulini,QQUA,0,0,0,0,0,0,0,0,0,0,0,0,0,0,0,0,0,0,0,0,0,0,0,0,0,0,0,NA
SIPSEY,WENDELL_5,2022,S4,33.106423,-87.947001,1706.802164,14,Opportunistic,Lampsilini,TDON,0.018099255,0.015206994,0.27883146,0.016980836,0.261850624,0.018098852,0.015206655,0.278828584,0.016980661,0.261847923,0.03218783,0.032187316,0.264742885,0.26474012,0.009049628,0.007603497,0.13941573,0.008490418,0.130925312,0.009049426,0.007603328,0.139414292,0.00849033,0.130923962,0.016093915,0.016093658,0.132371443,0.13237006
SIPSEY,WENDELL_5,2022,S4,33.106423,-87.947001,1706.802164,14,Equilibrium,Quadrulini,MNER,0,0,0,0,0,0,0,0,0,0,0,0,0,0,0,0,0,0,0,0,0,0,0,0,0,0,0,NA
SIPSEY,WENDELL_5,2022,S4,33.106423,-87.947001,1706.802164,14,Periodic,Lampsilini,LLIE,0,0,0,0,0,0,0,0,0,0,0,0,0,0,0,0,0,0,0,0,0,0,0,0,0,0,0,NA
SIPSEY,WENDELL_5,2022,S4,33.106423,-87.947001,1706.802164,14,Periodic,Lampsilini,ELIN,0.550594138,0.462609194,10.32573,0.628836957,9.696893039,0.240455465,0.202030681,4.737922746,0.288539495,4.449383251,1.091446151,0.490570177,9.784877982,4.487808034,0.275297069,0.231304597,5.162864998,0.314418478,4.848446519,0.120227732,0.101015341,2.368961373,0.144269748,2.224691626,0.545723076,0.245285088,4.892438991,2.243904017
SIPSEY,WENDELL_5,2022,S4,33.106423,-87.947001,1706.802164,14,Opportunistic,Lampsilini,PFRA,0,0,0,0,0,0,0,0,0,0,0,0,0,0,0,0,0,0,0,0,0,0,0,0,0,0,0,NA
SIPSEY,WENDELL_5,2022,S4,33.106423,-87.947001,1706.802164,14,Opportunistic,Lampsilini,LREC,0,0,0,0,0,0,0,0,0,0,0,0,0,0,0,0,0,0,0,0,0,0,0,0,0,0,0,NA
SIPSEY,WENDELL_5,2022,S4,33.106423,-87.947001,1706.802164,14,Periodic,Lampsilini,OARK,0,0,0,0,0,0,0,0,0,0,0,0,0,0,0,0,0,0,0,0,0,0,0,0,0,0,0,NA
SIPSEY,WENDELL_5,2022,S4,33.106423,-87.947001,1706.802164,14,Opportunistic,Lampsilini,PINF,0,0,0,0,0,0,0,0,0,0,0,0,0,0,0,0,0,0,0,0,0,0,0,0,0,0,0,NA
SIPSEY,WENDELL_5,2022,S4,33.106423,-87.947001,1706.802164,14,Equilibrium,Pleurobemini,PPER,0.044593037,0.037970589,2.479333741,0.135619556,2.343714185,0.028050165,0.023708542,1.554630181,0.085038271,1.46959191,0.173590144,0.108746813,2.350336634,1.473933533,0.022296519,0.018985294,1.23966687,0.067809778,1.171857093,0.014025082,0.011854271,0.777315091,0.042519135,0.734795955,0.086795072,0.054373406,1.175168317,0.736966767
SIPSEY,WENDELL_5,2022,S4,33.106423,-87.947001,1706.802164,14,Opportunistic,Lampsilini,LTER,0,0,0,0,0,0,0,0,0,0,0,0,0,0,0,0,0,0,0,0,0,0,0,0,0,0,0,NA
SIPSEY,WENDELL_5,2022,S4,33.106423,-87.947001,1706.802164,14,Periodic,Alasmodontini,SSUB,0,0,0,0,0,0,0,0,0,0,0,0,0,0,0,0,0,0,0,0,0,0,0,0,0,0,0,NA
SIPSEY,WENDELL_5,2022,S4,33.106423,-87.947001,1706.802164,14,Opportunistic,Lampsilini,TPAR,0,0,0,0,0,0,0,0,0,0,0,0,0,0,0,0,0,0,0,0,0,0,0,0,0,0,0,NA
SIPSEY,WENDELL_5,2022,S4,33.106423,-87.947001,1706.802164,14,Opportunistic,Lampsilini,PPUR,0,0,0,0,0,0,0,0,0,0,0,0,0,0,0,0,0,0,0,0,0,0,0,0,0,0,0,NA
SIPSEY,WENDELL_5,2022,S4,33.106423,-87.947001,1706.802164,14,Periodic,Lampsilini,HPER,0,0,0,0,0,0,0,0,0,0,0,0,0,0,0,0,0,0,0,0,0,0,0,0,0,0,0,NA
SIPSEY,WENDELL_5,2022,S4,33.106423,-87.947001,1706.802164,14,Periodic,Lampsilini,VVIB,0,0,0,0,0,0,0,0,0,0,0,0,0,0,0,0,0,0,0,0,0,0,0,0,0,0,0,NA
SIPSEY,WENDELL_5,2022,S4,33.106423,-87.947001,1706.802164,14,Periodic,Pleurobemini,ECRA,0,0,0,0,0,0,0,0,0,0,0,0,0,0,0,0,0,0,0,0,0,0,0,0,0,0,0,NA
SIPSEY,WENDELL_5,2022,S4,33.106423,-87.947001,1706.802164,14,Opportunistic,Lampsilini,TTRU,0,0,0,0,0,0,0,0,0,0,0,0,0,0,0,0,0,0,0,0,0,0,0,0,0,0,0,NA
SIPSEY,WENDELL_5,2022,S4,33.106423,-87.947001,1706.802164,14,NA,Lampsilini,LAMP,0,0,0,0,0,0,0,0,0,0,0,0,0,0,0,0,0,0,0,0,0,0,0,0,0,0,0,NA
SIPSEY,WENDELL_5,2022,S4,33.106423,-87.947001,1706.802164,14,Periodic,Anodontini,LCOM,0,0,0,0,0,0,0,0,0,0,0,0,0,0,0,0,0,0,0,0,0,0,0,0,0,0,0,NA
SIPSEY,WENDELL_5,2022,S4,33.106423,-87.947001,1706.802164,15,NA,Corbicula,CFLU,0.021533423,0.014338437,0.578136564,0.016823774,0.56131279,0.021533423,0.014338437,0.578136564,0.016823774,0.56131279,0.031162211,0.031162211,0.568507776,0.568507776,0.010766711,0.007169218,0.289068282,0.008411887,0.280656395,0.010766711,0.007169218,0.289068282,0.008411887,0.280656395,0.015581105,0.015581105,0.284253888,0.284253888
SIPSEY,WENDELL_5,2022,S4,33.106423,-87.947001,1706.802164,15,Equilibrium,Pleurobemini,FCER,0,0,0,0,0,0,0,0,0,0,0,0,0,0,0,0,0,0,0,0,0,0,0,0,0,0,0,NA
SIPSEY,WENDELL_5,2022,S4,33.106423,-87.947001,1706.802164,15,Opportunistic,Lampsilini,LORN,3.680880959,2.742584163,45.94640972,5.315999605,40.63041012,0,0,0,0,0,8.058583768,0,41.56870691,0,1.840440479,1.371292082,22.97320486,2.657999802,20.31520506,0,0,0,0,0,4.029291884,0,20.78435346,0
SIPSEY,WENDELL_5,2022,S4,33.106423,-87.947001,1706.802164,15,Periodic,Lampsilini,OREF,0.780457161,0.670687376,36.24476787,1.493284436,34.75148343,0.043556108,0.036553083,1.821469035,0.075044524,1.746424511,2.163971812,0.111597607,34.86125322,1.753427536,0.39022858,0.335343688,18.12238393,0.746642218,17.37574172,0.021778054,0.018276541,0.910734517,0.037522262,0.873212255,1.081985906,0.055798804,17.43062661,0.876713768
SIPSEY,WENDELL_5,2022,S4,33.106423,-87.947001,1706.802164,15,Equilibrium,Pleurobemini,PDEC,6.075063142,5.024775879,333.5619227,18.24583717,315.3160855,0.653049642,0.541949396,35.90874469,1.964208334,33.94453635,23.27061305,2.50615773,316.3663728,34.0556366,3.037531571,2.51238794,166.7809613,9.122918585,157.6580427,0.326524821,0.270974698,17.95437234,0.982104167,16.97226818,11.63530652,1.253078865,158.1831864,17.0278183
SIPSEY,WENDELL_5,2022,S4,33.106423,-87.947001,1706.802164,15,Equilibrium,Quadrulini,PKIE,3.692267021,3.266756092,141.9065829,10.58623108,131.3203518,0.633730759,0.561747326,23.79206322,1.774887916,22.0171753,13.85298718,2.336635242,131.7458627,22.08915874,1.846133511,1.633378046,70.95329144,5.293115542,65.6601759,0.31686538,0.280873663,11.89603161,0.887443958,11.00858765,6.926493588,1.168317621,65.87293137,11.04457937
SIPSEY,WENDELL_5,2022,S4,33.106423,-87.947001,1706.802164,15,Periodic,Lampsilini,LSTR,0,0,0,0,0,0,0,0,0,0,0,0,0,0,0,0,0,0,0,0,0,0,0,0,0,0,0,NA
SIPSEY,WENDELL_5,2022,S4,33.106423,-87.947001,1706.802164,15,Periodic,Lampsilini,MACU,0.20355296,0.170738064,2.49924668,0.147205629,2.35204105,0.117521682,0.101981604,1.43261324,0.08438092,1.348232321,0.317943694,0.186362523,2.384855946,1.363772399,0.10177648,0.085369032,1.24962334,0.073602815,1.176020525,0.058760841,0.050990802,0.71630662,0.04219046,0.67411616,0.158971847,0.093181262,1.192427973,0.6818862
SIPSEY,WENDELL_5,2022,S4,33.106423,-87.947001,1706.802164,15,Periodic,Lampsilini,OUNI,1.25396324,0.981103225,52.39064955,3.127721778,49.26292777,0.137149457,0.106134015,5.521422166,0.329628903,5.191793263,4.108825003,0.435762918,49.53578779,5.222808705,0.62698162,0.490551612,26.19532477,1.563860889,24.63146389,0.068574728,0.053067007,2.760711083,0.164814452,2.595896631,2.054412501,0.217881459,24.76789389,2.611404352
SIPSEY,WENDELL_5,2022,S4,33.106423,-87.947001,1706.802164,15,Equilibrium,Quadrulini,QVER,0.74105074,0.394963225,23.59541732,1.448758624,22.1466587,0.408360276,0.243811089,12.84690645,0.788800056,12.05810639,1.843721848,1.032611145,22.49274621,12.22265558,0.37052537,0.197481612,11.79770866,0.724379312,11.07332935,0.204180138,0.121905545,6.423453224,0.394400028,6.029053196,0.921860924,0.516305572,11.24637311,6.111327789
SIPSEY,WENDELL_5,2022,S4,33.106423,-87.947001,1706.802164,15,Periodic,Pleurobemini,EARC,0,0,0,0,0,0,0,0,0,0,0,0,0,0,0,0,0,0,0,0,0,0,0,0,0,0,0,NA
SIPSEY,WENDELL_5,2022,S4,33.106423,-87.947001,1706.802164,15,Equilibrium,Amblemini,APLI,0,0,0,0,0,0,0,0,0,0,0,0,0,0,0,0,0,0,0,0,0,0,0,0,0,0,0,NA
SIPSEY,WENDELL_5,2022,S4,33.106423,-87.947001,1706.802164,15,Equilibrium,Pleurobemini,REBE,0,0,0,0,0,0,0,0,0,0,0,0,0,0,0,0,0,0,0,0,0,0,0,0,0,0,0,NA
SIPSEY,WENDELL_5,2022,S4,33.106423,-87.947001,1706.802164,15,Equilibrium,Quadrulini,QQUA,0,0,0,0,0,0,0,0,0,0,0,0,0,0,0,0,0,0,0,0,0,0,0,0,0,0,0,NA
SIPSEY,WENDELL_5,2022,S4,33.106423,-87.947001,1706.802164,15,Opportunistic,Lampsilini,TDON,0.007317132,0.006147854,0.105617343,0.006432096,0.099185247,0.007317132,0.006147854,0.105617343,0.006432096,0.099185247,0.01257995,0.01257995,0.100354524,0.100354524,0.003658566,0.003073927,0.052808671,0.003216048,0.049592623,0.003658566,0.003073927,0.052808671,0.003216048,0.049592623,0.006289975,0.006289975,0.050177262,0.050177262
SIPSEY,WENDELL_5,2022,S4,33.106423,-87.947001,1706.802164,15,Equilibrium,Quadrulini,MNER,0,0,0,0,0,0,0,0,0,0,0,0,0,0,0,0,0,0,0,0,0,0,0,0,0,0,0,NA
SIPSEY,WENDELL_5,2022,S4,33.106423,-87.947001,1706.802164,15,Periodic,Lampsilini,LLIE,0,0,0,0,0,0,0,0,0,0,0,0,0,0,0,0,0,0,0,0,0,0,0,0,0,0,0,NA
SIPSEY,WENDELL_5,2022,S4,33.106423,-87.947001,1706.802164,15,Periodic,Lampsilini,ELIN,0,0,0,0,0,0,0,0,0,0,0,0,0,0,0,0,0,0,0,0,0,0,0,0,0,0,0,NA
SIPSEY,WENDELL_5,2022,S4,33.106423,-87.947001,1706.802164,15,Opportunistic,Lampsilini,PFRA,0,0,0,0,0,0,0,0,0,0,0,0,0,0,0,0,0,0,0,0,0,0,0,0,0,0,0,NA
SIPSEY,WENDELL_5,2022,S4,33.106423,-87.947001,1706.802164,15,Opportunistic,Lampsilini,LREC,0,0,0,0,0,0,0,0,0,0,0,0,0,0,0,0,0,0,0,0,0,0,0,0,0,0,0,NA
SIPSEY,WENDELL_5,2022,S4,33.106423,-87.947001,1706.802164,15,Periodic,Lampsilini,OARK,0,0,0,0,0,0,0,0,0,0,0,0,0,0,0,0,0,0,0,0,0,0,0,0,0,0,0,NA
SIPSEY,WENDELL_5,2022,S4,33.106423,-87.947001,1706.802164,15,Opportunistic,Lampsilini,PINF,0,0,0,0,0,0,0,0,0,0,0,0,0,0,0,0,0,0,0,0,0,0,0,0,0,0,0,NA
SIPSEY,WENDELL_5,2022,S4,33.106423,-87.947001,1706.802164,15,Equilibrium,Pleurobemini,PPER,0.034006524,0.029054664,1.893499832,0.103574441,1.789925392,0.023762238,0.020169656,1.319388287,0.072170539,1.247217748,0.132629105,0.092340196,1.794877251,1.25081033,0.017003262,0.014527332,0.946749916,0.05178722,0.894962696,0.011881119,0.010084828,0.659694144,0.03608527,0.623608874,0.066314553,0.046170098,0.897438625,0.625405165
SIPSEY,WENDELL_5,2022,S4,33.106423,-87.947001,1706.802164,15,Opportunistic,Lampsilini,LTER,0,0,0,0,0,0,0,0,0,0,0,0,0,0,0,0,0,0,0,0,0,0,0,0,0,0,0,NA
SIPSEY,WENDELL_5,2022,S4,33.106423,-87.947001,1706.802164,15,Periodic,Alasmodontini,SSUB,0,0,0,0,0,0,0,0,0,0,0,0,0,0,0,0,0,0,0,0,0,0,0,0,0,0,0,NA
SIPSEY,WENDELL_5,2022,S4,33.106423,-87.947001,1706.802164,15,Opportunistic,Lampsilini,TPAR,0,0,0,0,0,0,0,0,0,0,0,0,0,0,0,0,0,0,0,0,0,0,0,0,0,0,0,NA
SIPSEY,WENDELL_5,2022,S4,33.106423,-87.947001,1706.802164,15,Opportunistic,Lampsilini,PPUR,0,0,0,0,0,0,0,0,0,0,0,0,0,0,0,0,0,0,0,0,0,0,0,0,0,0,0,NA
SIPSEY,WENDELL_5,2022,S4,33.106423,-87.947001,1706.802164,15,Periodic,Lampsilini,HPER,2.283136892,1.774769763,40.60424853,2.47685916,38.12738937,0,0,0,0,0,4.251628923,0,38.6357565,0,1.141568446,0.887384881,20.30212426,1.23842958,19.06369468,0,0,0,0,0,2.125814462,0,19.31787825,0
SIPSEY,WENDELL_5,2022,S4,33.106423,-87.947001,1706.802164,15,Periodic,Lampsilini,VVIB,0,0,0,0,0,0,0,0,0,0,0,0,0,0,0,0,0,0,0,0,0,0,0,0,0,0,0,NA
SIPSEY,WENDELL_5,2022,S4,33.106423,-87.947001,1706.802164,15,Periodic,Pleurobemini,ECRA,0,0,0,0,0,0,0,0,0,0,0,0,0,0,0,0,0,0,0,0,0,0,0,0,0,0,0,NA
SIPSEY,WENDELL_5,2022,S4,33.106423,-87.947001,1706.802164,15,Opportunistic,Lampsilini,TTRU,0,0,0,0,0,0,0,0,0,0,0,0,0,0,0,0,0,0,0,0,0,0,0,0,0,0,0,NA
SIPSEY,WENDELL_5,2022,S4,33.106423,-87.947001,1706.802164,15,NA,Lampsilini,LAMP,0,0,0,0,0,0,0,0,0,0,0,0,0,0,0,0,0,0,0,0,0,0,0,0,0,0,0,NA
SIPSEY,WENDELL_5,2022,S4,33.106423,-87.947001,1706.802164,15,Periodic,Anodontini,LCOM,0,0,0,0,0,0,0,0,0,0,0,0,0,0,0,0,0,0,0,0,0,0,0,0,0,0,0,NA
SIPSEY,WENDELL_5,2022,S4,33.106423,-87.947001,1706.802164,16,NA,Corbicula,CFLU,0.186992413,0.16112203,9.342890021,0.2718781,9.071011921,0.162838549,0.143655599,8.554162855,0.248926139,8.305236715,0.43300013,0.392581738,9.096882305,8.324419665,0.093496207,0.080561015,4.67144501,0.13593905,4.535505961,0.081419275,0.0718278,4.277081427,0.12446307,4.152618358,0.216500065,0.196290869,4.548441152,4.162209833
SIPSEY,WENDELL_5,2022,S4,33.106423,-87.947001,1706.802164,16,Equilibrium,Pleurobemini,FCER,1.979077413,1.688450899,77.38775338,4.039640726,73.34811265,0.062336038,0.051411418,2.174046717,0.113485239,2.060561478,5.728091625,0.164896656,73.63873917,2.071486099,0.989538706,0.844225449,38.69387669,2.019820363,36.67405633,0.031168019,0.025705709,1.087023358,0.056742619,1.030280739,2.864045813,0.082448328,36.81936958,1.035743049
SIPSEY,WENDELL_5,2022,S4,33.106423,-87.947001,1706.802164,16,Opportunistic,Lampsilini,LORN,0,0,0,0,0,0,0,0,0,0,0,0,0,0,0,0,0,0,0,0,0,0,0,0,0,0,0,NA
SIPSEY,WENDELL_5,2022,S4,33.106423,-87.947001,1706.802164,16,Periodic,Lampsilini,OREF,0.738984789,0.637753605,34.99577514,1.441825936,33.55394921,0.069152029,0.059630154,3.292367704,0.135645549,3.156722155,2.07957954,0.195275703,33.65518039,3.16624403,0.369492394,0.318876802,17.49788757,0.720912968,16.7769746,0.034576015,0.029815077,1.646183852,0.067822775,1.578361077,1.03978977,0.097637852,16.8275902,1.583122015
SIPSEY,WENDELL_5,2022,S4,33.106423,-87.947001,1706.802164,16,Equilibrium,Pleurobemini,PDEC,4.562410066,3.778027703,250.6328848,13.7096188,236.923266,0.543013612,0.450603363,29.85672141,1.633162661,28.22355875,17.4876465,2.083766024,237.7076484,28.315969,2.281205033,1.889013852,125.3164424,6.854809399,118.461633,0.271506806,0.225301682,14.92836071,0.816581331,14.11177937,8.743823251,1.041883012,118.8538242,14.1579845
SIPSEY,WENDELL_5,2022,S4,33.106423,-87.947001,1706.802164,16,Equilibrium,Quadrulini,PKIE,2.92155236,2.593736444,107.0796086,7.988138802,99.09146981,0.314106342,0.280816747,10.4454331,0.77922931,9.666203795,10.58187525,1.060046056,99.41928572,9.69949339,1.46077618,1.296868222,53.5398043,3.994069401,49.5457349,0.157053171,0.140408373,5.222716552,0.389614655,4.833101898,5.290937623,0.530023028,49.70964286,4.849746695
SIPSEY,WENDELL_5,2022,S4,33.106423,-87.947001,1706.802164,16,Periodic,Lampsilini,LSTR,0,0,0,0,0,0,0,0,0,0,0,0,0,0,0,0,0,0,0,0,0,0,0,0,0,0,0,NA
SIPSEY,WENDELL_5,2022,S4,33.106423,-87.947001,1706.802164,16,Periodic,Lampsilini,MACU,0.124043985,0.101709126,1.530315504,0.090135583,1.440179921,0.086544373,0.07228183,1.063583172,0.062645049,1.000938124,0.191844709,0.134926879,1.46251478,1.015200666,0.062021993,0.050854563,0.765157752,0.045067792,0.72008996,0.043272187,0.036140915,0.531791586,0.031322524,0.500469062,0.095922354,0.06746344,0.73125739,0.507600333
SIPSEY,WENDELL_5,2022,S4,33.106423,-87.947001,1706.802164,16,Periodic,Lampsilini,OUNI,1.71270422,1.337456483,70.96843461,4.236815546,66.73161907,0.187365743,0.151709018,8.609921527,0.514012315,8.095909212,5.574272029,0.665721333,67.1068668,8.131565936,0.85635211,0.668728241,35.48421731,2.118407773,33.36580953,0.093682871,0.075854509,4.304960763,0.257006158,4.047954606,2.787136015,0.332860666,33.5534334,4.065782968
SIPSEY,WENDELL_5,2022,S4,33.106423,-87.947001,1706.802164,16,Equilibrium,Quadrulini,QVER,0.132036149,0.055920212,4.29147246,0.263496409,4.027976051,0.108699287,0.049107224,3.507115351,0.215336883,3.291778469,0.319416621,0.264444106,4.104091988,3.351370532,0.066018075,0.027960106,2.14573623,0.131748205,2.013988025,0.054349644,0.024553612,1.753557676,0.107668441,1.645889234,0.159708311,0.132222053,2.052045994,1.675685266
SIPSEY,WENDELL_5,2022,S4,33.106423,-87.947001,1706.802164,16,Periodic,Pleurobemini,EARC,0,0,0,0,0,0,0,0,0,0,0,0,0,0,0,0,0,0,0,0,0,0,0,0,0,0,0,NA
SIPSEY,WENDELL_5,2022,S4,33.106423,-87.947001,1706.802164,16,Equilibrium,Amblemini,APLI,0,0,0,0,0,0,0,0,0,0,0,0,0,0,0,0,0,0,0,0,0,0,0,0,0,0,0,NA
SIPSEY,WENDELL_5,2022,S4,33.106423,-87.947001,1706.802164,16,Equilibrium,Pleurobemini,REBE,0,0,0,0,0,0,0,0,0,0,0,0,0,0,0,0,0,0,0,0,0,0,0,0,0,0,0,NA
SIPSEY,WENDELL_5,2022,S4,33.106423,-87.947001,1706.802164,16,Equilibrium,Quadrulini,QQUA,0,0,0,0,0,0,0,0,0,0,0,0,0,0,0,0,0,0,0,0,0,0,0,0,0,0,0,NA
SIPSEY,WENDELL_5,2022,S4,33.106423,-87.947001,1706.802164,16,Opportunistic,Lampsilini,TDON,0,0,0,0,0,0,0,0,0,0,0,0,0,0,0,0,0,0,0,0,0,0,0,0,0,0,0,NA
SIPSEY,WENDELL_5,2022,S4,33.106423,-87.947001,1706.802164,16,Equilibrium,Quadrulini,MNER,0,0,0,0,0,0,0,0,0,0,0,0,0,0,0,0,0,0,0,0,0,0,0,0,0,0,0,NA
SIPSEY,WENDELL_5,2022,S4,33.106423,-87.947001,1706.802164,16,Periodic,Lampsilini,LLIE,0,0,0,0,0,0,0,0,0,0,0,0,0,0,0,0,0,0,0,0,0,0,0,0,0,0,0,NA
SIPSEY,WENDELL_5,2022,S4,33.106423,-87.947001,1706.802164,16,Periodic,Lampsilini,ELIN,0,0,0,0,0,0,0,0,0,0,0,0,0,0,0,0,0,0,0,0,0,0,0,0,0,0,0,NA
SIPSEY,WENDELL_5,2022,S4,33.106423,-87.947001,1706.802164,16,Opportunistic,Lampsilini,PFRA,0,0,0,0,0,0,0,0,0,0,0,0,0,0,0,0,0,0,0,0,0,0,0,0,0,0,0,NA
SIPSEY,WENDELL_5,2022,S4,33.106423,-87.947001,1706.802164,16,Opportunistic,Lampsilini,LREC,0,0,0,0,0,0,0,0,0,0,0,0,0,0,0,0,0,0,0,0,0,0,0,0,0,0,0,NA
SIPSEY,WENDELL_5,2022,S4,33.106423,-87.947001,1706.802164,16,Periodic,Lampsilini,OARK,0,0,0,0,0,0,0,0,0,0,0,0,0,0,0,0,0,0,0,0,0,0,0,0,0,0,0,NA
SIPSEY,WENDELL_5,2022,S4,33.106423,-87.947001,1706.802164,16,Opportunistic,Lampsilini,PINF,0,0,0,0,0,0,0,0,0,0,0,0,0,0,0,0,0,0,0,0,0,0,0,0,0,0,0,NA
SIPSEY,WENDELL_5,2022,S4,33.106423,-87.947001,1706.802164,16,Equilibrium,Pleurobemini,PPER,0,0,0,0,0,0,0,0,0,0,0,0,0,0,0,0,0,0,0,0,0,0,0,0,0,0,0,NA
SIPSEY,WENDELL_5,2022,S4,33.106423,-87.947001,1706.802164,16,Opportunistic,Lampsilini,LTER,0,0,0,0,0,0,0,0,0,0,0,0,0,0,0,0,0,0,0,0,0,0,0,0,0,0,0,NA
SIPSEY,WENDELL_5,2022,S4,33.106423,-87.947001,1706.802164,16,Periodic,Alasmodontini,SSUB,0,0,0,0,0,0,0,0,0,0,0,0,0,0,0,0,0,0,0,0,0,0,0,0,0,0,0,NA
SIPSEY,WENDELL_5,2022,S4,33.106423,-87.947001,1706.802164,16,Opportunistic,Lampsilini,TPAR,0,0,0,0,0,0,0,0,0,0,0,0,0,0,0,0,0,0,0,0,0,0,0,0,0,0,0,NA
SIPSEY,WENDELL_5,2022,S4,33.106423,-87.947001,1706.802164,16,Opportunistic,Lampsilini,PPUR,0,0,0,0,0,0,0,0,0,0,0,0,0,0,0,0,0,0,0,0,0,0,0,0,0,0,0,NA
SIPSEY,WENDELL_5,2022,S4,33.106423,-87.947001,1706.802164,16,Periodic,Lampsilini,HPER,0,0,0,0,0,0,0,0,0,0,0,0,0,0,0,0,0,0,0,0,0,0,0,0,0,0,0,NA
SIPSEY,WENDELL_5,2022,S4,33.106423,-87.947001,1706.802164,16,Periodic,Lampsilini,VVIB,0,0,0,0,0,0,0,0,0,0,0,0,0,0,0,0,0,0,0,0,0,0,0,0,0,0,0,NA
SIPSEY,WENDELL_5,2022,S4,33.106423,-87.947001,1706.802164,16,Periodic,Pleurobemini,ECRA,0,0,0,0,0,0,0,0,0,0,0,0,0,0,0,0,0,0,0,0,0,0,0,0,0,0,0,NA
SIPSEY,WENDELL_5,2022,S4,33.106423,-87.947001,1706.802164,16,Opportunistic,Lampsilini,TTRU,0,0,0,0,0,0,0,0,0,0,0,0,0,0,0,0,0,0,0,0,0,0,0,0,0,0,0,NA
SIPSEY,WENDELL_5,2022,S4,33.106423,-87.947001,1706.802164,16,NA,Lampsilini,LAMP,0,0,0,0,0,0,0,0,0,0,0,0,0,0,0,0,0,0,0,0,0,0,0,0,0,0,0,NA
SIPSEY,WENDELL_5,2022,S4,33.106423,-87.947001,1706.802164,16,Periodic,Anodontini,LCOM,0,0,0,0,0,0,0,0,0,0,0,0,0,0,0,0,0,0,0,0,0,0,0,0,0,0,0,NA
SIPSEY,WENDELL_5,2022,S4,33.106423,-87.947001,1706.802164,2,NA,Corbicula,CFLU,0.142536369,0.106782612,5.098311369,0.148360861,4.949950508,0.082151708,0.063116535,3.126493453,0.090980959,3.035512494,0.255143473,0.154097494,4.985704265,3.054547667,0.057014547,0.042713045,2.039324548,0.059344344,1.979980203,0.032860683,0.025246614,1.250597381,0.036392384,1.214204997,0.102057389,0.061638998,1.994281706,1.221819067
SIPSEY,WENDELL_5,2022,S4,33.106423,-87.947001,1706.802164,2,Equilibrium,Pleurobemini,FCER,1.263328532,1.068460068,48.03004787,2.507168499,45.52287937,0,0,0,0,0,3.575628567,0,45.71774784,0,0.505331413,0.427384027,19.21201915,1.0028674,18.20915175,0,0,0,0,0,1.430251427,0,18.28709914,0
SIPSEY,WENDELL_5,2022,S4,33.106423,-87.947001,1706.802164,2,Opportunistic,Lampsilini,LORN,5.401216401,3.870998675,90.06240456,10.42022021,79.64218435,0,0,0,0,0,14.29121888,0,81.17240208,0,2.16048656,1.54839947,36.02496182,4.168088083,31.85687374,0,0,0,0,0,5.716487553,0,32.46896083,0
SIPSEY,WENDELL_5,2022,S4,33.106423,-87.947001,1706.802164,2,Periodic,Lampsilini,OREF,0,0,0,0,0,0,0,0,0,0,0,0,0,0,0,0,0,0,0,0,0,0,0,0,0,0,0,NA
SIPSEY,WENDELL_5,2022,S4,33.106423,-87.947001,1706.802164,2,Equilibrium,Pleurobemini,PDEC,4.5586214,3.772720815,250.3637745,13.69489847,236.668876,0.488308305,0.402724385,26.77830384,1.46477322,25.31353062,17.46761928,1.867497605,237.4547766,25.39911454,1.82344856,1.509088326,100.1455098,5.477959386,94.66755042,0.195323322,0.161089754,10.71132153,0.585909288,10.12541225,6.987047712,0.746999042,94.98191065,10.15964581
SIPSEY,WENDELL_5,2022,S4,33.106423,-87.947001,1706.802164,2,Equilibrium,Quadrulini,PKIE,1.736736873,1.546220078,61.51932908,4.589341949,56.92998713,0.109791342,0.097749471,3.843128282,0.28669737,3.556430912,6.135562027,0.384446841,57.12050392,3.568472783,0.694694749,0.618488031,24.60773163,1.83573678,22.77199485,0.043916537,0.039099789,1.537251313,0.114678948,1.422572365,2.454224811,0.153778736,22.84820157,1.427389113
SIPSEY,WENDELL_5,2022,S4,33.106423,-87.947001,1706.802164,2,Periodic,Lampsilini,LSTR,0,0,0,0,0,0,0,0,0,0,0,0,0,0,0,0,0,0,0,0,0,0,0,0,0,0,0,NA
SIPSEY,WENDELL_5,2022,S4,33.106423,-87.947001,1706.802164,2,Periodic,Lampsilini,MACU,0.021496909,0.017010454,0.267021595,0.015727572,0.251294023,0.020332816,0.016258655,0.251960477,0.014840472,0.237120005,0.032738026,0.031099127,0.255780478,0.241194166,0.008598764,0.006804182,0.106808638,0.006291029,0.100517609,0.008133126,0.006503462,0.100784191,0.005936189,0.094848002,0.013095211,0.012439651,0.102312191,0.096477666
SIPSEY,WENDELL_5,2022,S4,33.106423,-87.947001,1706.802164,2,Periodic,Lampsilini,OUNI,0.638095523,0.487655613,24.80620887,1.480930669,23.3252782,0.138953566,0.10954602,5.900950789,0.352286762,5.548664027,1.968586283,0.461832782,23.47571811,5.578071572,0.255238209,0.195062245,9.922483547,0.592372268,9.33011128,0.055581426,0.043818408,2.360380316,0.140914705,2.219465611,0.787434513,0.184733113,9.390287244,2.231228629
SIPSEY,WENDELL_5,2022,S4,33.106423,-87.947001,1706.802164,2,Equilibrium,Quadrulini,QVER,1.590767908,1.149571448,49.273461,3.025390505,46.24807049,0.315939339,0.271078776,9.616641304,0.590461776,9.026179528,4.174961953,0.861540552,46.68926695,9.071040091,0.636307163,0.459828579,19.7093844,1.210156202,18.4992282,0.126375736,0.10843151,3.846656522,0.23618471,3.610471811,1.669984781,0.344616221,18.67570678,3.628416036
SIPSEY,WENDELL_5,2022,S4,33.106423,-87.947001,1706.802164,2,Periodic,Pleurobemini,EARC,1.884082648,1.56912342,60.05470876,2.966702613,57.08800615,0.202652934,0.169080154,7.145959702,0.353010409,6.792949293,4.535826033,0.522090564,57.40296538,6.826522073,0.753633059,0.627649368,24.02188351,1.186681045,22.83520246,0.081061174,0.067632062,2.858383881,0.141204164,2.717179717,1.814330413,0.208836225,22.96118615,2.730608829
SIPSEY,WENDELL_5,2022,S4,33.106423,-87.947001,1706.802164,2,Equilibrium,Amblemini,APLI,0,0,0,0,0,0,0,0,0,0,0,0,0,0,0,0,0,0,0,0,0,0,0,0,0,0,0,NA
SIPSEY,WENDELL_5,2022,S4,33.106423,-87.947001,1706.802164,2,Equilibrium,Pleurobemini,REBE,0,0,0,0,0,0,0,0,0,0,0,0,0,0,0,0,0,0,0,0,0,0,0,0,0,0,0,NA
SIPSEY,WENDELL_5,2022,S4,33.106423,-87.947001,1706.802164,2,Equilibrium,Quadrulini,QQUA,0,0,0,0,0,0,0,0,0,0,0,0,0,0,0,0,0,0,0,0,0,0,0,0,0,0,0,NA
SIPSEY,WENDELL_5,2022,S4,33.106423,-87.947001,1706.802164,2,Opportunistic,Lampsilini,TDON,0.016065443,0.013498185,0.245386538,0.01494404,0.230442497,0.016065443,0.013498185,0.245386538,0.01494404,0.230442497,0.028442225,0.028442225,0.233009755,0.233009755,0.006426177,0.005399274,0.098154615,0.005977616,0.092176999,0.006426177,0.005399274,0.098154615,0.005977616,0.092176999,0.01137689,0.01137689,0.093203902,0.093203902
SIPSEY,WENDELL_5,2022,S4,33.106423,-87.947001,1706.802164,2,Equilibrium,Quadrulini,MNER,0,0,0,0,0,0,0,0,0,0,0,0,0,0,0,0,0,0,0,0,0,0,0,0,0,0,0,NA
SIPSEY,WENDELL_5,2022,S4,33.106423,-87.947001,1706.802164,2,Periodic,Lampsilini,LLIE,0,0,0,0,0,0,0,0,0,0,0,0,0,0,0,0,0,0,0,0,0,0,0,0,0,0,0,NA
SIPSEY,WENDELL_5,2022,S4,33.106423,-87.947001,1706.802164,2,Periodic,Lampsilini,ELIN,0,0,0,0,0,0,0,0,0,0,0,0,0,0,0,0,0,0,0,0,0,0,0,0,0,0,0,NA
SIPSEY,WENDELL_5,2022,S4,33.106423,-87.947001,1706.802164,2,Opportunistic,Lampsilini,PFRA,0,0,0,0,0,0,0,0,0,0,0,0,0,0,0,0,0,0,0,0,0,0,0,0,0,0,0,NA
SIPSEY,WENDELL_5,2022,S4,33.106423,-87.947001,1706.802164,2,Opportunistic,Lampsilini,LREC,0,0,0,0,0,0,0,0,0,0,0,0,0,0,0,0,0,0,0,0,0,0,0,0,0,0,0,NA
SIPSEY,WENDELL_5,2022,S4,33.106423,-87.947001,1706.802164,2,Periodic,Lampsilini,OARK,0,0,0,0,0,0,0,0,0,0,0,0,0,0,0,0,0,0,0,0,0,0,0,0,0,0,0,NA
SIPSEY,WENDELL_5,2022,S4,33.106423,-87.947001,1706.802164,2,Opportunistic,Lampsilini,PINF,0,0,0,0,0,0,0,0,0,0,0,0,0,0,0,0,0,0,0,0,0,0,0,0,0,0,0,NA
SIPSEY,WENDELL_5,2022,S4,33.106423,-87.947001,1706.802164,2,Equilibrium,Pleurobemini,PPER,0,0,0,0,0,0,0,0,0,0,0,0,0,0,0,0,0,0,0,0,0,0,0,0,0,0,0,NA
SIPSEY,WENDELL_5,2022,S4,33.106423,-87.947001,1706.802164,2,Opportunistic,Lampsilini,LTER,0,0,0,0,0,0,0,0,0,0,0,0,0,0,0,0,0,0,0,0,0,0,0,0,0,0,0,NA
SIPSEY,WENDELL_5,2022,S4,33.106423,-87.947001,1706.802164,2,Periodic,Alasmodontini,SSUB,0,0,0,0,0,0,0,0,0,0,0,0,0,0,0,0,0,0,0,0,0,0,0,0,0,0,0,NA
SIPSEY,WENDELL_5,2022,S4,33.106423,-87.947001,1706.802164,2,Opportunistic,Lampsilini,TPAR,0,0,0,0,0,0,0,0,0,0,0,0,0,0,0,0,0,0,0,0,0,0,0,0,0,0,0,NA
SIPSEY,WENDELL_5,2022,S4,33.106423,-87.947001,1706.802164,2,Opportunistic,Lampsilini,PPUR,0,0,0,0,0,0,0,0,0,0,0,0,0,0,0,0,0,0,0,0,0,0,0,0,0,0,0,NA
SIPSEY,WENDELL_5,2022,S4,33.106423,-87.947001,1706.802164,2,Periodic,Lampsilini,HPER,0,0,0,0,0,0,0,0,0,0,0,0,0,0,0,0,0,0,0,0,0,0,0,0,0,0,0,NA
SIPSEY,WENDELL_5,2022,S4,33.106423,-87.947001,1706.802164,2,Periodic,Lampsilini,VVIB,0,0,0,0,0,0,0,0,0,0,0,0,0,0,0,0,0,0,0,0,0,0,0,0,0,0,0,NA
SIPSEY,WENDELL_5,2022,S4,33.106423,-87.947001,1706.802164,2,Periodic,Pleurobemini,ECRA,0,0,0,0,0,0,0,0,0,0,0,0,0,0,0,0,0,0,0,0,0,0,0,0,0,0,0,NA
SIPSEY,WENDELL_5,2022,S4,33.106423,-87.947001,1706.802164,2,Opportunistic,Lampsilini,TTRU,0,0,0,0,0,0,0,0,0,0,0,0,0,0,0,0,0,0,0,0,0,0,0,0,0,0,0,NA
SIPSEY,WENDELL_5,2022,S4,33.106423,-87.947001,1706.802164,2,NA,Lampsilini,LAMP,0,0,0,0,0,0,0,0,0,0,0,0,0,0,0,0,0,0,0,0,0,0,0,0,0,0,0,NA
SIPSEY,WENDELL_5,2022,S4,33.106423,-87.947001,1706.802164,2,Periodic,Anodontini,LCOM,0,0,0,0,0,0,0,0,0,0,0,0,0,0,0,0,0,0,0,0,0,0,0,0,0,0,0,NA
SIPSEY,WENDELL_5,2022,S4,33.106423,-87.947001,1706.802164,3,NA,Corbicula,CFLU,0.227275654,0.163751838,7.394034166,0.215166394,7.178867772,0.154814061,0.111352546,5.027852667,0.146310513,4.881542154,0.378918233,0.257663059,7.242391588,4.92500367,0.090910262,0.065500735,2.957613667,0.086066558,2.871547109,0.061925625,0.044541018,2.011141067,0.058524205,1.952616862,0.151567293,0.103065223,2.896956635,1.970001468
SIPSEY,WENDELL_5,2022,S4,33.106423,-87.947001,1706.802164,3,Equilibrium,Pleurobemini,FCER,7.647519232,6.522491503,298.9811485,15.60681595,283.3743325,0.304940098,0.259992415,11.92388446,0.622426769,11.30145769,22.12930745,0.882419184,284.4993602,11.34640537,3.059007693,2.608996601,119.5924594,6.24272638,113.349733,0.121976039,0.103996966,4.769553782,0.248970707,4.520583075,8.851722981,0.352967673,113.7997441,4.538562148
SIPSEY,WENDELL_5,2022,S4,33.106423,-87.947001,1706.802164,3,Opportunistic,Lampsilini,LORN,0.043832244,0.051167181,0.019283484,0.002231099,0.017052385,0.043832244,0.051167181,0.019283484,0.002231099,0.017052385,0.05339828,0.05339828,0.009717449,0.009717449,0.017532898,0.020466872,0.007713394,0.00089244,0.006820954,0.017532898,0.020466872,0.007713394,0.00089244,0.006820954,0.021359312,0.021359312,0.00388698,0.00388698
SIPSEY,WENDELL_5,2022,S4,33.106423,-87.947001,1706.802164,3,Periodic,Lampsilini,OREF,0,0,0,0,0,0,0,0,0,0,0,0,0,0,0,0,0,0,0,0,0,0,0,0,0,0,0,NA
SIPSEY,WENDELL_5,2022,S4,33.106423,-87.947001,1706.802164,3,Equilibrium,Pleurobemini,PDEC,6.381509517,5.302503559,351.081707,19.20416937,331.8775376,1.102661329,0.913813004,60.59540883,3.314568863,57.28083997,24.50667293,4.228381867,332.9565436,57.46968829,2.552603807,2.121001424,140.4326828,7.681667748,132.751015,0.441064531,0.365525202,24.23816353,1.325827545,22.91233599,9.802669172,1.691352747,133.1826174,22.98787532
SIPSEY,WENDELL_5,2022,S4,33.106423,-87.947001,1706.802164,3,Equilibrium,Quadrulini,PKIE,2.397035632,2.13434394,84.92547079,6.335440121,78.59003067,0.182767887,0.162378181,6.566624513,0.489870189,6.076754324,8.469784061,0.65224837,78.85272236,6.09714403,0.958814253,0.853737576,33.97018832,2.534176048,31.43601227,0.073107155,0.064951272,2.626649805,0.195948075,2.43070173,3.387913625,0.260899348,31.54108895,2.438857612
SIPSEY,WENDELL_5,2022,S4,33.106423,-87.947001,1706.802164,3,Periodic,Lampsilini,LSTR,0,0,0,0,0,0,0,0,0,0,0,0,0,0,0,0,0,0,0,0,0,0,0,0,0,0,0,NA
SIPSEY,WENDELL_5,2022,S4,33.106423,-87.947001,1706.802164,3,Periodic,Lampsilini,MACU,0.301153328,0.262992486,3.667998459,0.216045109,3.451953349,0.068506598,0.059969309,0.833827753,0.049112455,0.784715298,0.479037595,0.109081764,3.490114191,0.793252587,0.120461331,0.105196994,1.467199383,0.086418044,1.38078134,0.027402639,0.023987724,0.333531101,0.019644982,0.313886119,0.191615038,0.043632705,1.396045677,0.317301035
SIPSEY,WENDELL_5,2022,S4,33.106423,-87.947001,1706.802164,3,Periodic,Lampsilini,OUNI,1.152283198,0.90062023,47.87805995,2.858320179,45.01973977,0.121645116,0.098394604,5.573716172,0.332750855,5.240965316,3.758940409,0.43114546,45.27140274,5.264215828,0.460913279,0.360248092,19.15122398,1.143328072,18.00789591,0.048658046,0.039357842,2.229486469,0.133100342,2.096386126,1.503576164,0.172458184,18.1085611,2.105686331
SIPSEY,WENDELL_5,2022,S4,33.106423,-87.947001,1706.802164,3,Equilibrium,Quadrulini,QVER,2.093975488,1.605189297,64.5162426,3.961297296,60.5549453,0.29405729,0.269520577,8.897471874,0.546304773,8.351167101,5.566486592,0.81582535,61.04373149,8.375703815,0.837590195,0.642075719,25.80649704,1.584518918,24.22197812,0.117622916,0.107808231,3.55898875,0.218521909,3.34046684,2.226594637,0.32633014,24.4174926,3.350281526
SIPSEY,WENDELL_5,2022,S4,33.106423,-87.947001,1706.802164,3,Periodic,Pleurobemini,EARC,1.537368919,1.278758244,45.49186753,2.247298256,43.24456927,0.42191786,0.351469221,13.5941162,0.67154934,12.92256686,3.5260565,1.023018561,43.50317994,12.9930155,0.614947567,0.511503298,18.19674701,0.898919302,17.29782771,0.168767144,0.140587688,5.437646481,0.268619736,5.169026745,1.4104226,0.409207425,17.40127198,5.197206201
SIPSEY,WENDELL_5,2022,S4,33.106423,-87.947001,1706.802164,3,Equilibrium,Amblemini,APLI,0,0,0,0,0,0,0,0,0,0,0,0,0,0,0,0,0,0,0,0,0,0,0,0,0,0,0,NA
SIPSEY,WENDELL_5,2022,S4,33.106423,-87.947001,1706.802164,3,Equilibrium,Pleurobemini,REBE,0,0,0,0,0,0,0,0,0,0,0,0,0,0,0,0,0,0,0,0,0,0,0,0,0,0,0,NA
SIPSEY,WENDELL_5,2022,S4,33.106423,-87.947001,1706.802164,3,Equilibrium,Quadrulini,QQUA,0,0,0,0,0,0,0,0,0,0,0,0,0,0,0,0,0,0,0,0,0,0,0,0,0,0,0,NA
SIPSEY,WENDELL_5,2022,S4,33.106423,-87.947001,1706.802164,3,Opportunistic,Lampsilini,TDON,0.021852674,0.018360616,0.341249228,0.020782078,0.32046715,0.021805116,0.018320659,0.340771348,0.020752975,0.320018373,0.039142694,0.039073634,0.323959208,0.323502831,0.008741069,0.007344247,0.136499691,0.008312831,0.12818686,0.008722046,0.007328263,0.136308539,0.00830119,0.128007349,0.015657078,0.015629454,0.129583683,0.129401132
SIPSEY,WENDELL_5,2022,S4,33.106423,-87.947001,1706.802164,3,Equilibrium,Quadrulini,MNER,0,0,0,0,0,0,0,0,0,0,0,0,0,0,0,0,0,0,0,0,0,0,0,0,0,0,0,NA
SIPSEY,WENDELL_5,2022,S4,33.106423,-87.947001,1706.802164,3,Periodic,Lampsilini,LLIE,0,0,0,0,0,0,0,0,0,0,0,0,0,0,0,0,0,0,0,0,0,0,0,0,0,0,0,NA
SIPSEY,WENDELL_5,2022,S4,33.106423,-87.947001,1706.802164,3,Periodic,Lampsilini,ELIN,0,0,0,0,0,0,0,0,0,0,0,0,0,0,0,0,0,0,0,0,0,0,0,0,0,0,0,NA
SIPSEY,WENDELL_5,2022,S4,33.106423,-87.947001,1706.802164,3,Opportunistic,Lampsilini,PFRA,0,0,0,0,0,0,0,0,0,0,0,0,0,0,0,0,0,0,0,0,0,0,0,0,0,0,0,NA
SIPSEY,WENDELL_5,2022,S4,33.106423,-87.947001,1706.802164,3,Opportunistic,Lampsilini,LREC,0,0,0,0,0,0,0,0,0,0,0,0,0,0,0,0,0,0,0,0,0,0,0,0,0,0,0,NA
SIPSEY,WENDELL_5,2022,S4,33.106423,-87.947001,1706.802164,3,Periodic,Lampsilini,OARK,0,0,0,0,0,0,0,0,0,0,0,0,0,0,0,0,0,0,0,0,0,0,0,0,0,0,0,NA
SIPSEY,WENDELL_5,2022,S4,33.106423,-87.947001,1706.802164,3,Opportunistic,Lampsilini,PINF,0,0,0,0,0,0,0,0,0,0,0,0,0,0,0,0,0,0,0,0,0,0,0,0,0,0,0,NA
SIPSEY,WENDELL_5,2022,S4,33.106423,-87.947001,1706.802164,3,Equilibrium,Pleurobemini,PPER,0.063885728,0.054153897,3.545106834,0.193917344,3.351189491,0.034215059,0.028760405,1.891813257,0.103482185,1.788331071,0.248071241,0.13224259,3.360921322,1.793785726,0.025554291,0.021661559,1.418042734,0.077566938,1.340475796,0.013686024,0.011504162,0.756725303,0.041392874,0.715332429,0.099228496,0.052897036,1.344368529,0.71751429
SIPSEY,WENDELL_5,2022,S4,33.106423,-87.947001,1706.802164,3,Opportunistic,Lampsilini,LTER,0,0,0,0,0,0,0,0,0,0,0,0,0,0,0,0,0,0,0,0,0,0,0,0,0,0,0,NA
SIPSEY,WENDELL_5,2022,S4,33.106423,-87.947001,1706.802164,3,Periodic,Alasmodontini,SSUB,0,0,0,0,0,0,0,0,0,0,0,0,0,0,0,0,0,0,0,0,0,0,0,0,0,0,0,NA
SIPSEY,WENDELL_5,2022,S4,33.106423,-87.947001,1706.802164,3,Opportunistic,Lampsilini,TPAR,0,0,0,0,0,0,0,0,0,0,0,0,0,0,0,0,0,0,0,0,0,0,0,0,0,0,0,NA
SIPSEY,WENDELL_5,2022,S4,33.106423,-87.947001,1706.802164,3,Opportunistic,Lampsilini,PPUR,0,0,0,0,0,0,0,0,0,0,0,0,0,0,0,0,0,0,0,0,0,0,0,0,0,0,0,NA
SIPSEY,WENDELL_5,2022,S4,33.106423,-87.947001,1706.802164,3,Periodic,Lampsilini,HPER,0,0,0,0,0,0,0,0,0,0,0,0,0,0,0,0,0,0,0,0,0,0,0,0,0,0,0,NA
SIPSEY,WENDELL_5,2022,S4,33.106423,-87.947001,1706.802164,3,Periodic,Lampsilini,VVIB,0,0,0,0,0,0,0,0,0,0,0,0,0,0,0,0,0,0,0,0,0,0,0,0,0,0,0,NA
SIPSEY,WENDELL_5,2022,S4,33.106423,-87.947001,1706.802164,3,Periodic,Pleurobemini,ECRA,0,0,0,0,0,0,0,0,0,0,0,0,0,0,0,0,0,0,0,0,0,0,0,0,0,0,0,NA
SIPSEY,WENDELL_5,2022,S4,33.106423,-87.947001,1706.802164,3,Opportunistic,Lampsilini,TTRU,0,0,0,0,0,0,0,0,0,0,0,0,0,0,0,0,0,0,0,0,0,0,0,0,0,0,0,NA
SIPSEY,WENDELL_5,2022,S4,33.106423,-87.947001,1706.802164,3,NA,Lampsilini,LAMP,0,0,0,0,0,0,0,0,0,0,0,0,0,0,0,0,0,0,0,0,0,0,0,0,0,0,0,NA
SIPSEY,WENDELL_5,2022,S4,33.106423,-87.947001,1706.802164,3,Periodic,Anodontini,LCOM,0,0,0,0,0,0,0,0,0,0,0,0,0,0,0,0,0,0,0,0,0,0,0,0,0,0,0,NA
SIPSEY,WENDELL_5,2022,S4,33.106423,-87.947001,1706.802164,4,NA,Corbicula,CFLU,0.164153317,0.121807483,5.742411524,0.167104175,5.575307349,0.103768656,0.078141406,3.770593608,0.109724274,3.660869334,0.288911658,0.18786568,5.617653182,3.686496584,0.059692115,0.04429363,2.088149645,0.060765155,2.02738449,0.037734057,0.028415057,1.371124948,0.039899736,1.331225212,0.105058785,0.068314793,2.042782975,1.340544212
SIPSEY,WENDELL_5,2022,S4,33.106423,-87.947001,1706.802164,4,Equilibrium,Pleurobemini,FCER,1.643262863,1.420562712,67.28065255,3.512050063,63.76860249,0.190690322,0.168994311,8.431664425,0.440132883,7.991531542,4.932612775,0.609127194,63.99130264,8.013227554,0.597550132,0.516568259,24.46569184,1.277109114,23.18858272,0.069341935,0.061452477,3.066059791,0.160048321,2.90601147,1.793677373,0.221500798,23.2695646,2.913900929
SIPSEY,WENDELL_5,2022,S4,33.106423,-87.947001,1706.802164,4,Opportunistic,Lampsilini,LORN,3.381666463,2.541384135,39.59382826,4.581005929,35.01282233,0,0,0,0,0,7.122390064,0,35.85310465,0,1.229696896,0.924139685,14.39775573,1.665820338,12.73193539,0,0,0,0,0,2.589960023,0,13.0374926,0
SIPSEY,WENDELL_5,2022,S4,33.106423,-87.947001,1706.802164,4,Periodic,Lampsilini,OREF,0,0,0,0,0,0,0,0,0,0,0,0,0,0,0,0,0,0,0,0,0,0,0,0,0,0,0,NA
SIPSEY,WENDELL_5,2022,S4,33.106423,-87.947001,1706.802164,4,Equilibrium,Pleurobemini,PDEC,1.079381257,0.901501099,59.51412302,3.255422529,56.25870049,0.281618273,0.235217329,15.52792531,0.849377514,14.6785478,4.156923628,1.084594843,56.43658064,14.72494874,0.392502275,0.327818582,21.64149928,1.183790011,20.45770927,0.102406645,0.085533574,5.646518295,0.308864551,5.337653744,1.511608592,0.394398125,20.52239296,5.354526815
SIPSEY,WENDELL_5,2022,S4,33.106423,-87.947001,1706.802164,4,Equilibrium,Quadrulini,PKIE,0.719535188,0.631466756,30.53437009,2.277864009,28.25650608,0.231182474,0.204307457,8.906899948,0.664454736,8.242445212,2.909330765,0.868762193,28.34457452,8.269320228,0.261649159,0.229624275,11.10340731,0.828314185,10.27509312,0.084066354,0.074293621,3.238872708,0.241619904,2.997252804,1.05793846,0.315913525,10.30711801,3.007025538
SIPSEY,WENDELL_5,2022,S4,33.106423,-87.947001,1706.802164,4,Periodic,Lampsilini,LSTR,0,0,0,0,0,0,0,0,0,0,0,0,0,0,0,0,0,0,0,0,0,0,0,0,0,0,0,NA
SIPSEY,WENDELL_5,2022,S4,33.106423,-87.947001,1706.802164,4,Periodic,Lampsilini,MACU,0.068116092,0.05360104,0.84714921,0.049897088,0.797252122,0.063388189,0.050396683,0.786566106,0.046328744,0.740237362,0.103498129,0.096725426,0.811767173,0.753228868,0.024769488,0.019491287,0.308054258,0.018144396,0.289909862,0.02305025,0.018326066,0.286024038,0.016846816,0.269177223,0.037635683,0.035172882,0.295188063,0.273901407
SIPSEY,WENDELL_5,2022,S4,33.106423,-87.947001,1706.802164,4,Periodic,Lampsilini,OUNI,0.966425744,0.754039011,39.98588827,2.38715753,37.59873074,0.113394277,0.090111422,4.937832046,0.294788573,4.643043473,3.141196541,0.384899995,37.81111748,4.666326328,0.351427543,0.274196004,14.54032301,0.868057284,13.67226573,0.041234283,0.03276779,1.795575289,0.107195845,1.688379445,1.142253288,0.139963635,13.74949726,1.696845938
SIPSEY,WENDELL_5,2022,S4,33.106423,-87.947001,1706.802164,4,Equilibrium,Quadrulini,QVER,0.550050779,0.316460529,17.39120694,1.067820106,16.32338683,0.250331339,0.165096549,7.802895116,0.47909776,7.323797356,1.384280635,0.64419431,16.55697708,7.409032145,0.200018465,0.115076556,6.32407525,0.38829822,5.93577703,0.091029578,0.060035109,2.837416406,0.174217367,2.663199038,0.503374776,0.234252476,6.020718939,2.694193507
SIPSEY,WENDELL_5,2022,S4,33.106423,-87.947001,1706.802164,4,Periodic,Pleurobemini,EARC,0.736506437,0.611825096,20.18839533,0.997306729,19.1910886,0.337630127,0.280804046,9.871904838,0.487672099,9.384232739,1.609131825,0.768476145,19.31576994,9.44105882,0.267820523,0.222481853,7.341234667,0.362656993,6.978577674,0.122774592,0.102110562,3.589783578,0.177335309,3.412448269,0.585138846,0.279445871,7.023916344,3.433112298
SIPSEY,WENDELL_5,2022,S4,33.106423,-87.947001,1706.802164,4,Equilibrium,Amblemini,APLI,0,0,0,0,0,0,0,0,0,0,0,0,0,0,0,0,0,0,0,0,0,0,0,0,0,0,0,NA
SIPSEY,WENDELL_5,2022,S4,33.106423,-87.947001,1706.802164,4,Equilibrium,Pleurobemini,REBE,0,0,0,0,0,0,0,0,0,0,0,0,0,0,0,0,0,0,0,0,0,0,0,0,0,0,0,NA
SIPSEY,WENDELL_5,2022,S4,33.106423,-87.947001,1706.802164,4,Equilibrium,Quadrulini,QQUA,0,0,0,0,0,0,0,0,0,0,0,0,0,0,0,0,0,0,0,0,0,0,0,0,0,0,0,NA
SIPSEY,WENDELL_5,2022,S4,33.106423,-87.947001,1706.802164,4,Opportunistic,Lampsilini,TDON,0,0,0,0,0,0,0,0,0,0,0,0,0,0,0,0,0,0,0,0,0,0,0,0,0,0,0,NA
SIPSEY,WENDELL_5,2022,S4,33.106423,-87.947001,1706.802164,4,Equilibrium,Quadrulini,MNER,0,0,0,0,0,0,0,0,0,0,0,0,0,0,0,0,0,0,0,0,0,0,0,0,0,0,0,NA
SIPSEY,WENDELL_5,2022,S4,33.106423,-87.947001,1706.802164,4,Periodic,Lampsilini,LLIE,0,0,0,0,0,0,0,0,0,0,0,0,0,0,0,0,0,0,0,0,0,0,0,0,0,0,0,NA
SIPSEY,WENDELL_5,2022,S4,33.106423,-87.947001,1706.802164,4,Periodic,Lampsilini,ELIN,0,0,0,0,0,0,0,0,0,0,0,0,0,0,0,0,0,0,0,0,0,0,0,0,0,0,0,NA
SIPSEY,WENDELL_5,2022,S4,33.106423,-87.947001,1706.802164,4,Opportunistic,Lampsilini,PFRA,0,0,0,0,0,0,0,0,0,0,0,0,0,0,0,0,0,0,0,0,0,0,0,0,0,0,0,NA
SIPSEY,WENDELL_5,2022,S4,33.106423,-87.947001,1706.802164,4,Opportunistic,Lampsilini,LREC,0,0,0,0,0,0,0,0,0,0,0,0,0,0,0,0,0,0,0,0,0,0,0,0,0,0,0,NA
SIPSEY,WENDELL_5,2022,S4,33.106423,-87.947001,1706.802164,4,Periodic,Lampsilini,OARK,0,0,0,0,0,0,0,0,0,0,0,0,0,0,0,0,0,0,0,0,0,0,0,0,0,0,0,NA
SIPSEY,WENDELL_5,2022,S4,33.106423,-87.947001,1706.802164,4,Opportunistic,Lampsilini,PINF,0,0,0,0,0,0,0,0,0,0,0,0,0,0,0,0,0,0,0,0,0,0,0,0,0,0,0,NA
SIPSEY,WENDELL_5,2022,S4,33.106423,-87.947001,1706.802164,4,Equilibrium,Pleurobemini,PPER,0,0,0,0,0,0,0,0,0,0,0,0,0,0,0,0,0,0,0,0,0,0,0,0,0,0,0,NA
SIPSEY,WENDELL_5,2022,S4,33.106423,-87.947001,1706.802164,4,Opportunistic,Lampsilini,LTER,0,0,0,0,0,0,0,0,0,0,0,0,0,0,0,0,0,0,0,0,0,0,0,0,0,0,0,NA
SIPSEY,WENDELL_5,2022,S4,33.106423,-87.947001,1706.802164,4,Periodic,Alasmodontini,SSUB,0,0,0,0,0,0,0,0,0,0,0,0,0,0,0,0,0,0,0,0,0,0,0,0,0,0,0,NA
SIPSEY,WENDELL_5,2022,S4,33.106423,-87.947001,1706.802164,4,Opportunistic,Lampsilini,TPAR,0,0,0,0,0,0,0,0,0,0,0,0,0,0,0,0,0,0,0,0,0,0,0,0,0,0,0,NA
SIPSEY,WENDELL_5,2022,S4,33.106423,-87.947001,1706.802164,4,Opportunistic,Lampsilini,PPUR,0,0,0,0,0,0,0,0,0,0,0,0,0,0,0,0,0,0,0,0,0,0,0,0,0,0,0,NA
SIPSEY,WENDELL_5,2022,S4,33.106423,-87.947001,1706.802164,4,Periodic,Lampsilini,HPER,0,0,0,0,0,0,0,0,0,0,0,0,0,0,0,0,0,0,0,0,0,0,0,0,0,0,0,NA
SIPSEY,WENDELL_5,2022,S4,33.106423,-87.947001,1706.802164,4,Periodic,Lampsilini,VVIB,0,0,0,0,0,0,0,0,0,0,0,0,0,0,0,0,0,0,0,0,0,0,0,0,0,0,0,NA
SIPSEY,WENDELL_5,2022,S4,33.106423,-87.947001,1706.802164,4,Periodic,Pleurobemini,ECRA,0,0,0,0,0,0,0,0,0,0,0,0,0,0,0,0,0,0,0,0,0,0,0,0,0,0,0,NA
SIPSEY,WENDELL_5,2022,S4,33.106423,-87.947001,1706.802164,4,Opportunistic,Lampsilini,TTRU,0,0,0,0,0,0,0,0,0,0,0,0,0,0,0,0,0,0,0,0,0,0,0,0,0,0,0,NA
SIPSEY,WENDELL_5,2022,S4,33.106423,-87.947001,1706.802164,4,NA,Lampsilini,LAMP,0,0,0,0,0,0,0,0,0,0,0,0,0,0,0,0,0,0,0,0,0,0,0,0,0,0,0,NA
SIPSEY,WENDELL_5,2022,S4,33.106423,-87.947001,1706.802164,4,Periodic,Anodontini,LCOM,0,0,0,0,0,0,0,0,0,0,0,0,0,0,0,0,0,0,0,0,0,0,0,0,0,0,0,NA
SIPSEY,WENDELL_5,2022,S4,33.106423,-87.947001,1706.802164,5,NA,Corbicula,CFLU,0.363412038,0.268996981,12.66131015,0.368444125,12.29286602,0.242642717,0.181664827,8.717674313,0.253684323,8.463989991,0.637441106,0.435349149,12.38728108,8.524967881,0.132149832,0.097817084,4.60411278,0.133979682,4.470133098,0.088233715,0.066059937,3.170063387,0.092248845,3.077814542,0.231796766,0.158308782,4.504465846,3.09998832
SIPSEY,WENDELL_5,2022,S4,33.106423,-87.947001,1706.802164,5,Equilibrium,Pleurobemini,FCER,0,0,0,0,0,0,0,0,0,0,0,0,0,0,0,0,0,0,0,0,0,0,0,0,0,0,0,NA
SIPSEY,WENDELL_5,2022,S4,33.106423,-87.947001,1706.802164,5,Opportunistic,Lampsilini,LORN,0,0,0,0,0,0,0,0,0,0,0,0,0,0,0,0,0,0,0,0,0,0,0,0,0,0,0,NA
SIPSEY,WENDELL_5,2022,S4,33.106423,-87.947001,1706.802164,5,Periodic,Lampsilini,OREF,0,0,0,0,0,0,0,0,0,0,0,0,0,0,0,0,0,0,0,0,0,0,0,0,0,0,0,NA
SIPSEY,WENDELL_5,2022,S4,33.106423,-87.947001,1706.802164,5,Equilibrium,Pleurobemini,PDEC,1.365757405,1.133139109,75.08864939,4.107349121,70.98130026,0.218071515,0.182634853,12.03819336,0.658489177,11.37970419,5.240488231,0.84112403,71.21391856,11.41514085,0.496639056,0.412050585,27.30496341,1.493581499,25.81138191,0.079298733,0.066412674,4.37752486,0.23945061,4.13807425,1.905632084,0.305863284,25.89597039,4.150960309
SIPSEY,WENDELL_5,2022,S4,33.106423,-87.947001,1706.802164,5,Equilibrium,Quadrulini,PKIE,1.911767617,1.690145497,74.02760414,5.522459269,68.50514487,0.348042662,0.309293743,12.63752567,0.942759415,11.69476625,7.212604766,1.252053158,68.72676699,11.73351517,0.695188224,0.614598363,26.91912878,2.008167007,24.91096177,0.126560968,0.112470452,4.595463878,0.342821605,4.252642273,2.622765369,0.455292057,24.99155163,4.266732789
SIPSEY,WENDELL_5,2022,S4,33.106423,-87.947001,1706.802164,5,Periodic,Lampsilini,LSTR,0,0,0,0,0,0,0,0,0,0,0,0,0,0,0,0,0,0,0,0,0,0,0,0,0,0,0,NA
SIPSEY,WENDELL_5,2022,S4,33.106423,-87.947001,1706.802164,5,Periodic,Lampsilini,MACU,0,0,0,0,0,0,0,0,0,0,0,0,0,0,0,0,0,0,0,0,0,0,0,0,0,0,0,NA
SIPSEY,WENDELL_5,2022,S4,33.106423,-87.947001,1706.802164,5,Periodic,Lampsilini,OUNI,0,0,0,0,0,0,0,0,0,0,0,0,0,0,0,0,0,0,0,0,0,0,0,0,0,0,0,NA
SIPSEY,WENDELL_5,2022,S4,33.106423,-87.947001,1706.802164,5,Equilibrium,Quadrulini,QVER,0.437482831,0.239623487,13.89349066,0.853060326,13.04043033,0.225453866,0.140213086,7.064917892,0.433785959,6.631131933,1.092683813,0.573999045,13.23828968,6.716372713,0.159084666,0.087135813,5.052178421,0.310203755,4.741974666,0.081983224,0.050986577,2.569061052,0.157740349,2.411320703,0.397339568,0.208726925,4.813923519,2.44231735
SIPSEY,WENDELL_5,2022,S4,33.106423,-87.947001,1706.802164,5,Periodic,Pleurobemini,EARC,1.53937632,1.281379718,47.6204597,2.352450709,45.26800899,0.265707089,0.221481104,8.930086864,0.441146291,8.488940573,3.633830428,0.662627395,45.52600559,8.533166558,0.559773207,0.465956261,17.3165308,0.855436622,16.46109418,0.09662076,0.080538583,3.247304314,0.160416833,3.086887481,1.321392883,0.240955416,16.55491112,3.102969657
SIPSEY,WENDELL_5,2022,S4,33.106423,-87.947001,1706.802164,5,Equilibrium,Amblemini,APLI,0,0,0,0,0,0,0,0,0,0,0,0,0,0,0,0,0,0,0,0,0,0,0,0,0,0,0,NA
SIPSEY,WENDELL_5,2022,S4,33.106423,-87.947001,1706.802164,5,Equilibrium,Pleurobemini,REBE,0,0,0,0,0,0,0,0,0,0,0,0,0,0,0,0,0,0,0,0,0,0,0,0,0,0,0,NA
SIPSEY,WENDELL_5,2022,S4,33.106423,-87.947001,1706.802164,5,Equilibrium,Quadrulini,QQUA,0,0,0,0,0,0,0,0,0,0,0,0,0,0,0,0,0,0,0,0,0,0,0,0,0,0,0,NA
SIPSEY,WENDELL_5,2022,S4,33.106423,-87.947001,1706.802164,5,Opportunistic,Lampsilini,TDON,0.0119176,0.010013168,0.178163537,0.010850159,0.167313377,0.0119176,0.010013168,0.178163537,0.010850159,0.167313377,0.020863327,0.020863327,0.16921781,0.16921781,0.004333673,0.003641152,0.064786741,0.003945513,0.060841228,0.004333673,0.003641152,0.064786741,0.003945513,0.060841228,0.007586664,0.007586664,0.061533749,0.061533749
SIPSEY,WENDELL_5,2022,S4,33.106423,-87.947001,1706.802164,5,Equilibrium,Quadrulini,MNER,0,0,0,0,0,0,0,0,0,0,0,0,0,0,0,0,0,0,0,0,0,0,0,0,0,0,0,NA
SIPSEY,WENDELL_5,2022,S4,33.106423,-87.947001,1706.802164,5,Periodic,Lampsilini,LLIE,0,0,0,0,0,0,0,0,0,0,0,0,0,0,0,0,0,0,0,0,0,0,0,0,0,0,0,NA
SIPSEY,WENDELL_5,2022,S4,33.106423,-87.947001,1706.802164,5,Periodic,Lampsilini,ELIN,0,0,0,0,0,0,0,0,0,0,0,0,0,0,0,0,0,0,0,0,0,0,0,0,0,0,0,NA
SIPSEY,WENDELL_5,2022,S4,33.106423,-87.947001,1706.802164,5,Opportunistic,Lampsilini,PFRA,0.031068603,0.02610384,0.196736302,0.011981241,0.184755061,0.031068603,0.02610384,0.196736302,0.011981241,0.184755061,0.038085081,0.038085081,0.189719824,0.189719824,0.011297674,0.009492306,0.071540473,0.004356815,0.067183659,0.011297674,0.009492306,0.071540473,0.004356815,0.067183659,0.01384912,0.01384912,0.068989027,0.068989027
SIPSEY,WENDELL_5,2022,S4,33.106423,-87.947001,1706.802164,5,Opportunistic,Lampsilini,LREC,0,0,0,0,0,0,0,0,0,0,0,0,0,0,0,0,0,0,0,0,0,0,0,0,0,0,0,NA
SIPSEY,WENDELL_5,2022,S4,33.106423,-87.947001,1706.802164,5,Periodic,Lampsilini,OARK,0,0,0,0,0,0,0,0,0,0,0,0,0,0,0,0,0,0,0,0,0,0,0,0,0,0,0,NA
SIPSEY,WENDELL_5,2022,S4,33.106423,-87.947001,1706.802164,5,Opportunistic,Lampsilini,PINF,0.019506345,0.016389231,0.133695829,0.008142076,0.125553753,0.019506345,0.016389231,0.133695829,0.008142076,0.125553753,0.024531307,0.024531307,0.128670867,0.128670867,0.007093217,0.005959721,0.048616665,0.002960755,0.04565591,0.007093217,0.005959721,0.048616665,0.002960755,0.04565591,0.008920475,0.008920475,0.046789406,0.046789406
SIPSEY,WENDELL_5,2022,S4,33.106423,-87.947001,1706.802164,5,Equilibrium,Pleurobemini,PPER,0.265231482,0.220857657,14.60544656,0.798917927,13.80652864,0.052349599,0.043102862,2.868809274,0.156923867,2.711885407,1.019775584,0.200026729,13.85090246,2.721132144,0.096447811,0.080311875,5.311071477,0.29051561,5.020555868,0.019036218,0.015673768,1.043203372,0.057063224,0.986140148,0.370827485,0.072736992,5.036691804,0.989502598
SIPSEY,WENDELL_5,2022,S4,33.106423,-87.947001,1706.802164,5,Opportunistic,Lampsilini,LTER,0,0,0,0,0,0,0,0,0,0,0,0,0,0,0,0,0,0,0,0,0,0,0,0,0,0,0,NA
SIPSEY,WENDELL_5,2022,S4,33.106423,-87.947001,1706.802164,5,Periodic,Alasmodontini,SSUB,0,0,0,0,0,0,0,0,0,0,0,0,0,0,0,0,0,0,0,0,0,0,0,0,0,0,0,NA
SIPSEY,WENDELL_5,2022,S4,33.106423,-87.947001,1706.802164,5,Opportunistic,Lampsilini,TPAR,0,0,0,0,0,0,0,0,0,0,0,0,0,0,0,0,0,0,0,0,0,0,0,0,0,0,0,NA
SIPSEY,WENDELL_5,2022,S4,33.106423,-87.947001,1706.802164,5,Opportunistic,Lampsilini,PPUR,0,0,0,0,0,0,0,0,0,0,0,0,0,0,0,0,0,0,0,0,0,0,0,0,0,0,0,NA
SIPSEY,WENDELL_5,2022,S4,33.106423,-87.947001,1706.802164,5,Periodic,Lampsilini,HPER,0,0,0,0,0,0,0,0,0,0,0,0,0,0,0,0,0,0,0,0,0,0,0,0,0,0,0,NA
SIPSEY,WENDELL_5,2022,S4,33.106423,-87.947001,1706.802164,5,Periodic,Lampsilini,VVIB,0,0,0,0,0,0,0,0,0,0,0,0,0,0,0,0,0,0,0,0,0,0,0,0,0,0,0,NA
SIPSEY,WENDELL_5,2022,S4,33.106423,-87.947001,1706.802164,5,Periodic,Pleurobemini,ECRA,0,0,0,0,0,0,0,0,0,0,0,0,0,0,0,0,0,0,0,0,0,0,0,0,0,0,0,NA
SIPSEY,WENDELL_5,2022,S4,33.106423,-87.947001,1706.802164,5,Opportunistic,Lampsilini,TTRU,0,0,0,0,0,0,0,0,0,0,0,0,0,0,0,0,0,0,0,0,0,0,0,0,0,0,0,NA
SIPSEY,WENDELL_5,2022,S4,33.106423,-87.947001,1706.802164,5,NA,Lampsilini,LAMP,0,0,0,0,0,0,0,0,0,0,0,0,0,0,0,0,0,0,0,0,0,0,0,0,0,0,0,NA
SIPSEY,WENDELL_5,2022,S4,33.106423,-87.947001,1706.802164,5,Periodic,Anodontini,LCOM,0,0,0,0,0,0,0,0,0,0,0,0,0,0,0,0,0,0,0,0,0,0,0,0,0,0,0,NA
SIPSEY,WENDELL_5,2022,S4,33.106423,-87.947001,1706.802164,6,NA,Corbicula,CFLU,0.160467822,0.117311845,5.433405979,0.158112114,5.275293865,0.100083161,0.073645768,3.461588063,0.100732213,3.36085585,0.275423959,0.17437798,5.318449842,3.387293244,0.064187129,0.046924738,2.173362392,0.063244846,2.110117546,0.040033265,0.029458307,1.384635225,0.040292885,1.34434234,0.110169583,0.069751192,2.127379937,1.354917297
SIPSEY,WENDELL_5,2022,S4,33.106423,-87.947001,1706.802164,6,Equilibrium,Pleurobemini,FCER,2.849367653,2.459193164,115.8426298,6.046985276,109.7956445,0.29765157,0.256085524,11.94047004,0.623292536,11.3171775,8.506178439,0.87937806,110.185819,11.35874355,1.139747061,0.983677265,46.33705192,2.41879411,43.91825781,0.119060628,0.102434209,4.776188015,0.249317014,4.526871001,3.402471376,0.351751224,44.07432761,4.543497419
SIPSEY,WENDELL_5,2022,S4,33.106423,-87.947001,1706.802164,6,Opportunistic,Lampsilini,LORN,0,0,0,0,0,0,0,0,0,0,0,0,0,0,0,0,0,0,0,0,0,0,0,0,0,0,0,NA
SIPSEY,WENDELL_5,2022,S4,33.106423,-87.947001,1706.802164,6,Periodic,Lampsilini,OREF,0,0,0,0,0,0,0,0,0,0,0,0,0,0,0,0,0,0,0,0,0,0,0,0,0,0,0,NA
SIPSEY,WENDELL_5,2022,S4,33.106423,-87.947001,1706.802164,6,Equilibrium,Pleurobemini,PDEC,6.665903638,5.524150419,366.309557,20.03713277,346.2724242,0.87151689,0.720466777,47.84227789,2.616972601,45.22530529,25.56128319,3.337439378,347.4141774,45.3763554,2.666361455,2.209660167,146.5238228,8.014853107,138.5089697,0.348606756,0.288186711,19.13691116,1.04678904,18.09012212,10.22451327,1.334975751,138.965671,18.15054216
SIPSEY,WENDELL_5,2022,S4,33.106423,-87.947001,1706.802164,6,Equilibrium,Quadrulini,PKIE,2.981927614,2.652274573,107.4736442,8.017533854,99.45611031,0.324547487,0.287253997,12.25785908,0.914436288,11.34342279,10.66980843,1.201690285,99.78576335,11.38071628,1.192771046,1.060909829,42.98945766,3.207013542,39.78244412,0.129818995,0.114901599,4.903143633,0.365774515,4.537369118,4.267923371,0.480676114,39.91430534,4.552286514
SIPSEY,WENDELL_5,2022,S4,33.106423,-87.947001,1706.802164,6,Periodic,Lampsilini,LSTR,0,0,0,0,0,0,0,0,0,0,0,0,0,0,0,0,0,0,0,0,0,0,0,0,0,0,0,NA
SIPSEY,WENDELL_5,2022,S4,33.106423,-87.947001,1706.802164,6,Periodic,Lampsilini,MACU,0.354003401,0.29731143,4.345815261,0.255968519,4.089846742,0.187477935,0.159732998,2.294445663,0.13514285,2.159302813,0.553279949,0.294875848,4.146538713,2.18704775,0.14160136,0.118924572,1.738326104,0.102387408,1.635938697,0.074991174,0.063893199,0.917778265,0.05405714,0.863721125,0.22131198,0.117950339,1.658615485,0.8748191
SIPSEY,WENDELL_5,2022,S4,33.106423,-87.947001,1706.802164,6,Periodic,Lampsilini,OUNI,1.227141997,0.954523366,50.34582352,3.005645664,47.34017786,0.165004887,0.129650638,6.951782161,0.415021395,6.536760766,3.96016903,0.544672033,47.61279649,6.572115015,0.490856799,0.381809346,20.13832941,1.202258266,18.93607114,0.066001955,0.051860255,2.780712865,0.166008558,2.614704306,1.584067612,0.217868813,19.0451186,2.628846006
SIPSEY,WENDELL_5,2022,S4,33.106423,-87.947001,1706.802164,6,Equilibrium,Quadrulini,QVER,6.870171681,5.873572586,209.6126029,12.87021382,196.7423891,0.300149443,0.303783095,9.001426583,0.552687592,8.448738991,18.7437864,0.856470687,197.7389882,8.445105339,2.748068673,2.349429034,83.84504115,5.148085527,78.69695563,0.120059777,0.121513238,3.600570633,0.221075037,3.379495596,7.497514561,0.342588275,79.09559526,3.378042136
SIPSEY,WENDELL_5,2022,S4,33.106423,-87.947001,1706.802164,6,Periodic,Pleurobemini,EARC,0.015298166,0.01261906,0.275154312,0.013592623,0.261561689,0.015298166,0.01261906,0.275154312,0.013592623,0.261561689,0.026211683,0.026211683,0.264240795,0.264240795,0.006119266,0.005047624,0.110061725,0.005437049,0.104624676,0.006119266,0.005047624,0.110061725,0.005437049,0.104624676,0.010484673,0.010484673,0.105696318,0.105696318
SIPSEY,WENDELL_5,2022,S4,33.106423,-87.947001,1706.802164,6,Equilibrium,Amblemini,APLI,0,0,0,0,0,0,0,0,0,0,0,0,0,0,0,0,0,0,0,0,0,0,0,0,0,0,0,NA
SIPSEY,WENDELL_5,2022,S4,33.106423,-87.947001,1706.802164,6,Equilibrium,Pleurobemini,REBE,0,0,0,0,0,0,0,0,0,0,0,0,0,0,0,0,0,0,0,0,0,0,0,0,0,0,0,NA
SIPSEY,WENDELL_5,2022,S4,33.106423,-87.947001,1706.802164,6,Equilibrium,Quadrulini,QQUA,0,0,0,0,0,0,0,0,0,0,0,0,0,0,0,0,0,0,0,0,0,0,0,0,0,0,0,NA
SIPSEY,WENDELL_5,2022,S4,33.106423,-87.947001,1706.802164,6,Opportunistic,Lampsilini,TDON,0,0,0,0,0,0,0,0,0,0,0,0,0,0,0,0,0,0,0,0,0,0,0,0,0,0,0,NA
SIPSEY,WENDELL_5,2022,S4,33.106423,-87.947001,1706.802164,6,Equilibrium,Quadrulini,MNER,0,0,0,0,0,0,0,0,0,0,0,0,0,0,0,0,0,0,0,0,0,0,0,0,0,0,0,NA
SIPSEY,WENDELL_5,2022,S4,33.106423,-87.947001,1706.802164,6,Periodic,Lampsilini,LLIE,0,0,0,0,0,0,0,0,0,0,0,0,0,0,0,0,0,0,0,0,0,0,0,0,0,0,0,NA
SIPSEY,WENDELL_5,2022,S4,33.106423,-87.947001,1706.802164,6,Periodic,Lampsilini,ELIN,0,0,0,0,0,0,0,0,0,0,0,0,0,0,0,0,0,0,0,0,0,0,0,0,0,0,0,NA
SIPSEY,WENDELL_5,2022,S4,33.106423,-87.947001,1706.802164,6,Opportunistic,Lampsilini,PFRA,0,0,0,0,0,0,0,0,0,0,0,0,0,0,0,0,0,0,0,0,0,0,0,0,0,0,0,NA
SIPSEY,WENDELL_5,2022,S4,33.106423,-87.947001,1706.802164,6,Opportunistic,Lampsilini,LREC,0,0,0,0,0,0,0,0,0,0,0,0,0,0,0,0,0,0,0,0,0,0,0,0,0,0,0,NA
SIPSEY,WENDELL_5,2022,S4,33.106423,-87.947001,1706.802164,6,Periodic,Lampsilini,OARK,0,0,0,0,0,0,0,0,0,0,0,0,0,0,0,0,0,0,0,0,0,0,0,0,0,0,0,NA
SIPSEY,WENDELL_5,2022,S4,33.106423,-87.947001,1706.802164,6,Opportunistic,Lampsilini,PINF,0,0,0,0,0,0,0,0,0,0,0,0,0,0,0,0,0,0,0,0,0,0,0,0,0,0,0,NA
SIPSEY,WENDELL_5,2022,S4,33.106423,-87.947001,1706.802164,6,Equilibrium,Pleurobemini,PPER,0,0,0,0,0,0,0,0,0,0,0,0,0,0,0,0,0,0,0,0,0,0,0,0,0,0,0,NA
SIPSEY,WENDELL_5,2022,S4,33.106423,-87.947001,1706.802164,6,Opportunistic,Lampsilini,LTER,0,0,0,0,0,0,0,0,0,0,0,0,0,0,0,0,0,0,0,0,0,0,0,0,0,0,0,NA
SIPSEY,WENDELL_5,2022,S4,33.106423,-87.947001,1706.802164,6,Periodic,Alasmodontini,SSUB,0,0,0,0,0,0,0,0,0,0,0,0,0,0,0,0,0,0,0,0,0,0,0,0,0,0,0,NA
SIPSEY,WENDELL_5,2022,S4,33.106423,-87.947001,1706.802164,6,Opportunistic,Lampsilini,TPAR,0,0,0,0,0,0,0,0,0,0,0,0,0,0,0,0,0,0,0,0,0,0,0,0,0,0,0,NA
SIPSEY,WENDELL_5,2022,S4,33.106423,-87.947001,1706.802164,6,Opportunistic,Lampsilini,PPUR,4.254288791,4.237224151,74.69082749,4.548671394,70.1421561,2.550497736,2.676413952,50.99793868,3.105774466,47.89216422,8.785895545,5.782188418,70.15922074,47.766248,1.701715517,1.69488966,29.876331,1.819468558,28.05686244,1.020199095,1.070565581,20.39917547,1.242309786,19.15686569,3.514358218,2.312875367,28.0636883,19.1064992
SIPSEY,WENDELL_5,2022,S4,33.106423,-87.947001,1706.802164,6,Periodic,Lampsilini,HPER,0,0,0,0,0,0,0,0,0,0,0,0,0,0,0,0,0,0,0,0,0,0,0,0,0,0,0,NA
SIPSEY,WENDELL_5,2022,S4,33.106423,-87.947001,1706.802164,6,Periodic,Lampsilini,VVIB,0,0,0,0,0,0,0,0,0,0,0,0,0,0,0,0,0,0,0,0,0,0,0,0,0,0,0,NA
SIPSEY,WENDELL_5,2022,S4,33.106423,-87.947001,1706.802164,6,Periodic,Pleurobemini,ECRA,0,0,0,0,0,0,0,0,0,0,0,0,0,0,0,0,0,0,0,0,0,0,0,0,0,0,0,NA
SIPSEY,WENDELL_5,2022,S4,33.106423,-87.947001,1706.802164,6,Opportunistic,Lampsilini,TTRU,0,0,0,0,0,0,0,0,0,0,0,0,0,0,0,0,0,0,0,0,0,0,0,0,0,0,0,NA
SIPSEY,WENDELL_5,2022,S4,33.106423,-87.947001,1706.802164,6,NA,Lampsilini,LAMP,0,0,0,0,0,0,0,0,0,0,0,0,0,0,0,0,0,0,0,0,0,0,0,0,0,0,0,NA
SIPSEY,WENDELL_5,2022,S4,33.106423,-87.947001,1706.802164,6,Periodic,Anodontini,LCOM,0,0,0,0,0,0,0,0,0,0,0,0,0,0,0,0,0,0,0,0,0,0,0,0,0,0,0,NA
SIPSEY,WENDELL_5,2022,S4,33.106423,-87.947001,1706.802164,7,NA,Corbicula,CFLU,0.153453649,0.121553817,6.301283665,0.183367355,6.117916311,0.117222852,0.095354171,5.118192915,0.148939414,4.969253502,0.304921172,0.244293585,6.149816142,4.991122183,0.061381459,0.048621527,2.520513466,0.073346942,2.447166524,0.046889141,0.038141668,2.047277166,0.059575766,1.987701401,0.121968469,0.097717434,2.459926457,1.996448873
SIPSEY,WENDELL_5,2022,S4,33.106423,-87.947001,1706.802164,7,Equilibrium,Pleurobemini,FCER,0,0,0,0,0,0,0,0,0,0,0,0,0,0,0,0,0,0,0,0,0,0,0,0,0,0,0,NA
SIPSEY,WENDELL_5,2022,S4,33.106423,-87.947001,1706.802164,7,Opportunistic,Lampsilini,LORN,0,0,0,0,0,0,0,0,0,0,0,0,0,0,0,0,0,0,0,0,0,0,0,0,0,0,0,NA
SIPSEY,WENDELL_5,2022,S4,33.106423,-87.947001,1706.802164,7,Periodic,Lampsilini,OREF,0,0,0,0,0,0,0,0,0,0,0,0,0,0,0,0,0,0,0,0,0,0,0,0,0,0,0,NA
SIPSEY,WENDELL_5,2022,S4,33.106423,-87.947001,1706.802164,7,Equilibrium,Pleurobemini,PDEC,2.406233221,1.996784456,132.3057343,7.237123668,125.0686107,0.390132083,0.322943598,21.42886785,1.172159072,20.25670878,9.233908124,1.49510267,125.4780594,20.32389727,0.962493288,0.798713782,52.92229373,2.894849467,50.02744427,0.156052833,0.129177439,8.571547141,0.468863629,8.102683513,3.693563249,0.598041068,50.19122377,8.129558907
SIPSEY,WENDELL_5,2022,S4,33.106423,-87.947001,1706.802164,7,Equilibrium,Quadrulini,PKIE,1.985147454,1.7635977,72.32959924,5.395788103,66.93381114,0.19894059,0.176890826,7.103927108,0.529952962,6.573974146,7.159385804,0.706843788,67.15536089,6.596023909,0.794058982,0.70543908,28.9318397,2.158315241,26.77352445,0.079576236,0.07075633,2.841570843,0.211981185,2.629589658,2.863754321,0.282737515,26.86214436,2.638409564
SIPSEY,WENDELL_5,2022,S4,33.106423,-87.947001,1706.802164,7,Periodic,Lampsilini,LSTR,0,0,0,0,0,0,0,0,0,0,0,0,0,0,0,0,0,0,0,0,0,0,0,0,0,0,0,NA
SIPSEY,WENDELL_5,2022,S4,33.106423,-87.947001,1706.802164,7,Periodic,Lampsilini,MACU,0.002863161,0.001968747,0.036580745,0.002154606,0.03442614,0.002863161,0.001968747,0.036580745,0.002154606,0.03442614,0.004123353,0.004123353,0.035320553,0.035320553,0.001145264,0.000787499,0.014632298,0.000861842,0.013770456,0.001145264,0.000787499,0.014632298,0.000861842,0.013770456,0.001649341,0.001649341,0.014128221,0.014128221
SIPSEY,WENDELL_5,2022,S4,33.106423,-87.947001,1706.802164,7,Periodic,Lampsilini,OUNI,0.355482655,0.27240772,13.92624168,0.831396628,13.09484505,0.072111963,0.057201154,3.117390316,0.186108202,2.931282114,1.103804348,0.243309356,13.17791998,2.946192923,0.142193062,0.108963088,5.57049667,0.332558651,5.237938019,0.028844785,0.022880462,1.246956126,0.074443281,1.172512846,0.441521739,0.097323742,5.271167993,1.178477169
SIPSEY,WENDELL_5,2022,S4,33.106423,-87.947001,1706.802164,7,Equilibrium,Quadrulini,QVER,3.36635652,2.857457716,102.7707312,6.310122894,96.46060827,0.164187302,0.168388532,4.917843249,0.301955575,4.615887674,9.16758061,0.470344107,96.96950708,4.611686444,1.346542608,1.142983086,41.10829247,2.524049157,38.58424331,0.065674921,0.067355413,1.9671373,0.12078223,1.846355069,3.667032244,0.188137643,38.78780283,1.844674577
SIPSEY,WENDELL_5,2022,S4,33.106423,-87.947001,1706.802164,7,Periodic,Pleurobemini,EARC,0.001026039,0.000841733,0.013310128,0.00065752,0.012652608,0.001026039,0.000841733,0.013310128,0.00065752,0.012652608,0.001499254,0.001499254,0.012836914,0.012836914,0.000410416,0.000336693,0.005324051,0.000263008,0.005061043,0.000410416,0.000336693,0.005324051,0.000263008,0.005061043,0.000599701,0.000599701,0.005134766,0.005134766
SIPSEY,WENDELL_5,2022,S4,33.106423,-87.947001,1706.802164,7,Equilibrium,Amblemini,APLI,0,0,0,0,0,0,0,0,0,0,0,0,0,0,0,0,0,0,0,0,0,0,0,0,0,0,0,NA
SIPSEY,WENDELL_5,2022,S4,33.106423,-87.947001,1706.802164,7,Equilibrium,Pleurobemini,REBE,0,0,0,0,0,0,0,0,0,0,0,0,0,0,0,0,0,0,0,0,0,0,0,0,0,0,0,NA
SIPSEY,WENDELL_5,2022,S4,33.106423,-87.947001,1706.802164,7,Equilibrium,Quadrulini,QQUA,0,0,0,0,0,0,0,0,0,0,0,0,0,0,0,0,0,0,0,0,0,0,0,0,0,0,0,NA
SIPSEY,WENDELL_5,2022,S4,33.106423,-87.947001,1706.802164,7,Opportunistic,Lampsilini,TDON,0,0,0,0,0,0,0,0,0,0,0,0,0,0,0,0,0,0,0,0,0,0,0,0,0,0,0,NA
SIPSEY,WENDELL_5,2022,S4,33.106423,-87.947001,1706.802164,7,Equilibrium,Quadrulini,MNER,0,0,0,0,0,0,0,0,0,0,0,0,0,0,0,0,0,0,0,0,0,0,0,0,0,0,0,NA
SIPSEY,WENDELL_5,2022,S4,33.106423,-87.947001,1706.802164,7,Periodic,Lampsilini,LLIE,0,0,0,0,0,0,0,0,0,0,0,0,0,0,0,0,0,0,0,0,0,0,0,0,0,0,0,NA
SIPSEY,WENDELL_5,2022,S4,33.106423,-87.947001,1706.802164,7,Periodic,Lampsilini,ELIN,0,0,0,0,0,0,0,0,0,0,0,0,0,0,0,0,0,0,0,0,0,0,0,0,0,0,0,NA
SIPSEY,WENDELL_5,2022,S4,33.106423,-87.947001,1706.802164,7,Opportunistic,Lampsilini,PFRA,0.034497844,0.028985089,0.258229924,0.015726202,0.242503722,0.034497844,0.028985089,0.258229924,0.015726202,0.242503722,0.044711291,0.044711291,0.248016477,0.248016477,0.013799138,0.011594036,0.10329197,0.006290481,0.097001489,0.013799138,0.011594036,0.10329197,0.006290481,0.097001489,0.017884516,0.017884516,0.099206591,0.099206591
SIPSEY,WENDELL_5,2022,S4,33.106423,-87.947001,1706.802164,7,Opportunistic,Lampsilini,LREC,0,0,0,0,0,0,0,0,0,0,0,0,0,0,0,0,0,0,0,0,0,0,0,0,0,0,0,NA
SIPSEY,WENDELL_5,2022,S4,33.106423,-87.947001,1706.802164,7,Periodic,Lampsilini,OARK,0,0,0,0,0,0,0,0,0,0,0,0,0,0,0,0,0,0,0,0,0,0,0,0,0,0,0,NA
SIPSEY,WENDELL_5,2022,S4,33.106423,-87.947001,1706.802164,7,Opportunistic,Lampsilini,PINF,0,0,0,0,0,0,0,0,0,0,0,0,0,0,0,0,0,0,0,0,0,0,0,0,0,0,0,NA
SIPSEY,WENDELL_5,2022,S4,33.106423,-87.947001,1706.802164,7,Equilibrium,Pleurobemini,PPER,0,0,0,0,0,0,0,0,0,0,0,0,0,0,0,0,0,0,0,0,0,0,0,0,0,0,0,NA
SIPSEY,WENDELL_5,2022,S4,33.106423,-87.947001,1706.802164,7,Opportunistic,Lampsilini,LTER,0,0,0,0,0,0,0,0,0,0,0,0,0,0,0,0,0,0,0,0,0,0,0,0,0,0,0,NA
SIPSEY,WENDELL_5,2022,S4,33.106423,-87.947001,1706.802164,7,Periodic,Alasmodontini,SSUB,0,0,0,0,0,0,0,0,0,0,0,0,0,0,0,0,0,0,0,0,0,0,0,0,0,0,0,NA
SIPSEY,WENDELL_5,2022,S4,33.106423,-87.947001,1706.802164,7,Opportunistic,Lampsilini,TPAR,0,0,0,0,0,0,0,0,0,0,0,0,0,0,0,0,0,0,0,0,0,0,0,0,0,0,0,NA
SIPSEY,WENDELL_5,2022,S4,33.106423,-87.947001,1706.802164,7,Opportunistic,Lampsilini,PPUR,0,0,0,0,0,0,0,0,0,0,0,0,0,0,0,0,0,0,0,0,0,0,0,0,0,0,0,NA
SIPSEY,WENDELL_5,2022,S4,33.106423,-87.947001,1706.802164,7,Periodic,Lampsilini,HPER,0,0,0,0,0,0,0,0,0,0,0,0,0,0,0,0,0,0,0,0,0,0,0,0,0,0,0,NA
SIPSEY,WENDELL_5,2022,S4,33.106423,-87.947001,1706.802164,7,Periodic,Lampsilini,VVIB,0,0,0,0,0,0,0,0,0,0,0,0,0,0,0,0,0,0,0,0,0,0,0,0,0,0,0,NA
SIPSEY,WENDELL_5,2022,S4,33.106423,-87.947001,1706.802164,7,Periodic,Pleurobemini,ECRA,0,0,0,0,0,0,0,0,0,0,0,0,0,0,0,0,0,0,0,0,0,0,0,0,0,0,0,NA
SIPSEY,WENDELL_5,2022,S4,33.106423,-87.947001,1706.802164,7,Opportunistic,Lampsilini,TTRU,0,0,0,0,0,0,0,0,0,0,0,0,0,0,0,0,0,0,0,0,0,0,0,0,0,0,0,NA
SIPSEY,WENDELL_5,2022,S4,33.106423,-87.947001,1706.802164,7,NA,Lampsilini,LAMP,0,0,0,0,0,0,0,0,0,0,0,0,0,0,0,0,0,0,0,0,0,0,0,0,0,0,0,NA
SIPSEY,WENDELL_5,2022,S4,33.106423,-87.947001,1706.802164,7,Periodic,Anodontini,LCOM,0,0,0,0,0,0,0,0,0,0,0,0,0,0,0,0,0,0,0,0,0,0,0,0,0,0,0,NA
SIPSEY,WENDELL_5,2022,S4,33.106423,-87.947001,1706.802164,8,NA,Corbicula,CFLU,0.184849502,0.144867695,7.370512488,0.214481913,7.156030575,0.124464842,0.101201618,5.398694572,0.157102012,5.24159256,0.359349609,0.25830363,7.196012382,5.264855783,0.073939801,0.057947078,2.948204995,0.085792765,2.86241223,0.049785937,0.040480647,2.159477829,0.062840805,2.096637024,0.143739843,0.103321452,2.878404953,2.105942313
SIPSEY,WENDELL_5,2022,S4,33.106423,-87.947001,1706.802164,8,Equilibrium,Pleurobemini,FCER,4.791745375,4.133068502,194.1831494,10.1363604,184.046789,0.451563299,0.379937838,16.83172734,0.878616167,15.95311117,14.2694289,1.258554005,184.7054658,16.02473663,1.91669815,1.653227401,77.67325974,4.054544159,73.61871558,0.180625319,0.151975135,6.732690934,0.351446467,6.381244468,5.707771559,0.503421602,73.88218633,6.409894652
SIPSEY,WENDELL_5,2022,S4,33.106423,-87.947001,1706.802164,8,Opportunistic,Lampsilini,LORN,3.680880959,2.742584163,45.94640972,5.315999605,40.63041012,0,0,0,0,0,8.058583768,0,41.56870691,0,1.472352384,1.097033665,18.37856389,2.126399842,16.25216405,0,0,0,0,0,3.223433507,0,16.62748276,0
SIPSEY,WENDELL_5,2022,S4,33.106423,-87.947001,1706.802164,8,Periodic,Lampsilini,OREF,0,0,0,0,0,0,0,0,0,0,0,0,0,0,0,0,0,0,0,0,0,0,0,0,0,0,0,NA
SIPSEY,WENDELL_5,2022,S4,33.106423,-87.947001,1706.802164,8,Equilibrium,Pleurobemini,PDEC,5.488112298,4.54229876,301.4226867,16.48782096,284.9348657,0.577380808,0.473932138,31.59878304,1.728453432,29.87032961,21.03011972,2.202385571,285.8806793,29.97377828,2.195244919,1.816919504,120.5690747,6.595128384,113.9739463,0.230952323,0.189572855,12.63951322,0.691381373,11.94813184,8.412047888,0.880954228,114.3522717,11.98951131
SIPSEY,WENDELL_5,2022,S4,33.106423,-87.947001,1706.802164,8,Equilibrium,Quadrulini,PKIE,0.83963443,0.74028393,33.53966875,2.502059289,31.03760946,0.192952936,0.171700249,6.783900037,0.506078943,6.277821094,3.242343219,0.677779191,31.13695996,6.299073782,0.335853772,0.296113572,13.4158675,1.000823716,12.41504379,0.077181174,0.068680099,2.713560015,0.202431577,2.511128438,1.296937288,0.271111677,12.45478399,2.519629513
SIPSEY,WENDELL_5,2022,S4,33.106423,-87.947001,1706.802164,8,Periodic,Lampsilini,LSTR,0,0,0,0,0,0,0,0,0,0,0,0,0,0,0,0,0,0,0,0,0,0,0,0,0,0,0,NA
SIPSEY,WENDELL_5,2022,S4,33.106423,-87.947001,1706.802164,8,Periodic,Lampsilini,MACU,0.032387525,0.025224017,0.403729312,0.023779656,0.379949656,0.030030553,0.023625151,0.373533825,0.022001142,0.351532682,0.049003673,0.045626293,0.387113163,0.357938085,0.01295501,0.010089607,0.161491725,0.009511863,0.151979862,0.012012221,0.00945006,0.14941353,0.008800457,0.140613073,0.019601469,0.018250517,0.154845265,0.143175234
SIPSEY,WENDELL_5,2022,S4,33.106423,-87.947001,1706.802164,8,Periodic,Lampsilini,OUNI,0.569853499,0.444920731,23.59958522,1.408895238,22.19068999,0.062781663,0.050843998,2.886581244,0.1723289,2.714252344,1.853815969,0.223172898,22.31562275,2.726190009,0.2279414,0.177968292,9.439834089,0.563558095,8.876275994,0.025112665,0.020337599,1.154632498,0.06893156,1.085700938,0.741526387,0.089269159,8.926249101,1.090476004
SIPSEY,WENDELL_5,2022,S4,33.106423,-87.947001,1706.802164,8,Equilibrium,Quadrulini,QVER,1.122197447,0.752429791,34.99504773,2.148695931,32.8463518,0.311634103,0.245610846,9.558569515,0.586896168,8.971673347,2.901125722,0.832507014,33.21611945,9.037696604,0.448878979,0.300971917,13.99801909,0.859478372,13.13854072,0.124653641,0.098244338,3.823427806,0.234758467,3.588669339,1.160450289,0.333002806,13.28644778,3.615078642
SIPSEY,WENDELL_5,2022,S4,33.106423,-87.947001,1706.802164,8,Periodic,Pleurobemini,EARC,0.002712017,0.002227333,0.037582224,0.001856562,0.035725662,0.002712017,0.002227333,0.037582224,0.001856562,0.035725662,0.004083895,0.004083895,0.036210347,0.036210347,0.001084807,0.000890933,0.01503289,0.000742625,0.014290265,0.001084807,0.000890933,0.01503289,0.000742625,0.014290265,0.001633558,0.001633558,0.014484139,0.014484139
SIPSEY,WENDELL_5,2022,S4,33.106423,-87.947001,1706.802164,8,Equilibrium,Amblemini,APLI,0,0,0,0,0,0,0,0,0,0,0,0,0,0,0,0,0,0,0,0,0,0,0,0,0,0,0,NA
SIPSEY,WENDELL_5,2022,S4,33.106423,-87.947001,1706.802164,8,Equilibrium,Pleurobemini,REBE,0,0,0,0,0,0,0,0,0,0,0,0,0,0,0,0,0,0,0,0,0,0,0,0,0,0,0,NA
SIPSEY,WENDELL_5,2022,S4,33.106423,-87.947001,1706.802164,8,Equilibrium,Quadrulini,QQUA,0,0,0,0,0,0,0,0,0,0,0,0,0,0,0,0,0,0,0,0,0,0,0,0,0,0,0,NA
SIPSEY,WENDELL_5,2022,S4,33.106423,-87.947001,1706.802164,8,Opportunistic,Lampsilini,TDON,0,0,0,0,0,0,0,0,0,0,0,0,0,0,0,0,0,0,0,0,0,0,0,0,0,0,0,NA
SIPSEY,WENDELL_5,2022,S4,33.106423,-87.947001,1706.802164,8,Equilibrium,Quadrulini,MNER,0,0,0,0,0,0,0,0,0,0,0,0,0,0,0,0,0,0,0,0,0,0,0,0,0,0,0,NA
SIPSEY,WENDELL_5,2022,S4,33.106423,-87.947001,1706.802164,8,Periodic,Lampsilini,LLIE,0,0,0,0,0,0,0,0,0,0,0,0,0,0,0,0,0,0,0,0,0,0,0,0,0,0,0,NA
SIPSEY,WENDELL_5,2022,S4,33.106423,-87.947001,1706.802164,8,Periodic,Lampsilini,ELIN,0,0,0,0,0,0,0,0,0,0,0,0,0,0,0,0,0,0,0,0,0,0,0,0,0,0,0,NA
SIPSEY,WENDELL_5,2022,S4,33.106423,-87.947001,1706.802164,8,Opportunistic,Lampsilini,PFRA,0,0,0,0,0,0,0,0,0,0,0,0,0,0,0,0,0,0,0,0,0,0,0,0,0,0,0,NA
SIPSEY,WENDELL_5,2022,S4,33.106423,-87.947001,1706.802164,8,Opportunistic,Lampsilini,LREC,0,0,0,0,0,0,0,0,0,0,0,0,0,0,0,0,0,0,0,0,0,0,0,0,0,0,0,NA
SIPSEY,WENDELL_5,2022,S4,33.106423,-87.947001,1706.802164,8,Periodic,Lampsilini,OARK,0,0,0,0,0,0,0,0,0,0,0,0,0,0,0,0,0,0,0,0,0,0,0,0,0,0,0,NA
SIPSEY,WENDELL_5,2022,S4,33.106423,-87.947001,1706.802164,8,Opportunistic,Lampsilini,PINF,0,0,0,0,0,0,0,0,0,0,0,0,0,0,0,0,0,0,0,0,0,0,0,0,0,0,0,NA
SIPSEY,WENDELL_5,2022,S4,33.106423,-87.947001,1706.802164,8,Equilibrium,Pleurobemini,PPER,0,0,0,0,0,0,0,0,0,0,0,0,0,0,0,0,0,0,0,0,0,0,0,0,0,0,0,NA
SIPSEY,WENDELL_5,2022,S4,33.106423,-87.947001,1706.802164,8,Opportunistic,Lampsilini,LTER,0,0,0,0,0,0,0,0,0,0,0,0,0,0,0,0,0,0,0,0,0,0,0,0,0,0,0,NA
SIPSEY,WENDELL_5,2022,S4,33.106423,-87.947001,1706.802164,8,Periodic,Alasmodontini,SSUB,0,0,0,0,0,0,0,0,0,0,0,0,0,0,0,0,0,0,0,0,0,0,0,0,0,0,0,NA
SIPSEY,WENDELL_5,2022,S4,33.106423,-87.947001,1706.802164,8,Opportunistic,Lampsilini,TPAR,0,0,0,0,0,0,0,0,0,0,0,0,0,0,0,0,0,0,0,0,0,0,0,0,0,0,0,NA
SIPSEY,WENDELL_5,2022,S4,33.106423,-87.947001,1706.802164,8,Opportunistic,Lampsilini,PPUR,0,0,0,0,0,0,0,0,0,0,0,0,0,0,0,0,0,0,0,0,0,0,0,0,0,0,0,NA
SIPSEY,WENDELL_5,2022,S4,33.106423,-87.947001,1706.802164,8,Periodic,Lampsilini,HPER,0,0,0,0,0,0,0,0,0,0,0,0,0,0,0,0,0,0,0,0,0,0,0,0,0,0,0,NA
SIPSEY,WENDELL_5,2022,S4,33.106423,-87.947001,1706.802164,8,Periodic,Lampsilini,VVIB,0,0,0,0,0,0,0,0,0,0,0,0,0,0,0,0,0,0,0,0,0,0,0,0,0,0,0,NA
SIPSEY,WENDELL_5,2022,S4,33.106423,-87.947001,1706.802164,8,Periodic,Pleurobemini,ECRA,0,0,0,0,0,0,0,0,0,0,0,0,0,0,0,0,0,0,0,0,0,0,0,0,0,0,0,NA
SIPSEY,WENDELL_5,2022,S4,33.106423,-87.947001,1706.802164,8,Opportunistic,Lampsilini,TTRU,0,0,0,0,0,0,0,0,0,0,0,0,0,0,0,0,0,0,0,0,0,0,0,0,0,0,0,NA
SIPSEY,WENDELL_5,2022,S4,33.106423,-87.947001,1706.802164,8,NA,Lampsilini,LAMP,0,0,0,0,0,0,0,0,0,0,0,0,0,0,0,0,0,0,0,0,0,0,0,0,0,0,0,NA
SIPSEY,WENDELL_5,2022,S4,33.106423,-87.947001,1706.802164,8,Periodic,Anodontini,LCOM,0,0,0,0,0,0,0,0,0,0,0,0,0,0,0,0,0,0,0,0,0,0,0,0,0,0,0,NA
SIPSEY,WENDELL_5,2022,S4,33.106423,-87.947001,1706.802164,9,NA,Corbicula,CFLU,0.176139977,0.130666964,6.144438086,0.178803148,5.965634937,0.103678384,0.078267672,3.778256586,0.109947267,3.66830932,0.309470112,0.188214938,6.01110795,3.693720032,0.078284434,0.058074206,2.730861371,0.079468066,2.651393305,0.046079282,0.034785632,1.679225149,0.048865452,1.630359698,0.137542272,0.083651084,2.671603533,1.641653347
SIPSEY,WENDELL_5,2022,S4,33.106423,-87.947001,1706.802164,9,Equilibrium,Pleurobemini,FCER,5.122852729,4.40356177,205.5382854,10.7290985,194.8091869,0.415126606,0.356634971,16.62660635,0.867908851,15.75869749,15.13266027,1.224543822,195.5284778,15.81718913,2.276823435,1.957138565,91.35034905,4.768488221,86.58186083,0.184500714,0.158504432,7.38960282,0.385737267,7.003865553,6.725626785,0.544241699,86.9015457,7.029861835
SIPSEY,WENDELL_5,2022,S4,33.106423,-87.947001,1706.802164,9,Opportunistic,Lampsilini,LORN,0,0,0,0,0,0,0,0,0,0,0,0,0,0,0,0,0,0,0,0,0,0,0,0,0,0,0,NA
SIPSEY,WENDELL_5,2022,S4,33.106423,-87.947001,1706.802164,9,Periodic,Lampsilini,OREF,0,0,0,0,0,0,0,0,0,0,0,0,0,0,0,0,0,0,0,0,0,0,0,0,0,0,0,NA
SIPSEY,WENDELL_5,2022,S4,33.106423,-87.947001,1706.802164,9,Equilibrium,Pleurobemini,PDEC,4.134390527,3.430058861,227.3056441,12.43361873,214.8720254,0.596617853,0.492530171,32.73170747,1.790424399,30.94128307,15.86367759,2.28295457,215.576357,31.04537076,1.837506901,1.524470605,101.0247307,5.52605277,95.49867794,0.26516349,0.218902298,14.54742554,0.795744177,13.75168137,7.050523375,1.014646475,95.81171424,13.79794256
SIPSEY,WENDELL_5,2022,S4,33.106423,-87.947001,1706.802164,9,Equilibrium,Quadrulini,PKIE,0.74782906,0.660721878,29.21798139,2.179661412,27.03831998,0.146469707,0.129926101,5.422360196,0.404508071,5.017852125,2.84038329,0.534434172,27.12542716,5.034395731,0.332368471,0.293654168,12.98576951,0.968738405,12.0170311,0.065097648,0.057744934,2.409937865,0.179781365,2.2301565,1.262392573,0.237526299,12.05574541,2.237509214
SIPSEY,WENDELL_5,2022,S4,33.106423,-87.947001,1706.802164,9,Periodic,Lampsilini,LSTR,0,0,0,0,0,0,0,0,0,0,0,0,0,0,0,0,0,0,0,0,0,0,0,0,0,0,0,NA
SIPSEY,WENDELL_5,2022,S4,33.106423,-87.947001,1706.802164,9,Periodic,Lampsilini,MACU,0.17119456,0.147356607,2.091352154,0.123180642,1.968171512,0.049120076,0.040767428,0.604156266,0.035584804,0.568571462,0.270537249,0.076352232,1.992009465,0.576924109,0.076086471,0.065491825,0.929489846,0.054746952,0.874742894,0.021831145,0.018118857,0.268513896,0.015815468,0.252698427,0.120238777,0.033934325,0.88533754,0.256410715
SIPSEY,WENDELL_5,2022,S4,33.106423,-87.947001,1706.802164,9,Periodic,Lampsilini,OUNI,1.914435662,1.519956797,83.50857767,4.985462087,78.52311558,0.134183169,0.105234399,5.61288318,0.335089126,5.277794054,6.505418884,0.440323525,78.91759445,5.306742824,0.850860294,0.675536354,37.11492341,2.215760928,34.89916248,0.059636964,0.046770844,2.494614747,0.1489285,2.345686246,2.891297282,0.195699344,35.07448642,2.358552366
SIPSEY,WENDELL_5,2022,S4,33.106423,-87.947001,1706.802164,9,Equilibrium,Quadrulini,QVER,2.218816912,1.570940961,68.90468544,4.230747686,64.67393775,0.520310188,0.401385736,16.01824829,0.983520445,15.03472784,5.801688646,1.384906181,65.3218137,15.1536523,0.98614085,0.698195982,30.62430464,1.880332305,28.74397233,0.231248973,0.17839366,7.119221461,0.437120198,6.682101264,2.578528287,0.615513858,29.0319172,6.734956576
SIPSEY,WENDELL_5,2022,S4,33.106423,-87.947001,1706.802164,9,Periodic,Pleurobemini,EARC,0.818817978,0.681724272,25.6198348,1.265619839,24.35421496,0.12073685,0.100701135,4.180382626,0.206510902,3.973871724,1.947344111,0.307212037,24.49130867,3.993907439,0.363919102,0.302988565,11.38659324,0.562497706,10.82409554,0.053660822,0.04475606,1.857947834,0.091782623,1.766165211,0.865486272,0.136538683,10.88502607,1.775069973
SIPSEY,WENDELL_5,2022,S4,33.106423,-87.947001,1706.802164,9,Equilibrium,Amblemini,APLI,0,0,0,0,0,0,0,0,0,0,0,0,0,0,0,0,0,0,0,0,0,0,0,0,0,0,0,NA
SIPSEY,WENDELL_5,2022,S4,33.106423,-87.947001,1706.802164,9,Equilibrium,Pleurobemini,REBE,0,0,0,0,0,0,0,0,0,0,0,0,0,0,0,0,0,0,0,0,0,0,0,0,0,0,0,NA
SIPSEY,WENDELL_5,2022,S4,33.106423,-87.947001,1706.802164,9,Equilibrium,Quadrulini,QQUA,0,0,0,0,0,0,0,0,0,0,0,0,0,0,0,0,0,0,0,0,0,0,0,0,0,0,0,NA
SIPSEY,WENDELL_5,2022,S4,33.106423,-87.947001,1706.802164,9,Opportunistic,Lampsilini,TDON,0,0,0,0,0,0,0,0,0,0,0,0,0,0,0,0,0,0,0,0,0,0,0,0,0,0,0,NA
SIPSEY,WENDELL_5,2022,S4,33.106423,-87.947001,1706.802164,9,Equilibrium,Quadrulini,MNER,0,0,0,0,0,0,0,0,0,0,0,0,0,0,0,0,0,0,0,0,0,0,0,0,0,0,0,NA
SIPSEY,WENDELL_5,2022,S4,33.106423,-87.947001,1706.802164,9,Periodic,Lampsilini,LLIE,0,0,0,0,0,0,0,0,0,0,0,0,0,0,0,0,0,0,0,0,0,0,0,0,0,0,0,NA
SIPSEY,WENDELL_5,2022,S4,33.106423,-87.947001,1706.802164,9,Periodic,Lampsilini,ELIN,0,0,0,0,0,0,0,0,0,0,0,0,0,0,0,0,0,0,0,0,0,0,0,0,0,0,0,NA
SIPSEY,WENDELL_5,2022,S4,33.106423,-87.947001,1706.802164,9,Opportunistic,Lampsilini,PFRA,0,0,0,0,0,0,0,0,0,0,0,0,0,0,0,0,0,0,0,0,0,0,0,0,0,0,0,NA
SIPSEY,WENDELL_5,2022,S4,33.106423,-87.947001,1706.802164,9,Opportunistic,Lampsilini,LREC,0,0,0,0,0,0,0,0,0,0,0,0,0,0,0,0,0,0,0,0,0,0,0,0,0,0,0,NA
SIPSEY,WENDELL_5,2022,S4,33.106423,-87.947001,1706.802164,9,Periodic,Lampsilini,OARK,0,0,0,0,0,0,0,0,0,0,0,0,0,0,0,0,0,0,0,0,0,0,0,0,0,0,0,NA
SIPSEY,WENDELL_5,2022,S4,33.106423,-87.947001,1706.802164,9,Opportunistic,Lampsilini,PINF,0.277931466,0.233518018,1.212433906,0.073837225,1.138596681,0.277931466,0.233518018,1.212433906,0.073837225,1.138596681,0.307355243,0.307355243,1.18301013,1.18301013,0.123525096,0.103785786,0.538859514,0.032816544,0.50604297,0.123525096,0.103785786,0.538859514,0.032816544,0.50604297,0.13660233,0.13660233,0.52578228,0.52578228
SIPSEY,WENDELL_5,2022,S4,33.106423,-87.947001,1706.802164,9,Equilibrium,Pleurobemini,PPER,0,0,0,0,0,0,0,0,0,0,0,0,0,0,0,0,0,0,0,0,0,0,0,0,0,0,0,NA
SIPSEY,WENDELL_5,2022,S4,33.106423,-87.947001,1706.802164,9,Opportunistic,Lampsilini,LTER,0,0,0,0,0,0,0,0,0,0,0,0,0,0,0,0,0,0,0,0,0,0,0,0,0,0,0,NA
SIPSEY,WENDELL_5,2022,S4,33.106423,-87.947001,1706.802164,9,Periodic,Alasmodontini,SSUB,0,0,0,0,0,0,0,0,0,0,0,0,0,0,0,0,0,0,0,0,0,0,0,0,0,0,0,NA
SIPSEY,WENDELL_5,2022,S4,33.106423,-87.947001,1706.802164,9,Opportunistic,Lampsilini,TPAR,0,0,0,0,0,0,0,0,0,0,0,0,0,0,0,0,0,0,0,0,0,0,0,0,0,0,0,NA
SIPSEY,WENDELL_5,2022,S4,33.106423,-87.947001,1706.802164,9,Opportunistic,Lampsilini,PPUR,0,0,0,0,0,0,0,0,0,0,0,0,0,0,0,0,0,0,0,0,0,0,0,0,0,0,0,NA
SIPSEY,WENDELL_5,2022,S4,33.106423,-87.947001,1706.802164,9,Periodic,Lampsilini,HPER,0,0,0,0,0,0,0,0,0,0,0,0,0,0,0,0,0,0,0,0,0,0,0,0,0,0,0,NA
SIPSEY,WENDELL_5,2022,S4,33.106423,-87.947001,1706.802164,9,Periodic,Lampsilini,VVIB,0,0,0,0,0,0,0,0,0,0,0,0,0,0,0,0,0,0,0,0,0,0,0,0,0,0,0,NA
SIPSEY,WENDELL_5,2022,S4,33.106423,-87.947001,1706.802164,9,Periodic,Pleurobemini,ECRA,0,0,0,0,0,0,0,0,0,0,0,0,0,0,0,0,0,0,0,0,0,0,0,0,0,0,0,NA
SIPSEY,WENDELL_5,2022,S4,33.106423,-87.947001,1706.802164,9,Opportunistic,Lampsilini,TTRU,0,0,0,0,0,0,0,0,0,0,0,0,0,0,0,0,0,0,0,0,0,0,0,0,0,0,0,NA
SIPSEY,WENDELL_5,2022,S4,33.106423,-87.947001,1706.802164,9,NA,Lampsilini,LAMP,0,0,0,0,0,0,0,0,0,0,0,0,0,0,0,0,0,0,0,0,0,0,0,0,0,0,0,NA
SIPSEY,WENDELL_5,2022,S4,33.106423,-87.947001,1706.802164,9,Periodic,Anodontini,LCOM,0,0,0,0,0,0,0,0,0,0,0,0,0,0,0,0,0,0,0,0,0,0,0,0,0,0,0,NA
SIPSEY,WENDELL_3,2016,S5,33.086944,-87.961944,1737.882022,0-20_13,NA,Corbicula,CFLU,0.096263077,0.06448168,2.630788644,0.07655595,2.554232694,0.096263077,0.06448168,2.630788644,0.07655595,2.554232694,0.14103763,0.14103763,2.58601409,2.58601409,0.038505231,0.025792672,1.052315457,0.03062238,1.021693078,0.038505231,0.025792672,1.052315457,0.03062238,1.021693078,0.056415052,0.056415052,1.034405636,1.034405636
SIPSEY,WENDELL_3,2016,S5,33.086944,-87.961944,1737.882022,0-20_13,Equilibrium,Pleurobemini,FCER,5.289082484,4.463276355,199.6741237,10.42298925,189.2511344,0.032507957,0.026748187,1.125194457,0.058735151,1.066459306,14.88626561,0.085483337,190.0769405,1.072219076,2.115632994,1.785310542,79.86964946,4.169195702,75.70045376,0.013003183,0.010699275,0.450077783,0.02349406,0.426583722,5.954506244,0.034193335,76.03077621,0.42888763
SIPSEY,WENDELL_3,2016,S5,33.086944,-87.961944,1737.882022,0-20_13,Opportunistic,Lampsilini,LORN,3.190268521,2.411742753,35.74518743,4.135718186,31.60946925,0.086857863,0.059090031,1.690444764,0.195584459,1.494860305,6.547460939,0.25467449,32.38799501,1.522628138,1.276107409,0.964697101,14.29807497,1.654287274,12.6437877,0.034743145,0.023636012,0.676177906,0.078233784,0.597944122,2.618984376,0.101869796,12.95519801,0.609051255
SIPSEY,WENDELL_3,2016,S5,33.086944,-87.961944,1737.882022,0-20_13,Periodic,Lampsilini,OREF,2.556275062,2.167778026,112.2715733,4.625588821,107.6459845,0.032382039,0.027118349,1.342131533,0.055295819,1.286835714,6.793366847,0.082414168,108.0344815,1.292099405,1.022510025,0.86711121,44.90862933,1.850235529,43.0583938,0.012952816,0.010847339,0.536852613,0.022118328,0.514734286,2.717346739,0.032965667,43.21379262,0.516839762
SIPSEY,WENDELL_3,2016,S5,33.086944,-87.961944,1737.882022,0-20_13,Equilibrium,Pleurobemini,PDEC,8.353996559,6.912783676,458.7809604,25.09531854,433.6856419,0.925047303,0.761149708,50.67891087,2.772136424,47.90677444,32.00810221,3.533286133,435.1268548,48.07067204,3.341598624,2.76511347,183.5123842,10.03812741,173.4742568,0.370018921,0.304459883,20.27156435,1.10885457,19.16270978,12.80324088,1.413314453,174.0507419,19.22826881
SIPSEY,WENDELL_3,2016,S5,33.086944,-87.961944,1737.882022,0-20_13,Equilibrium,Quadrulini,PKIE,6.017252546,5.319489947,232.6673828,17.35698676,215.310396,1.096160617,0.97660885,38.02047986,2.836327798,35.18415206,22.6764767,3.812936648,216.0081586,35.30370383,2.406901018,2.127795979,93.06695312,6.942794702,86.12415841,0.438464247,0.39064354,15.20819194,1.134531119,14.07366082,9.070590681,1.525174659,86.40326345,14.12148153
SIPSEY,WENDELL_3,2016,S5,33.086944,-87.961944,1737.882022,0-20_13,Periodic,Lampsilini,LSTR,1.871572264,1.461180129,32.82480143,2.002312887,30.82248854,0.392087111,0.300160386,7.30026121,0.445315934,6.854945276,3.463493016,0.74547632,31.23288068,6.946872001,0.748628906,0.584472052,13.12992057,0.800925155,12.32899542,0.156834844,0.120064154,2.920104484,0.178126374,2.74197811,1.385397206,0.298190528,12.49315227,2.7787488
SIPSEY,WENDELL_3,2016,S5,33.086944,-87.961944,1737.882022,0-20_13,Periodic,Lampsilini,MACU,0.167594965,0.143857135,2.048365306,0.120648716,1.927716589,0.055128596,0.048291777,0.671104979,0.039528083,0.631576896,0.264505851,0.08781986,1.951454419,0.638413715,0.067037986,0.057542854,0.819346122,0.048259487,0.771086636,0.022051439,0.019316711,0.268441992,0.015811233,0.252630758,0.10580234,0.035127944,0.780581768,0.255365486
SIPSEY,WENDELL_3,2016,S5,33.086944,-87.961944,1737.882022,0-20_13,Periodic,Lampsilini,OUNI,2.340994356,1.843929286,99.74476354,5.954762383,93.79000116,0.179196435,0.137718577,7.081469782,0.422763746,6.658706036,7.798691669,0.560482323,94.28706623,6.700183894,0.936397742,0.737571714,39.89790542,2.381904953,37.51600046,0.071678574,0.055087431,2.832587913,0.169105498,2.663482415,3.119476668,0.224192929,37.71482649,2.680073557
SIPSEY,WENDELL_3,2016,S5,33.086944,-87.961944,1737.882022,0-20_13,Equilibrium,Quadrulini,QVER,12.19366255,10.15340526,373.0093988,22.90277709,350.1066217,0.857506446,0.787613401,26.01444474,1.597286907,24.41715784,33.05618235,2.384900308,352.146879,24.48705088,4.877465021,4.061362105,149.2037595,9.161110834,140.0426487,0.343002579,0.31504536,10.4057779,0.638914763,9.766863134,13.22247294,0.953960123,140.8587516,9.794820352
SIPSEY,WENDELL_3,2016,S5,33.086944,-87.961944,1737.882022,0-20_13,Periodic,Pleurobemini,EARC,0,0,0,0,0,0,0,0,0,0,0,0,0,0,0,0,0,0,0,0,0,0,0,0,0,0,0,NA
SIPSEY,WENDELL_3,2016,S5,33.086944,-87.961944,1737.882022,0-20_13,Equilibrium,Amblemini,APLI,0,0,0,0,0,0,0,0,0,0,0,0,0,0,0,0,0,0,0,0,0,0,0,0,0,0,0,NA
SIPSEY,WENDELL_3,2016,S5,33.086944,-87.961944,1737.882022,0-20_13,Equilibrium,Pleurobemini,REBE,0,0,0,0,0,0,0,0,0,0,0,0,0,0,0,0,0,0,0,0,0,0,0,0,0,0,0,NA
SIPSEY,WENDELL_3,2016,S5,33.086944,-87.961944,1737.882022,0-20_13,Equilibrium,Quadrulini,QQUA,0,0,0,0,0,0,0,0,0,0,0,0,0,0,0,0,0,0,0,0,0,0,0,0,0,0,0,NA
SIPSEY,WENDELL_3,2016,S5,33.086944,-87.961944,1737.882022,0-20_13,Opportunistic,Lampsilini,TDON,0.047937328,0.040276943,0.75380366,0.045906643,0.707897017,0.047623111,0.040012938,0.75029255,0.045692816,0.704599734,0.086183585,0.085705754,0.715557402,0.712209907,0.019174931,0.016110777,0.301521464,0.018362657,0.283158807,0.019049244,0.016005175,0.30011702,0.018277127,0.281839894,0.034473434,0.034282302,0.286222961,0.284883963
SIPSEY,WENDELL_3,2016,S5,33.086944,-87.961944,1737.882022,0-20_13,Equilibrium,Quadrulini,MNER,0,0,0,0,0,0,0,0,0,0,0,0,0,0,0,0,0,0,0,0,0,0,0,0,0,0,0,NA
SIPSEY,WENDELL_3,2016,S5,33.086944,-87.961944,1737.882022,0-20_13,Periodic,Lampsilini,LLIE,0,0,0,0,0,0,0,0,0,0,0,0,0,0,0,0,0,0,0,0,0,0,0,0,0,0,0,NA
SIPSEY,WENDELL_3,2016,S5,33.086944,-87.961944,1737.882022,0-20_13,Periodic,Lampsilini,ELIN,0,0,0,0,0,0,0,0,0,0,0,0,0,0,0,0,0,0,0,0,0,0,0,0,0,0,0,NA
SIPSEY,WENDELL_3,2016,S5,33.086944,-87.961944,1737.882022,0-20_13,Opportunistic,Lampsilini,PFRA,0,0,0,0,0,0,0,0,0,0,0,0,0,0,0,0,0,0,0,0,0,0,0,0,0,0,0,NA
SIPSEY,WENDELL_3,2016,S5,33.086944,-87.961944,1737.882022,0-20_13,Opportunistic,Lampsilini,LREC,0,0,0,0,0,0,0,0,0,0,0,0,0,0,0,0,0,0,0,0,0,0,0,0,0,0,0,NA
SIPSEY,WENDELL_3,2016,S5,33.086944,-87.961944,1737.882022,0-20_13,Periodic,Lampsilini,OARK,1.339379084,1.081744816,61.33868475,3.66191948,57.67676527,0,0,0,0,0,4.743664295,0,57.93439954,0,0.535751634,0.432697926,24.5354739,1.464767792,23.07070611,0,0,0,0,0,1.897465718,0,23.17375982,0
SIPSEY,WENDELL_3,2016,S5,33.086944,-87.961944,1737.882022,0-20_13,Opportunistic,Lampsilini,PINF,0,0,0,0,0,0,0,0,0,0,0,0,0,0,0,0,0,0,0,0,0,0,0,0,0,0,0,NA
SIPSEY,WENDELL_3,2016,S5,33.086944,-87.961944,1737.882022,0-20_13,Equilibrium,Pleurobemini,PPER,0,0,0,0,0,0,0,0,0,0,0,0,0,0,0,0,0,0,0,0,0,0,0,0,0,0,0,NA
SIPSEY,WENDELL_3,2016,S5,33.086944,-87.961944,1737.882022,0-20_13,Opportunistic,Lampsilini,LTER,0,0,0,0,0,0,0,0,0,0,0,0,0,0,0,0,0,0,0,0,0,0,0,0,0,0,0,NA
SIPSEY,WENDELL_3,2016,S5,33.086944,-87.961944,1737.882022,0-20_13,Periodic,Alasmodontini,SSUB,0,0,0,0,0,0,0,0,0,0,0,0,0,0,0,0,0,0,0,0,0,0,0,0,0,0,0,NA
SIPSEY,WENDELL_3,2016,S5,33.086944,-87.961944,1737.882022,0-20_13,Opportunistic,Lampsilini,TPAR,0,0,0,0,0,0,0,0,0,0,0,0,0,0,0,0,0,0,0,0,0,0,0,0,0,0,0,NA
SIPSEY,WENDELL_3,2016,S5,33.086944,-87.961944,1737.882022,0-20_13,Opportunistic,Lampsilini,PPUR,0,0,0,0,0,0,0,0,0,0,0,0,0,0,0,0,0,0,0,0,0,0,0,0,0,0,0,NA
SIPSEY,WENDELL_3,2016,S5,33.086944,-87.961944,1737.882022,0-20_13,Periodic,Lampsilini,HPER,0,0,0,0,0,0,0,0,0,0,0,0,0,0,0,0,0,0,0,0,0,0,0,0,0,0,0,NA
SIPSEY,WENDELL_3,2016,S5,33.086944,-87.961944,1737.882022,0-20_13,Periodic,Lampsilini,VVIB,0,0,0,0,0,0,0,0,0,0,0,0,0,0,0,0,0,0,0,0,0,0,0,0,0,0,0,NA
SIPSEY,WENDELL_3,2016,S5,33.086944,-87.961944,1737.882022,0-20_13,Periodic,Pleurobemini,ECRA,0,0,0,0,0,0,0,0,0,0,0,0,0,0,0,0,0,0,0,0,0,0,0,0,0,0,0,NA
SIPSEY,WENDELL_3,2016,S5,33.086944,-87.961944,1737.882022,0-20_13,Opportunistic,Lampsilini,TTRU,0,0,0,0,0,0,0,0,0,0,0,0,0,0,0,0,0,0,0,0,0,0,0,0,0,0,0,NA
SIPSEY,WENDELL_3,2016,S5,33.086944,-87.961944,1737.882022,0-20_13,NA,Lampsilini,LAMP,0,0,0,0,0,0,0,0,0,0,0,0,0,0,0,0,0,0,0,0,0,0,0,0,0,0,0,NA
SIPSEY,WENDELL_3,2016,S5,33.086944,-87.961944,1737.882022,0-20_13,Periodic,Anodontini,LCOM,0,0,0,0,0,0,0,0,0,0,0,0,0,0,0,0,0,0,0,0,0,0,0,0,0,0,0,NA
SIPSEY,WENDELL_3,2016,S5,33.086944,-87.961944,1737.882022,0-20_18,NA,Corbicula,CFLU,0.108116224,0.075386331,3.252547971,0.094649146,3.157898825,0.096039292,0.066653115,2.858184388,0.083173166,2.775011222,0.170035477,0.149826281,3.190628718,2.804397399,0.036038741,0.025128777,1.084182657,0.031549715,1.052632942,0.032013097,0.022217705,0.952728129,0.027724389,0.925003741,0.056678492,0.049942094,1.063542906,0.934799133
SIPSEY,WENDELL_3,2016,S5,33.086944,-87.961944,1737.882022,0-20_18,Equilibrium,Pleurobemini,FCER,0.204114617,0.184485093,9.611876052,0.50173993,9.110136122,0.081411157,0.071506225,3.477959143,0.181549467,3.296409676,0.686225023,0.253055692,9.129765646,3.306314608,0.068038206,0.061495031,3.203958684,0.167246643,3.036712041,0.027137052,0.023835408,1.159319714,0.060516489,1.098803225,0.228741674,0.084351897,3.043255215,1.102104869
SIPSEY,WENDELL_3,2016,S5,33.086944,-87.961944,1737.882022,0-20_18,Opportunistic,Lampsilini,LORN,0,0,0,0,0,0,0,0,0,0,0,0,0,0,0,0,0,0,0,0,0,0,0,0,0,0,0,NA
SIPSEY,WENDELL_3,2016,S5,33.086944,-87.961944,1737.882022,0-20_18,Periodic,Lampsilini,OREF,0,0,0,0,0,0,0,0,0,0,0,0,0,0,0,0,0,0,0,0,0,0,0,0,0,0,0,NA
SIPSEY,WENDELL_3,2016,S5,33.086944,-87.961944,1737.882022,0-20_18,Equilibrium,Pleurobemini,PDEC,0.97116315,0.806162137,53.40675449,2.921349471,50.48540502,0.144703212,0.118939963,7.924007237,0.433443196,7.490564041,3.727511607,0.552383159,50.65040603,7.51632729,0.32372105,0.268720712,17.8022515,0.973783157,16.82846834,0.048234404,0.039646654,2.641335746,0.144481065,2.49685468,1.242503869,0.18412772,16.88346868,2.50544243
SIPSEY,WENDELL_3,2016,S5,33.086944,-87.961944,1737.882022,0-20_18,Equilibrium,Quadrulini,PKIE,3.206091876,2.845427859,118.2316956,8.820084493,109.4116111,0.373437978,0.332499686,13.07714255,0.975554834,12.10158772,11.66551235,1.30805452,109.7722751,12.14252601,1.068697292,0.948475953,39.4105652,2.940028164,36.47053704,0.124479326,0.110833229,4.359047517,0.325184945,4.033862572,3.888504117,0.436018173,36.59075838,4.047508669
SIPSEY,WENDELL_3,2016,S5,33.086944,-87.961944,1737.882022,0-20_18,Periodic,Lampsilini,LSTR,0,0,0,0,0,0,0,0,0,0,0,0,0,0,0,0,0,0,0,0,0,0,0,0,0,0,0,NA
SIPSEY,WENDELL_3,2016,S5,33.086944,-87.961944,1737.882022,0-20_18,Periodic,Lampsilini,MACU,0.02943719,0.023809333,0.364048036,0.021442429,0.342605607,0.025245645,0.020849617,0.310779901,0.018304936,0.292474965,0.045251762,0.039154553,0.348233464,0.296870994,0.009812397,0.007936444,0.121349345,0.007147476,0.114201869,0.008415215,0.006949872,0.1035933,0.006101645,0.097491655,0.015083921,0.013051518,0.116077821,0.098956998
SIPSEY,WENDELL_3,2016,S5,33.086944,-87.961944,1737.882022,0-20_18,Periodic,Lampsilini,OUNI,0,0,0,0,0,0,0,0,0,0,0,0,0,0,0,0,0,0,0,0,0,0,0,0,0,0,0,NA
SIPSEY,WENDELL_3,2016,S5,33.086944,-87.961944,1737.882022,0-20_18,Equilibrium,Quadrulini,QVER,2.928962956,2.412997334,89.65868778,5.50504343,84.15364435,0.218152589,0.216525654,6.553560396,0.402388608,6.151171788,7.918040763,0.618914262,84.66960998,6.152798723,0.976320985,0.804332445,29.88622926,1.835014477,28.05121478,0.07271753,0.072175218,2.184520132,0.134129536,2.050390596,2.639346921,0.206304754,28.22320333,2.050932908
SIPSEY,WENDELL_3,2016,S5,33.086944,-87.961944,1737.882022,0-20_18,Periodic,Pleurobemini,EARC,1.524078711,1.270508466,51.40943519,2.539626098,48.86980909,0,0,0,0,0,3.810134565,0,49.12337934,0,0.508026237,0.423502822,17.1364784,0.846542033,16.28993636,0,0,0,0,0,1.270044855,0,16.37445978,0
SIPSEY,WENDELL_3,2016,S5,33.086944,-87.961944,1737.882022,0-20_18,Equilibrium,Amblemini,APLI,0,0,0,0,0,0,0,0,0,0,0,0,0,0,0,0,0,0,0,0,0,0,0,0,0,0,0,NA
SIPSEY,WENDELL_3,2016,S5,33.086944,-87.961944,1737.882022,0-20_18,Equilibrium,Pleurobemini,REBE,0,0,0,0,0,0,0,0,0,0,0,0,0,0,0,0,0,0,0,0,0,0,0,0,0,0,0,NA
SIPSEY,WENDELL_3,2016,S5,33.086944,-87.961944,1737.882022,0-20_18,Equilibrium,Quadrulini,QQUA,0,0,0,0,0,0,0,0,0,0,0,0,0,0,0,0,0,0,0,0,0,0,0,0,0,0,0,NA
SIPSEY,WENDELL_3,2016,S5,33.086944,-87.961944,1737.882022,0-20_18,Opportunistic,Lampsilini,TDON,0.063054997,0.052978809,1.06263535,0.064714493,0.997920857,0.051124447,0.042954761,0.884264292,0.053851695,0.830412596,0.117693301,0.096806456,1.007997046,0.838582283,0.021018332,0.017659603,0.354211783,0.021571498,0.332640286,0.017041482,0.014318254,0.294754764,0.017950565,0.276804199,0.0392311,0.032268819,0.335999015,0.279527428
SIPSEY,WENDELL_3,2016,S5,33.086944,-87.961944,1737.882022,0-20_18,Equilibrium,Quadrulini,MNER,0,0,0,0,0,0,0,0,0,0,0,0,0,0,0,0,0,0,0,0,0,0,0,0,0,0,0,NA
SIPSEY,WENDELL_3,2016,S5,33.086944,-87.961944,1737.882022,0-20_18,Periodic,Lampsilini,LLIE,0,0,0,0,0,0,0,0,0,0,0,0,0,0,0,0,0,0,0,0,0,0,0,0,0,0,0,NA
SIPSEY,WENDELL_3,2016,S5,33.086944,-87.961944,1737.882022,0-20_18,Periodic,Lampsilini,ELIN,0,0,0,0,0,0,0,0,0,0,0,0,0,0,0,0,0,0,0,0,0,0,0,0,0,0,0,NA
SIPSEY,WENDELL_3,2016,S5,33.086944,-87.961944,1737.882022,0-20_18,Opportunistic,Lampsilini,PFRA,0,0,0,0,0,0,0,0,0,0,0,0,0,0,0,0,0,0,0,0,0,0,0,0,0,0,0,NA
SIPSEY,WENDELL_3,2016,S5,33.086944,-87.961944,1737.882022,0-20_18,Opportunistic,Lampsilini,LREC,0,0,0,0,0,0,0,0,0,0,0,0,0,0,0,0,0,0,0,0,0,0,0,0,0,0,0,NA
SIPSEY,WENDELL_3,2016,S5,33.086944,-87.961944,1737.882022,0-20_18,Periodic,Lampsilini,OARK,0,0,0,0,0,0,0,0,0,0,0,0,0,0,0,0,0,0,0,0,0,0,0,0,0,0,0,NA
SIPSEY,WENDELL_3,2016,S5,33.086944,-87.961944,1737.882022,0-20_18,Opportunistic,Lampsilini,PINF,0,0,0,0,0,0,0,0,0,0,0,0,0,0,0,0,0,0,0,0,0,0,0,0,0,0,0,NA
SIPSEY,WENDELL_3,2016,S5,33.086944,-87.961944,1737.882022,0-20_18,Equilibrium,Pleurobemini,PPER,0,0,0,0,0,0,0,0,0,0,0,0,0,0,0,0,0,0,0,0,0,0,0,0,0,0,0,NA
SIPSEY,WENDELL_3,2016,S5,33.086944,-87.961944,1737.882022,0-20_18,Opportunistic,Lampsilini,LTER,0,0,0,0,0,0,0,0,0,0,0,0,0,0,0,0,0,0,0,0,0,0,0,0,0,0,0,NA
SIPSEY,WENDELL_3,2016,S5,33.086944,-87.961944,1737.882022,0-20_18,Periodic,Alasmodontini,SSUB,0,0,0,0,0,0,0,0,0,0,0,0,0,0,0,0,0,0,0,0,0,0,0,0,0,0,0,NA
SIPSEY,WENDELL_3,2016,S5,33.086944,-87.961944,1737.882022,0-20_18,Opportunistic,Lampsilini,TPAR,0,0,0,0,0,0,0,0,0,0,0,0,0,0,0,0,0,0,0,0,0,0,0,0,0,0,0,NA
SIPSEY,WENDELL_3,2016,S5,33.086944,-87.961944,1737.882022,0-20_18,Opportunistic,Lampsilini,PPUR,0,0,0,0,0,0,0,0,0,0,0,0,0,0,0,0,0,0,0,0,0,0,0,0,0,0,0,NA
SIPSEY,WENDELL_3,2016,S5,33.086944,-87.961944,1737.882022,0-20_18,Periodic,Lampsilini,HPER,0,0,0,0,0,0,0,0,0,0,0,0,0,0,0,0,0,0,0,0,0,0,0,0,0,0,0,NA
SIPSEY,WENDELL_3,2016,S5,33.086944,-87.961944,1737.882022,0-20_18,Periodic,Lampsilini,VVIB,0,0,0,0,0,0,0,0,0,0,0,0,0,0,0,0,0,0,0,0,0,0,0,0,0,0,0,NA
SIPSEY,WENDELL_3,2016,S5,33.086944,-87.961944,1737.882022,0-20_18,Periodic,Pleurobemini,ECRA,0,0,0,0,0,0,0,0,0,0,0,0,0,0,0,0,0,0,0,0,0,0,0,0,0,0,0,NA
SIPSEY,WENDELL_3,2016,S5,33.086944,-87.961944,1737.882022,0-20_18,Opportunistic,Lampsilini,TTRU,0,0,0,0,0,0,0,0,0,0,0,0,0,0,0,0,0,0,0,0,0,0,0,0,0,0,0,NA
SIPSEY,WENDELL_3,2016,S5,33.086944,-87.961944,1737.882022,0-20_18,NA,Lampsilini,LAMP,0,0,0,0,0,0,0,0,0,0,0,0,0,0,0,0,0,0,0,0,0,0,0,0,0,0,0,NA
SIPSEY,WENDELL_3,2016,S5,33.086944,-87.961944,1737.882022,0-20_18,Periodic,Anodontini,LCOM,0,0,0,0,0,0,0,0,0,0,0,0,0,0,0,0,0,0,0,0,0,0,0,0,0,0,0,NA
SIPSEY,WENDELL_3,2016,S5,33.086944,-87.961944,1737.882022,0-20_2,NA,Corbicula,CFLU,0.065565953,0.045897049,2.004259027,0.058323938,1.945935089,0.053489021,0.037163834,1.609895444,0.046847957,1.563047486,0.104220987,0.084011791,1.965603993,1.579372674,0.029140424,0.020398689,0.89078179,0.02592175,0.86486004,0.023772898,0.016517259,0.715509086,0.020821314,0.694687772,0.046320439,0.037338574,0.873601775,0.701943411
SIPSEY,WENDELL_3,2016,S5,33.086944,-87.961944,1737.882022,0-20_2,Equilibrium,Pleurobemini,FCER,1.525062475,1.317230125,62.10897227,3.242088352,58.86688391,0.154506597,0.131529991,6.041047678,0.315342689,5.725704989,4.559318477,0.44687268,59.07471626,5.748681596,0.677805544,0.585435611,27.60398767,1.440928157,26.16305952,0.068669599,0.058457774,2.684910079,0.140152306,2.544757773,2.026363768,0.19861008,26.25542945,2.554969598
SIPSEY,WENDELL_3,2016,S5,33.086944,-87.961944,1737.882022,0-20_2,Opportunistic,Lampsilini,LORN,0.023601429,0.029334672,0.006506099,0.000752756,0.005753344,0.023601429,0.029334672,0.006506099,0.000752756,0.005753344,0.030087428,0.030087428,2.0100265842463e-05,2.0100265842463e-05,0.010489524,0.013037632,0.0028916,0.000334558,0.002557042,0.010489524,0.013037632,0.0028916,0.000334558,0.002557042,0.01337219,0.01337219,8.93345148553042e-06,8.93345148556815e-06
SIPSEY,WENDELL_3,2016,S5,33.086944,-87.961944,1737.882022,0-20_2,Periodic,Lampsilini,OREF,1.477208171,1.260892439,66.78638949,2.751599247,64.03479024,0.069166254,0.060560033,3.462252354,0.142644797,3.319607557,4.012491686,0.20320483,64.25110597,3.328213778,0.656536965,0.560396639,29.68283977,1.222932999,28.45990677,0.030740557,0.02691557,1.538778824,0.063397688,1.475381136,1.783329638,0.090313258,28.5560471,1.479206124
SIPSEY,WENDELL_3,2016,S5,33.086944,-87.961944,1737.882022,0-20_2,Equilibrium,Pleurobemini,PDEC,4.799476537,3.974161228,263.6515313,14.42173876,249.2297926,0.574180138,0.474540292,31.51593295,1.723921532,29.79201141,18.39589999,2.198461824,250.0551079,29.89165126,2.133100683,1.766293879,117.1784584,6.409661673,110.7687967,0.255191173,0.210906796,14.00708131,0.766187348,13.24089396,8.175955552,0.977094144,111.1356035,13.28517834
SIPSEY,WENDELL_3,2016,S5,33.086944,-87.961944,1737.882022,0-20_2,Equilibrium,Quadrulini,PKIE,6.488380725,5.763606885,237.0979047,17.68750369,219.410401,0.741394766,0.658539402,26.88619592,2.005710216,24.88048571,23.45111058,2.664249618,220.1351749,24.96334107,2.883724767,2.56160306,105.3768465,7.861112752,97.51573379,0.329508785,0.292684179,11.94942041,0.891426763,11.05799365,10.42271581,1.184110941,97.8378555,11.09481825
SIPSEY,WENDELL_3,2016,S5,33.086944,-87.961944,1737.882022,0-20_2,Periodic,Lampsilini,LSTR,0,0,0,0,0,0,0,0,0,0,0,0,0,0,0,0,0,0,0,0,0,0,0,0,0,0,0,NA
SIPSEY,WENDELL_3,2016,S5,33.086944,-87.961944,1737.882022,0-20_2,Periodic,Lampsilini,MACU,0.088921817,0.072715188,1.097572634,0.064647028,1.032925606,0.06374995,0.0531819,0.783611022,0.046154689,0.737456333,0.137362216,0.09933659,1.049132235,0.748024383,0.039520808,0.032317861,0.487810059,0.028732013,0.459078047,0.028333311,0.0236364,0.348271565,0.020513195,0.32775837,0.061049874,0.044149595,0.466280993,0.332455281
SIPSEY,WENDELL_3,2016,S5,33.086944,-87.961944,1737.882022,0-20_2,Periodic,Lampsilini,OUNI,1.514358265,1.182810911,62.85508956,3.752448847,59.10264071,0.170083294,0.135301097,7.422968093,0.443151195,6.979816898,4.935259757,0.578452292,59.43418807,7.014599095,0.673048118,0.525693738,27.93559536,1.667755043,26.26784032,0.075592575,0.060133821,3.29909693,0.196956087,3.102140844,2.193448781,0.257089908,26.4151947,3.117599598
SIPSEY,WENDELL_3,2016,S5,33.086944,-87.961944,1737.882022,0-20_2,Equilibrium,Quadrulini,QVER,0.173174566,0.07774058,5.599113187,0.34378555,5.255327637,0.131352399,0.063901905,4.209233223,0.25844692,3.950786303,0.421526129,0.322348824,5.350761624,4.018236797,0.076966474,0.034551369,2.48849475,0.152793578,2.335701172,0.058378844,0.028400846,1.870770321,0.114865298,1.755905023,0.187344946,0.143266144,2.378116277,1.785883021
SIPSEY,WENDELL_3,2016,S5,33.086944,-87.961944,1737.882022,0-20_2,Periodic,Pleurobemini,EARC,0,0,0,0,0,0,0,0,0,0,0,0,0,0,0,0,0,0,0,0,0,0,0,0,0,0,0,NA
SIPSEY,WENDELL_3,2016,S5,33.086944,-87.961944,1737.882022,0-20_2,Equilibrium,Amblemini,APLI,15.86123701,13.05040149,656.7913775,47.09194177,609.6994357,0.781370437,0.623415388,30.04868616,2.154490797,27.89419536,60.14234325,2.777906185,612.5102712,28.05215041,7.04943867,5.800178439,291.9072789,20.9297519,270.977527,0.34727575,0.277073506,13.35497162,0.957551465,12.39742016,26.72993034,1.234624971,272.2267872,12.4676224
SIPSEY,WENDELL_3,2016,S5,33.086944,-87.961944,1737.882022,0-20_2,Equilibrium,Pleurobemini,REBE,0,0,0,0,0,0,0,0,0,0,0,0,0,0,0,0,0,0,0,0,0,0,0,0,0,0,0,NA
SIPSEY,WENDELL_3,2016,S5,33.086944,-87.961944,1737.882022,0-20_2,Equilibrium,Quadrulini,QQUA,0,0,0,0,0,0,0,0,0,0,0,0,0,0,0,0,0,0,0,0,0,0,0,0,0,0,0,NA
SIPSEY,WENDELL_3,2016,S5,33.086944,-87.961944,1737.882022,0-20_2,Opportunistic,Lampsilini,TDON,0.036093978,0.03032616,0.584352496,0.035587067,0.548765429,0.034378277,0.028884628,0.562040682,0.034228278,0.527812405,0.065913227,0.063112906,0.554533247,0.533306053,0.016041768,0.013478293,0.25971222,0.015816474,0.243895746,0.015279234,0.012837613,0.249795859,0.015212568,0.234583291,0.029294768,0.02805018,0.246459221,0.237024913
SIPSEY,WENDELL_3,2016,S5,33.086944,-87.961944,1737.882022,0-20_2,Equilibrium,Quadrulini,MNER,0,0,0,0,0,0,0,0,0,0,0,0,0,0,0,0,0,0,0,0,0,0,0,0,0,0,0,NA
SIPSEY,WENDELL_3,2016,S5,33.086944,-87.961944,1737.882022,0-20_2,Periodic,Lampsilini,LLIE,0.800063338,0.670051668,26.30103454,1.307161417,24.99387312,0,0,0,0,0,1.977213085,0,25.12388479,0,0.355583706,0.297800741,11.68934868,0.58096063,11.10838805,0,0,0,0,0,0.878761371,0,11.16617102,0
SIPSEY,WENDELL_3,2016,S5,33.086944,-87.961944,1737.882022,0-20_2,Periodic,Lampsilini,ELIN,0,0,0,0,0,0,0,0,0,0,0,0,0,0,0,0,0,0,0,0,0,0,0,0,0,0,0,NA
SIPSEY,WENDELL_3,2016,S5,33.086944,-87.961944,1737.882022,0-20_2,Opportunistic,Lampsilini,PFRA,0,0,0,0,0,0,0,0,0,0,0,0,0,0,0,0,0,0,0,0,0,0,0,0,0,0,0,NA
SIPSEY,WENDELL_3,2016,S5,33.086944,-87.961944,1737.882022,0-20_2,Opportunistic,Lampsilini,LREC,0,0,0,0,0,0,0,0,0,0,0,0,0,0,0,0,0,0,0,0,0,0,0,0,0,0,0,NA
SIPSEY,WENDELL_3,2016,S5,33.086944,-87.961944,1737.882022,0-20_2,Periodic,Lampsilini,OARK,0.862882832,0.684871379,37.52358938,2.240158286,35.2834311,0,0,0,0,0,2.925029665,0,35.46144255,0,0.383503481,0.30438728,16.67715084,0.995625905,15.68152493,0,0,0,0,0,1.300013184,0,15.76064113,0
SIPSEY,WENDELL_3,2016,S5,33.086944,-87.961944,1737.882022,0-20_2,Opportunistic,Lampsilini,PINF,0,0,0,0,0,0,0,0,0,0,0,0,0,0,0,0,0,0,0,0,0,0,0,0,0,0,0,NA
SIPSEY,WENDELL_3,2016,S5,33.086944,-87.961944,1737.882022,0-20_2,Equilibrium,Pleurobemini,PPER,0,0,0,0,0,0,0,0,0,0,0,0,0,0,0,0,0,0,0,0,0,0,0,0,0,0,0,NA
SIPSEY,WENDELL_3,2016,S5,33.086944,-87.961944,1737.882022,0-20_2,Opportunistic,Lampsilini,LTER,0,0,0,0,0,0,0,0,0,0,0,0,0,0,0,0,0,0,0,0,0,0,0,0,0,0,0,NA
SIPSEY,WENDELL_3,2016,S5,33.086944,-87.961944,1737.882022,0-20_2,Periodic,Alasmodontini,SSUB,0,0,0,0,0,0,0,0,0,0,0,0,0,0,0,0,0,0,0,0,0,0,0,0,0,0,0,NA
SIPSEY,WENDELL_3,2016,S5,33.086944,-87.961944,1737.882022,0-20_2,Opportunistic,Lampsilini,TPAR,0,0,0,0,0,0,0,0,0,0,0,0,0,0,0,0,0,0,0,0,0,0,0,0,0,0,0,NA
SIPSEY,WENDELL_3,2016,S5,33.086944,-87.961944,1737.882022,0-20_2,Opportunistic,Lampsilini,PPUR,0,0,0,0,0,0,0,0,0,0,0,0,0,0,0,0,0,0,0,0,0,0,0,0,0,0,0,NA
SIPSEY,WENDELL_3,2016,S5,33.086944,-87.961944,1737.882022,0-20_2,Periodic,Lampsilini,HPER,0,0,0,0,0,0,0,0,0,0,0,0,0,0,0,0,0,0,0,0,0,0,0,0,0,0,0,NA
SIPSEY,WENDELL_3,2016,S5,33.086944,-87.961944,1737.882022,0-20_2,Periodic,Lampsilini,VVIB,0,0,0,0,0,0,0,0,0,0,0,0,0,0,0,0,0,0,0,0,0,0,0,0,0,0,0,NA
SIPSEY,WENDELL_3,2016,S5,33.086944,-87.961944,1737.882022,0-20_2,Periodic,Pleurobemini,ECRA,8.521387432,7.15966972,131.1195666,7.985181609,123.134385,0,0,0,0,0,15.14485133,0,124.4961028,0,3.787283303,3.182075431,58.27536295,3.548969604,54.72639335,0,0,0,0,0,6.731045035,0,55.33160122,0
SIPSEY,WENDELL_3,2016,S5,33.086944,-87.961944,1737.882022,0-20_2,Opportunistic,Lampsilini,TTRU,0,0,0,0,0,0,0,0,0,0,0,0,0,0,0,0,0,0,0,0,0,0,0,0,0,0,0,NA
SIPSEY,WENDELL_3,2016,S5,33.086944,-87.961944,1737.882022,0-20_2,NA,Lampsilini,LAMP,0,0,0,0,0,0,0,0,0,0,0,0,0,0,0,0,0,0,0,0,0,0,0,0,0,0,0,NA
SIPSEY,WENDELL_3,2016,S5,33.086944,-87.961944,1737.882022,0-20_2,Periodic,Anodontini,LCOM,0,0,0,0,0,0,0,0,0,0,0,0,0,0,0,0,0,0,0,0,0,0,0,0,0,0,0,NA
SIPSEY,WENDELL_3,2016,S5,33.086944,-87.961944,1737.882022,20-40_13,NA,Corbicula,CFLU,0,0,0,0,0,0,0,0,0,0,0,0,0,0,0,0,0,0,0,0,0,0,0,0,0,0,0,NA
SIPSEY,WENDELL_3,2016,S5,33.086944,-87.961944,1737.882022,20-40_13,Equilibrium,Pleurobemini,FCER,1.548632626,1.333158212,62.33627919,3.253953774,59.08232542,0.126106068,0.104842691,4.513193385,0.235588695,4.27760469,4.587111986,0.340431385,59.29779983,4.298868068,0.4129687,0.355508857,16.62300779,0.867721006,15.75528678,0.033628285,0.027958051,1.203518236,0.062823652,1.140694584,1.223229863,0.090781703,15.81274662,1.146364818
SIPSEY,WENDELL_3,2016,S5,33.086944,-87.961944,1737.882022,20-40_13,Opportunistic,Lampsilini,LORN,0,0,0,0,0,0,0,0,0,0,0,0,0,0,0,0,0,0,0,0,0,0,0,0,0,0,0,NA
SIPSEY,WENDELL_3,2016,S5,33.086944,-87.961944,1737.882022,20-40_13,Periodic,Lampsilini,OREF,1.084445536,0.948743217,54.34098373,2.23884853,52.1021352,0.245181602,0.210282423,11.24623613,0.463344929,10.7828912,3.187591747,0.673627351,52.23783752,10.81779038,0.289185476,0.252998191,14.49092899,0.597026275,13.89390272,0.065381761,0.056075313,2.998996302,0.123558648,2.875437654,0.850024466,0.17963396,13.93009001,2.884744102
SIPSEY,WENDELL_3,2016,S5,33.086944,-87.961944,1737.882022,20-40_13,Equilibrium,Pleurobemini,PDEC,4.354505684,3.607708442,239.2659696,13.08784854,226.1781211,0.530184625,0.435876714,29.03566369,1.588250804,27.44741289,16.69555698,2.024127518,226.9249183,27.5417208,1.161201516,0.962055585,63.80425856,3.490092944,60.31416562,0.141382567,0.11623379,7.742843652,0.423533548,7.319310104,4.452148528,0.539767338,60.51331155,7.34445888
SIPSEY,WENDELL_3,2016,S5,33.086944,-87.961944,1737.882022,20-40_13,Equilibrium,Quadrulini,PKIE,9.968829308,8.875077389,352.9944668,26.33338722,326.6610796,0.683538841,0.610656087,22.91259847,1.709279846,21.20331863,35.20846461,2.319935933,327.7548315,21.27620138,2.658354482,2.366687304,94.13185781,7.022236592,87.10962121,0.182277024,0.162841623,6.110026259,0.455807959,5.6542183,9.388923896,0.618649582,87.40128839,5.673653701
SIPSEY,WENDELL_3,2016,S5,33.086944,-87.961944,1737.882022,20-40_13,Periodic,Lampsilini,LSTR,6.438559522,4.967460969,117.2962052,7.155068518,110.1411367,0.23916056,0.18057549,4.654382015,0.283917303,4.370464712,12.12252949,0.464492793,111.6122352,4.429049782,1.716949206,1.324656259,31.27898806,1.908018271,29.37096979,0.063776149,0.048153464,1.241168537,0.075711281,1.165457257,3.23267453,0.123864745,29.76326273,1.181079942
SIPSEY,WENDELL_3,2016,S5,33.086944,-87.961944,1737.882022,20-40_13,Periodic,Lampsilini,MACU,0,0,0,0,0,0,0,0,0,0,0,0,0,0,0,0,0,0,0,0,0,0,0,0,0,0,0,NA
SIPSEY,WENDELL_3,2016,S5,33.086944,-87.961944,1737.882022,20-40_13,Periodic,Lampsilini,OUNI,2.115710326,1.667104201,90.05589965,5.376337209,84.67956244,0.142470173,0.116077867,6.670590832,0.398234273,6.272356559,7.04344141,0.51431214,85.12816857,6.298748865,0.56418942,0.44456112,24.01490657,1.433689922,22.58121665,0.037992046,0.030954098,1.778824222,0.106195806,1.672628416,1.878251043,0.137149904,22.70084495,1.679666364
SIPSEY,WENDELL_3,2016,S5,33.086944,-87.961944,1737.882022,20-40_13,Equilibrium,Quadrulini,QVER,0,0,0,0,0,0,0,0,0,0,0,0,0,0,0,0,0,0,0,0,0,0,0,0,0,0,0,NA
SIPSEY,WENDELL_3,2016,S5,33.086944,-87.961944,1737.882022,20-40_13,Periodic,Pleurobemini,EARC,0,0,0,0,0,0,0,0,0,0,0,0,0,0,0,0,0,0,0,0,0,0,0,0,0,0,0,NA
SIPSEY,WENDELL_3,2016,S5,33.086944,-87.961944,1737.882022,20-40_13,Equilibrium,Amblemini,APLI,5.429473591,4.386864341,215.4543339,15.44807574,200.0062582,0.037291476,0.029021485,1.352627628,0.096983401,1.255644227,19.83494008,0.126004886,201.0488674,1.263914218,1.447859624,1.169830491,57.45448905,4.119486865,53.33500218,0.009944394,0.007739063,0.360700701,0.02586224,0.33483846,5.289317356,0.033601303,53.61303132,0.337043791
SIPSEY,WENDELL_3,2016,S5,33.086944,-87.961944,1737.882022,20-40_13,Equilibrium,Pleurobemini,REBE,0,0,0,0,0,0,0,0,0,0,0,0,0,0,0,0,0,0,0,0,0,0,0,0,0,0,0,NA
SIPSEY,WENDELL_3,2016,S5,33.086944,-87.961944,1737.882022,20-40_13,Equilibrium,Quadrulini,QQUA,0,0,0,0,0,0,0,0,0,0,0,0,0,0,0,0,0,0,0,0,0,0,0,0,0,0,0,NA
SIPSEY,WENDELL_3,2016,S5,33.086944,-87.961944,1737.882022,20-40_13,Opportunistic,Lampsilini,TDON,0,0,0,0,0,0,0,0,0,0,0,0,0,0,0,0,0,0,0,0,0,0,0,0,0,0,0,NA
SIPSEY,WENDELL_3,2016,S5,33.086944,-87.961944,1737.882022,20-40_13,Equilibrium,Quadrulini,MNER,0,0,0,0,0,0,0,0,0,0,0,0,0,0,0,0,0,0,0,0,0,0,0,0,0,0,0,NA
SIPSEY,WENDELL_3,2016,S5,33.086944,-87.961944,1737.882022,20-40_13,Periodic,Lampsilini,LLIE,0,0,0,0,0,0,0,0,0,0,0,0,0,0,0,0,0,0,0,0,0,0,0,0,0,0,0,NA
SIPSEY,WENDELL_3,2016,S5,33.086944,-87.961944,1737.882022,20-40_13,Periodic,Lampsilini,ELIN,0,0,0,0,0,0,0,0,0,0,0,0,0,0,0,0,0,0,0,0,0,0,0,0,0,0,0,NA
SIPSEY,WENDELL_3,2016,S5,33.086944,-87.961944,1737.882022,20-40_13,Opportunistic,Lampsilini,PFRA,0,0,0,0,0,0,0,0,0,0,0,0,0,0,0,0,0,0,0,0,0,0,0,0,0,0,0,NA
SIPSEY,WENDELL_3,2016,S5,33.086944,-87.961944,1737.882022,20-40_13,Opportunistic,Lampsilini,LREC,0,0,0,0,0,0,0,0,0,0,0,0,0,0,0,0,0,0,0,0,0,0,0,0,0,0,0,NA
SIPSEY,WENDELL_3,2016,S5,33.086944,-87.961944,1737.882022,20-40_13,Periodic,Lampsilini,OARK,0.735296235,0.579918364,31.37868527,1.873307511,29.50537776,0,0,0,0,0,2.453225874,0,29.66075563,0,0.196078996,0.154644897,8.367649406,0.49954867,7.868100737,0,0,0,0,0,0.654193567,0,7.909534836,0
SIPSEY,WENDELL_3,2016,S5,33.086944,-87.961944,1737.882022,20-40_13,Opportunistic,Lampsilini,PINF,0,0,0,0,0,0,0,0,0,0,0,0,0,0,0,0,0,0,0,0,0,0,0,0,0,0,0,NA
SIPSEY,WENDELL_3,2016,S5,33.086944,-87.961944,1737.882022,20-40_13,Equilibrium,Pleurobemini,PPER,0,0,0,0,0,0,0,0,0,0,0,0,0,0,0,0,0,0,0,0,0,0,0,0,0,0,0,NA
SIPSEY,WENDELL_3,2016,S5,33.086944,-87.961944,1737.882022,20-40_13,Opportunistic,Lampsilini,LTER,0,0,0,0,0,0,0,0,0,0,0,0,0,0,0,0,0,0,0,0,0,0,0,0,0,0,0,NA
SIPSEY,WENDELL_3,2016,S5,33.086944,-87.961944,1737.882022,20-40_13,Periodic,Alasmodontini,SSUB,0,0,0,0,0,0,0,0,0,0,0,0,0,0,0,0,0,0,0,0,0,0,0,0,0,0,0,NA
SIPSEY,WENDELL_3,2016,S5,33.086944,-87.961944,1737.882022,20-40_13,Opportunistic,Lampsilini,TPAR,0,0,0,0,0,0,0,0,0,0,0,0,0,0,0,0,0,0,0,0,0,0,0,0,0,0,0,NA
SIPSEY,WENDELL_3,2016,S5,33.086944,-87.961944,1737.882022,20-40_13,Opportunistic,Lampsilini,PPUR,0,0,0,0,0,0,0,0,0,0,0,0,0,0,0,0,0,0,0,0,0,0,0,0,0,0,0,NA
SIPSEY,WENDELL_3,2016,S5,33.086944,-87.961944,1737.882022,20-40_13,Periodic,Lampsilini,HPER,0,0,0,0,0,0,0,0,0,0,0,0,0,0,0,0,0,0,0,0,0,0,0,0,0,0,0,NA
SIPSEY,WENDELL_3,2016,S5,33.086944,-87.961944,1737.882022,20-40_13,Periodic,Lampsilini,VVIB,0,0,0,0,0,0,0,0,0,0,0,0,0,0,0,0,0,0,0,0,0,0,0,0,0,0,0,NA
SIPSEY,WENDELL_3,2016,S5,33.086944,-87.961944,1737.882022,20-40_13,Periodic,Pleurobemini,ECRA,0,0,0,0,0,0,0,0,0,0,0,0,0,0,0,0,0,0,0,0,0,0,0,0,0,0,0,NA
SIPSEY,WENDELL_3,2016,S5,33.086944,-87.961944,1737.882022,20-40_13,Opportunistic,Lampsilini,TTRU,0,0,0,0,0,0,0,0,0,0,0,0,0,0,0,0,0,0,0,0,0,0,0,0,0,0,0,NA
SIPSEY,WENDELL_3,2016,S5,33.086944,-87.961944,1737.882022,20-40_13,NA,Lampsilini,LAMP,0,0,0,0,0,0,0,0,0,0,0,0,0,0,0,0,0,0,0,0,0,0,0,0,0,0,0,NA
SIPSEY,WENDELL_3,2016,S5,33.086944,-87.961944,1737.882022,20-40_13,Periodic,Anodontini,LCOM,0,0,0,0,0,0,0,0,0,0,0,0,0,0,0,0,0,0,0,0,0,0,0,0,0,0,0,NA
SIPSEY,WENDELL_3,2016,S5,33.086944,-87.961944,1737.882022,20-40_18,NA,Corbicula,CFLU,0.05019489,0.033597918,1.368205645,0.039814784,1.328390861,0.05019489,0.033597918,1.368205645,0.039814784,1.328390861,0.073412702,0.073412702,1.344987832,1.344987832,0.01673163,0.011199306,0.456068548,0.013271595,0.442796954,0.01673163,0.011199306,0.456068548,0.013271595,0.442796954,0.024470901,0.024470901,0.448329277,0.448329277
SIPSEY,WENDELL_3,2016,S5,33.086944,-87.961944,1737.882022,20-40_18,Equilibrium,Pleurobemini,FCER,0.986198824,0.841638033,38.60002464,2.014921286,36.58510336,0.032507957,0.026748187,1.125194457,0.058735151,1.066459306,2.85655932,0.085483337,36.72966415,1.072219076,0.328732941,0.280546011,12.86667488,0.671640429,12.19503445,0.010835986,0.008916062,0.375064819,0.019578384,0.355486435,0.95218644,0.028494446,12.24322138,0.357406359
SIPSEY,WENDELL_3,2016,S5,33.086944,-87.961944,1737.882022,20-40_18,Opportunistic,Lampsilini,LORN,6.909950654,5.175892782,83.55611013,9.667441942,73.88866819,0.203538178,0.140052131,3.639907183,0.421137261,3.218769922,14.84333472,0.561189392,75.62272606,3.282255969,2.303316885,1.725297594,27.85203671,3.222480647,24.62955606,0.067846059,0.046684044,1.213302394,0.140379087,1.072923307,4.947778241,0.187063131,25.20757535,1.094085323
SIPSEY,WENDELL_3,2016,S5,33.086944,-87.961944,1737.882022,20-40_18,Periodic,Lampsilini,OREF,1.170293593,1.011345086,55.67897439,2.293973745,53.38500065,0.127260824,0.10813552,5.612911526,0.231251955,5.381659571,3.30531883,0.339387475,53.54394915,5.400784875,0.390097864,0.337115029,18.55965813,0.764657915,17.79500022,0.042420275,0.036045173,1.870970509,0.077083985,1.793886524,1.101772943,0.113129158,17.84798305,1.800261625
SIPSEY,WENDELL_3,2016,S5,33.086944,-87.961944,1737.882022,20-40_18,Equilibrium,Pleurobemini,PDEC,18.90744149,15.6825121,1039.407546,56.85559278,982.5519534,2.66465698,2.194200284,146.0310885,7.987900541,138.043188,72.53810488,10.18210082,985.7768828,138.5136447,6.302480496,5.227504035,346.4691821,18.95186426,327.5173178,0.888218993,0.731400095,48.6770295,2.662633514,46.01439599,24.17936829,3.394033608,328.5922943,46.17121488
SIPSEY,WENDELL_3,2016,S5,33.086944,-87.961944,1737.882022,20-40_18,Equilibrium,Quadrulini,PKIE,8.518093002,7.556149408,316.03238,23.57601555,292.4563644,1.073672964,0.95629397,37.49084022,2.796816681,34.69402354,31.13216496,3.753110651,293.418308,34.81140254,2.839364334,2.518716469,105.3441267,7.858671849,97.48545481,0.357890988,0.318764657,12.49694674,0.932272227,11.56467451,10.37738832,1.251036884,97.80610268,11.60380085
SIPSEY,WENDELL_3,2016,S5,33.086944,-87.961944,1737.882022,20-40_18,Periodic,Lampsilini,LSTR,0,0,0,0,0,0,0,0,0,0,0,0,0,0,0,0,0,0,0,0,0,0,0,0,0,0,0,NA
SIPSEY,WENDELL_3,2016,S5,33.086944,-87.961944,1737.882022,20-40_18,Periodic,Lampsilini,MACU,0.631741691,0.539801052,7.727845162,0.45517008,7.272675082,0.250866052,0.220646496,3.050046583,0.179647744,2.870398839,0.994971132,0.40029424,7.364615721,2.900618395,0.210580564,0.179933684,2.575948387,0.15172336,2.424225027,0.083622017,0.073548832,1.016682194,0.059882581,0.956799613,0.331657044,0.133431413,2.454871907,0.966872798
SIPSEY,WENDELL_3,2016,S5,33.086944,-87.961944,1737.882022,20-40_18,Periodic,Lampsilini,OUNI,1.740942898,1.340170486,69.19839774,4.131144345,65.06725339,0.318614616,0.251228913,13.55523199,0.80924735,12.74598464,5.471314831,1.060476263,65.46802581,12.81337035,0.580314299,0.446723495,23.06613258,1.377048115,21.68908446,0.106204872,0.083742971,4.518410665,0.269749117,4.248661548,1.82377161,0.353492088,21.82267527,4.271123449
SIPSEY,WENDELL_3,2016,S5,33.086944,-87.961944,1737.882022,20-40_18,Equilibrium,Quadrulini,QVER,4.042445139,3.568844773,122.9747867,7.550651905,115.4241348,0.066373162,0.071050862,1.980392578,0.121596104,1.858796473,11.11949668,0.192646966,115.8977352,1.854118773,1.347481713,1.189614924,40.99159557,2.516883968,38.47471161,0.022124387,0.023683621,0.660130859,0.040532035,0.619598824,3.706498893,0.064215655,38.6325784,0.618039591
SIPSEY,WENDELL_3,2016,S5,33.086944,-87.961944,1737.882022,20-40_18,Periodic,Pleurobemini,EARC,0.329882566,0.274152079,9.259073147,0.457398213,8.801674934,0.131833294,0.109730293,4.030684173,0.199115798,3.831568375,0.731550293,0.308846092,8.857405421,3.853671376,0.109960855,0.091384026,3.086357716,0.152466071,2.933891645,0.043944431,0.036576764,1.343561391,0.066371933,1.277189458,0.243850098,0.102948697,2.952468474,1.284557125
SIPSEY,WENDELL_3,2016,S5,33.086944,-87.961944,1737.882022,20-40_18,Equilibrium,Amblemini,APLI,0,0,0,0,0,0,0,0,0,0,0,0,0,0,0,0,0,0,0,0,0,0,0,0,0,0,0,NA
SIPSEY,WENDELL_3,2016,S5,33.086944,-87.961944,1737.882022,20-40_18,Equilibrium,Pleurobemini,REBE,0,0,0,0,0,0,0,0,0,0,0,0,0,0,0,0,0,0,0,0,0,0,0,0,0,0,0,NA
SIPSEY,WENDELL_3,2016,S5,33.086944,-87.961944,1737.882022,20-40_18,Equilibrium,Quadrulini,QQUA,0,0,0,0,0,0,0,0,0,0,0,0,0,0,0,0,0,0,0,0,0,0,0,0,0,0,0,NA
SIPSEY,WENDELL_3,2016,S5,33.086944,-87.961944,1737.882022,20-40_18,Opportunistic,Lampsilini,TDON,0.026084654,0.021916326,0.412554431,0.025124565,0.387429866,0.025817995,0.021692279,0.409521202,0.024939841,0.384581361,0.047040891,0.04663212,0.391598194,0.388707076,0.008694885,0.007305442,0.137518144,0.008374855,0.129143289,0.008605998,0.00723076,0.136507067,0.00831328,0.128193787,0.015680297,0.01554404,0.130532731,0.129569025
SIPSEY,WENDELL_3,2016,S5,33.086944,-87.961944,1737.882022,20-40_18,Equilibrium,Quadrulini,MNER,0,0,0,0,0,0,0,0,0,0,0,0,0,0,0,0,0,0,0,0,0,0,0,0,0,0,0,NA
SIPSEY,WENDELL_3,2016,S5,33.086944,-87.961944,1737.882022,20-40_18,Periodic,Lampsilini,LLIE,0,0,0,0,0,0,0,0,0,0,0,0,0,0,0,0,0,0,0,0,0,0,0,0,0,0,0,NA
SIPSEY,WENDELL_3,2016,S5,33.086944,-87.961944,1737.882022,20-40_18,Periodic,Lampsilini,ELIN,0,0,0,0,0,0,0,0,0,0,0,0,0,0,0,0,0,0,0,0,0,0,0,0,0,0,0,NA
SIPSEY,WENDELL_3,2016,S5,33.086944,-87.961944,1737.882022,20-40_18,Opportunistic,Lampsilini,PFRA,0,0,0,0,0,0,0,0,0,0,0,0,0,0,0,0,0,0,0,0,0,0,0,0,0,0,0,NA
SIPSEY,WENDELL_3,2016,S5,33.086944,-87.961944,1737.882022,20-40_18,Opportunistic,Lampsilini,LREC,0,0,0,0,0,0,0,0,0,0,0,0,0,0,0,0,0,0,0,0,0,0,0,0,0,0,0,NA
SIPSEY,WENDELL_3,2016,S5,33.086944,-87.961944,1737.882022,20-40_18,Periodic,Lampsilini,OARK,0,0,0,0,0,0,0,0,0,0,0,0,0,0,0,0,0,0,0,0,0,0,0,0,0,0,0,NA
SIPSEY,WENDELL_3,2016,S5,33.086944,-87.961944,1737.882022,20-40_18,Opportunistic,Lampsilini,PINF,0,0,0,0,0,0,0,0,0,0,0,0,0,0,0,0,0,0,0,0,0,0,0,0,0,0,0,NA
SIPSEY,WENDELL_3,2016,S5,33.086944,-87.961944,1737.882022,20-40_18,Equilibrium,Pleurobemini,PPER,0,0,0,0,0,0,0,0,0,0,0,0,0,0,0,0,0,0,0,0,0,0,0,0,0,0,0,NA
SIPSEY,WENDELL_3,2016,S5,33.086944,-87.961944,1737.882022,20-40_18,Opportunistic,Lampsilini,LTER,0,0,0,0,0,0,0,0,0,0,0,0,0,0,0,0,0,0,0,0,0,0,0,0,0,0,0,NA
SIPSEY,WENDELL_3,2016,S5,33.086944,-87.961944,1737.882022,20-40_18,Periodic,Alasmodontini,SSUB,0,0,0,0,0,0,0,0,0,0,0,0,0,0,0,0,0,0,0,0,0,0,0,0,0,0,0,NA
SIPSEY,WENDELL_3,2016,S5,33.086944,-87.961944,1737.882022,20-40_18,Opportunistic,Lampsilini,TPAR,0,0,0,0,0,0,0,0,0,0,0,0,0,0,0,0,0,0,0,0,0,0,0,0,0,0,0,NA
SIPSEY,WENDELL_3,2016,S5,33.086944,-87.961944,1737.882022,20-40_18,Opportunistic,Lampsilini,PPUR,0,0,0,0,0,0,0,0,0,0,0,0,0,0,0,0,0,0,0,0,0,0,0,0,0,0,0,NA
SIPSEY,WENDELL_3,2016,S5,33.086944,-87.961944,1737.882022,20-40_18,Periodic,Lampsilini,HPER,0,0,0,0,0,0,0,0,0,0,0,0,0,0,0,0,0,0,0,0,0,0,0,0,0,0,0,NA
SIPSEY,WENDELL_3,2016,S5,33.086944,-87.961944,1737.882022,20-40_18,Periodic,Lampsilini,VVIB,0,0,0,0,0,0,0,0,0,0,0,0,0,0,0,0,0,0,0,0,0,0,0,0,0,0,0,NA
SIPSEY,WENDELL_3,2016,S5,33.086944,-87.961944,1737.882022,20-40_18,Periodic,Pleurobemini,ECRA,0,0,0,0,0,0,0,0,0,0,0,0,0,0,0,0,0,0,0,0,0,0,0,0,0,0,0,NA
SIPSEY,WENDELL_3,2016,S5,33.086944,-87.961944,1737.882022,20-40_18,Opportunistic,Lampsilini,TTRU,0,0,0,0,0,0,0,0,0,0,0,0,0,0,0,0,0,0,0,0,0,0,0,0,0,0,0,NA
SIPSEY,WENDELL_3,2016,S5,33.086944,-87.961944,1737.882022,20-40_18,NA,Lampsilini,LAMP,0,0,0,0,0,0,0,0,0,0,0,0,0,0,0,0,0,0,0,0,0,0,0,0,0,0,0,NA
SIPSEY,WENDELL_3,2016,S5,33.086944,-87.961944,1737.882022,20-40_18,Periodic,Anodontini,LCOM,0,0,0,0,0,0,0,0,0,0,0,0,0,0,0,0,0,0,0,0,0,0,0,0,0,0,0,NA
SIPSEY,WENDELL_3,2016,S5,33.086944,-87.961944,1737.882022,20-40_2,NA,Corbicula,CFLU,0.104783635,0.082700185,4.297116828,0.1250461,4.172070729,0.080629771,0.065233755,3.508389662,0.102094139,3.406295523,0.207746285,0.167327894,4.194154178,3.421691539,0.029938181,0.023628624,1.227747665,0.035727457,1.192020208,0.023037077,0.018638216,1.002397046,0.029169754,0.973227292,0.059356081,0.04780797,1.198329765,0.977626154
SIPSEY,WENDELL_3,2016,S5,33.086944,-87.961944,1737.882022,20-40_2,Equilibrium,Pleurobemini,FCER,0,0,0,0,0,0,0,0,0,0,0,0,0,0,0,0,0,0,0,0,0,0,0,0,0,0,0,NA
SIPSEY,WENDELL_3,2016,S5,33.086944,-87.961944,1737.882022,20-40_2,Opportunistic,Lampsilini,LORN,0,0,0,0,0,0,0,0,0,0,0,0,0,0,0,0,0,0,0,0,0,0,0,0,0,0,0,NA
SIPSEY,WENDELL_3,2016,S5,33.086944,-87.961944,1737.882022,20-40_2,Periodic,Lampsilini,OREF,0.983085296,0.840130266,44.59128027,1.837160747,42.75411952,0.004785505,0.003991305,0.194943683,0.00803168,0.186912004,2.677291013,0.012022985,42.89707455,0.187706204,0.280881513,0.240037219,12.74036579,0.524903071,12.21546272,0.001367287,0.001140373,0.055698195,0.002294766,0.05340343,0.764940289,0.003435139,12.25630701,0.053630344
SIPSEY,WENDELL_3,2016,S5,33.086944,-87.961944,1737.882022,20-40_2,Equilibrium,Pleurobemini,PDEC,0.599964303,0.500298934,33.05814828,1.808280711,31.24986757,0.136555535,0.113103607,7.502452959,0.410384177,7.092068782,2.308579645,0.523487783,31.34953294,7.115520711,0.171418372,0.142942553,9.445185222,0.516651632,8.928533591,0.039015867,0.032315316,2.143557988,0.117252622,2.026305366,0.659594184,0.149567938,8.95700941,2.033005917
SIPSEY,WENDELL_3,2016,S5,33.086944,-87.961944,1737.882022,20-40_2,Equilibrium,Quadrulini,PKIE,0,0,0,0,0,0,0,0,0,0,0,0,0,0,0,0,0,0,0,0,0,0,0,0,0,0,0,NA
SIPSEY,WENDELL_3,2016,S5,33.086944,-87.961944,1737.882022,20-40_2,Periodic,Lampsilini,LSTR,0,0,0,0,0,0,0,0,0,0,0,0,0,0,0,0,0,0,0,0,0,0,0,0,0,0,0,NA
SIPSEY,WENDELL_3,2016,S5,33.086944,-87.961944,1737.882022,20-40_2,Periodic,Lampsilini,MACU,0.064819477,0.055390969,0.792823909,0.046697328,0.746126581,0.027565771,0.024761078,0.333623302,0.019650412,0.31397289,0.102088298,0.044411491,0.755555089,0.316777582,0.018519851,0.015825991,0.226521117,0.013342094,0.213179023,0.007875935,0.007074594,0.095320943,0.005614404,0.08970654,0.029168085,0.012688997,0.215872882,0.090507881
SIPSEY,WENDELL_3,2016,S5,33.086944,-87.961944,1737.882022,20-40_2,Periodic,Lampsilini,OUNI,0.288575933,0.21931778,11.0310106,0.658551333,10.37245927,0.070833509,0.05566949,2.979092308,0.177851811,2.801240497,0.877869113,0.233521301,10.44171742,2.816404516,0.082450267,0.062662223,3.151717316,0.188157524,2.963559792,0.020238146,0.015905569,0.851169231,0.050814803,0.800354428,0.250819747,0.066720372,2.983347836,0.804687005
SIPSEY,WENDELL_3,2016,S5,33.086944,-87.961944,1737.882022,20-40_2,Equilibrium,Quadrulini,QVER,0,0,0,0,0,0,0,0,0,0,0,0,0,0,0,0,0,0,0,0,0,0,0,0,0,0,0,NA
SIPSEY,WENDELL_3,2016,S5,33.086944,-87.961944,1737.882022,20-40_2,Periodic,Pleurobemini,EARC,0,0,0,0,0,0,0,0,0,0,0,0,0,0,0,0,0,0,0,0,0,0,0,0,0,0,0,NA
SIPSEY,WENDELL_3,2016,S5,33.086944,-87.961944,1737.882022,20-40_2,Equilibrium,Amblemini,APLI,1.794093445,1.510083955,78.32604993,5.61597778,72.71007215,0.195362392,0.158694708,7.831828986,0.561542138,7.270286848,7.126061735,0.720236846,72.99408164,7.306954532,0.512598127,0.431452559,22.37887141,1.60456508,20.77430633,0.055817826,0.045341345,2.237665425,0.160440611,2.077224814,2.036017639,0.205781956,20.8554519,2.087701295
SIPSEY,WENDELL_3,2016,S5,33.086944,-87.961944,1737.882022,20-40_2,Equilibrium,Pleurobemini,REBE,0,0,0,0,0,0,0,0,0,0,0,0,0,0,0,0,0,0,0,0,0,0,0,0,0,0,0,NA
SIPSEY,WENDELL_3,2016,S5,33.086944,-87.961944,1737.882022,20-40_2,Equilibrium,Quadrulini,QQUA,0,0,0,0,0,0,0,0,0,0,0,0,0,0,0,0,0,0,0,0,0,0,0,0,0,0,0,NA
SIPSEY,WENDELL_3,2016,S5,33.086944,-87.961944,1737.882022,20-40_2,Opportunistic,Lampsilini,TDON,0,0,0,0,0,0,0,0,0,0,0,0,0,0,0,0,0,0,0,0,0,0,0,0,0,0,0,NA
SIPSEY,WENDELL_3,2016,S5,33.086944,-87.961944,1737.882022,20-40_2,Equilibrium,Quadrulini,MNER,0,0,0,0,0,0,0,0,0,0,0,0,0,0,0,0,0,0,0,0,0,0,0,0,0,0,0,NA
SIPSEY,WENDELL_3,2016,S5,33.086944,-87.961944,1737.882022,20-40_2,Periodic,Lampsilini,LLIE,0,0,0,0,0,0,0,0,0,0,0,0,0,0,0,0,0,0,0,0,0,0,0,0,0,0,0,NA
SIPSEY,WENDELL_3,2016,S5,33.086944,-87.961944,1737.882022,20-40_2,Periodic,Lampsilini,ELIN,0,0,0,0,0,0,0,0,0,0,0,0,0,0,0,0,0,0,0,0,0,0,0,0,0,0,0,NA
SIPSEY,WENDELL_3,2016,S5,33.086944,-87.961944,1737.882022,20-40_2,Opportunistic,Lampsilini,PFRA,0,0,0,0,0,0,0,0,0,0,0,0,0,0,0,0,0,0,0,0,0,0,0,0,0,0,0,NA
SIPSEY,WENDELL_3,2016,S5,33.086944,-87.961944,1737.882022,20-40_2,Opportunistic,Lampsilini,LREC,0,0,0,0,0,0,0,0,0,0,0,0,0,0,0,0,0,0,0,0,0,0,0,0,0,0,0,NA
SIPSEY,WENDELL_3,2016,S5,33.086944,-87.961944,1737.882022,20-40_2,Periodic,Lampsilini,OARK,0,0,0,0,0,0,0,0,0,0,0,0,0,0,0,0,0,0,0,0,0,0,0,0,0,0,0,NA
SIPSEY,WENDELL_3,2016,S5,33.086944,-87.961944,1737.882022,20-40_2,Opportunistic,Lampsilini,PINF,0,0,0,0,0,0,0,0,0,0,0,0,0,0,0,0,0,0,0,0,0,0,0,0,0,0,0,NA
SIPSEY,WENDELL_3,2016,S5,33.086944,-87.961944,1737.882022,20-40_2,Equilibrium,Pleurobemini,PPER,0,0,0,0,0,0,0,0,0,0,0,0,0,0,0,0,0,0,0,0,0,0,0,0,0,0,0,NA
SIPSEY,WENDELL_3,2016,S5,33.086944,-87.961944,1737.882022,20-40_2,Opportunistic,Lampsilini,LTER,0,0,0,0,0,0,0,0,0,0,0,0,0,0,0,0,0,0,0,0,0,0,0,0,0,0,0,NA
SIPSEY,WENDELL_3,2016,S5,33.086944,-87.961944,1737.882022,20-40_2,Periodic,Alasmodontini,SSUB,0,0,0,0,0,0,0,0,0,0,0,0,0,0,0,0,0,0,0,0,0,0,0,0,0,0,0,NA
SIPSEY,WENDELL_3,2016,S5,33.086944,-87.961944,1737.882022,20-40_2,Opportunistic,Lampsilini,TPAR,0,0,0,0,0,0,0,0,0,0,0,0,0,0,0,0,0,0,0,0,0,0,0,0,0,0,0,NA
SIPSEY,WENDELL_3,2016,S5,33.086944,-87.961944,1737.882022,20-40_2,Opportunistic,Lampsilini,PPUR,0,0,0,0,0,0,0,0,0,0,0,0,0,0,0,0,0,0,0,0,0,0,0,0,0,0,0,NA
SIPSEY,WENDELL_3,2016,S5,33.086944,-87.961944,1737.882022,20-40_2,Periodic,Lampsilini,HPER,0,0,0,0,0,0,0,0,0,0,0,0,0,0,0,0,0,0,0,0,0,0,0,0,0,0,0,NA
SIPSEY,WENDELL_3,2016,S5,33.086944,-87.961944,1737.882022,20-40_2,Periodic,Lampsilini,VVIB,0,0,0,0,0,0,0,0,0,0,0,0,0,0,0,0,0,0,0,0,0,0,0,0,0,0,0,NA
SIPSEY,WENDELL_3,2016,S5,33.086944,-87.961944,1737.882022,20-40_2,Periodic,Pleurobemini,ECRA,0,0,0,0,0,0,0,0,0,0,0,0,0,0,0,0,0,0,0,0,0,0,0,0,0,0,0,NA
SIPSEY,WENDELL_3,2016,S5,33.086944,-87.961944,1737.882022,20-40_2,Opportunistic,Lampsilini,TTRU,0,0,0,0,0,0,0,0,0,0,0,0,0,0,0,0,0,0,0,0,0,0,0,0,0,0,0,NA
SIPSEY,WENDELL_3,2016,S5,33.086944,-87.961944,1737.882022,20-40_2,NA,Lampsilini,LAMP,0,0,0,0,0,0,0,0,0,0,0,0,0,0,0,0,0,0,0,0,0,0,0,0,0,0,0,NA
SIPSEY,WENDELL_3,2016,S5,33.086944,-87.961944,1737.882022,20-40_2,Periodic,Anodontini,LCOM,0,0,0,0,0,0,0,0,0,0,0,0,0,0,0,0,0,0,0,0,0,0,0,0,0,0,0,NA
SIPSEY,WENDELL_3,2016,S5,33.086944,-87.961944,1737.882022,40-60_13,NA,Corbicula,CFLU,1.205266906,0.935538108,47.05862379,1.369405952,45.68921783,0.758420418,0.612409139,32.46717121,0.944794682,31.52237652,2.304944061,1.557203821,45.95894663,31.6683878,0.482106763,0.374215243,18.82344951,0.547762381,18.27568713,0.303368167,0.244963656,12.98686848,0.377917873,12.60895061,0.921977624,0.622881528,18.38357865,12.66735512
SIPSEY,WENDELL_3,2016,S5,33.086944,-87.961944,1737.882022,40-60_13,Equilibrium,Pleurobemini,FCER,2.657085437,2.277627728,105.6213469,5.513434309,100.1079126,0.161123699,0.138705578,6.515256683,0.340096399,6.175160284,7.791062037,0.478801977,100.4873703,6.197578405,1.062834175,0.911051091,42.24853877,2.205373724,40.04316504,0.064449479,0.055482231,2.606102673,0.13603856,2.470064114,3.116424815,0.191520791,40.19494813,2.479031362
SIPSEY,WENDELL_3,2016,S5,33.086944,-87.961944,1737.882022,40-60_13,Opportunistic,Lampsilini,LORN,1.618182995,1.310405373,10.85971503,1.256469029,9.603245999,0.577369743,0.429006101,5.854215558,0.67733274,5.176882818,2.566874402,1.106338841,9.911023621,5.32524646,0.647273198,0.524162149,4.343886011,0.502587612,3.8412984,0.230947897,0.171602441,2.341686223,0.270933096,2.070753127,1.026749761,0.442535537,3.964409448,2.130098584
SIPSEY,WENDELL_3,2016,S5,33.086944,-87.961944,1737.882022,40-60_13,Periodic,Lampsilini,OREF,0,0,0,0,0,0,0,0,0,0,0,0,0,0,0,0,0,0,0,0,0,0,0,0,0,0,0,NA
SIPSEY,WENDELL_3,2016,S5,33.086944,-87.961944,1737.882022,40-60_13,Equilibrium,Pleurobemini,PDEC,7.909779305,6.561302422,434.8466996,23.78611447,411.0605852,1.110921528,0.914706717,60.8794032,3.330103355,57.54929984,30.34741689,4.244810072,412.409062,57.74551465,3.163911722,2.624520969,173.9386799,9.514445788,164.4242341,0.444368611,0.365882687,24.35176128,1.332041342,23.01971994,12.13896676,1.697924029,164.9636248,23.09820586
SIPSEY,WENDELL_3,2016,S5,33.086944,-87.961944,1737.882022,40-60_13,Equilibrium,Quadrulini,PKIE,2.416825294,2.148662164,87.31880764,6.51398305,80.80482459,0.21290113,0.188783439,7.969796311,0.594546805,7.375249506,8.662645213,0.783330244,81.07298772,7.399367197,0.966730117,0.859464866,34.92752305,2.60559322,32.32192983,0.085160452,0.075513376,3.187918524,0.237818722,2.950099802,3.465058085,0.313332098,32.42919509,2.959746879
SIPSEY,WENDELL_3,2016,S5,33.086944,-87.961944,1737.882022,40-60_13,Periodic,Lampsilini,LSTR,0,0,0,0,0,0,0,0,0,0,0,0,0,0,0,0,0,0,0,0,0,0,0,0,0,0,0,NA
SIPSEY,WENDELL_3,2016,S5,33.086944,-87.961944,1737.882022,40-60_13,Periodic,Lampsilini,MACU,0.203949351,0.174264632,2.495053033,0.146958624,2.348094409,0.075783127,0.065387908,0.925069363,0.054486585,0.870582778,0.321223256,0.119874494,2.377779128,0.880977997,0.08157974,0.069705853,0.998021213,0.058783449,0.939237764,0.030313251,0.026155163,0.370027745,0.021794634,0.348233111,0.128489302,0.047949798,0.951111651,0.352391199
SIPSEY,WENDELL_3,2016,S5,33.086944,-87.961944,1737.882022,40-60_13,Periodic,Lampsilini,OUNI,1.40720585,1.091396062,57.14796621,3.411733582,53.73623262,0.201855807,0.161768468,8.998463591,0.537208276,8.461255314,4.503129644,0.698976745,54.05204241,8.501342653,0.56288234,0.436558425,22.85918648,1.364693433,21.49449305,0.080742323,0.064707387,3.599385436,0.214883311,3.384502126,1.801251858,0.279590698,21.62081696,3.400537061
SIPSEY,WENDELL_3,2016,S5,33.086944,-87.961944,1737.882022,40-60_13,Equilibrium,Quadrulini,QVER,2.764328237,2.249255728,84.71378132,5.201426173,79.51235515,0.236210523,0.231268146,7.104783184,0.436233688,6.668549497,7.450681901,0.667501834,80.02742766,6.673491874,1.105731295,0.899702291,33.88551253,2.080570469,31.80494206,0.094484209,0.092507259,2.841913274,0.174493475,2.667419799,2.98027276,0.267000734,32.01097106,2.669396749
SIPSEY,WENDELL_3,2016,S5,33.086944,-87.961944,1737.882022,40-60_13,Periodic,Pleurobemini,EARC,1.111527437,0.926007249,36.09863818,1.783272726,34.31536546,0.07415753,0.061900336,2.686616466,0.132718853,2.553897613,2.709279976,0.19461919,34.50088564,2.566154806,0.444610975,0.3704029,14.43945527,0.71330909,13.72614618,0.029663012,0.024760135,1.074646586,0.053087541,1.021559045,1.08371199,0.077847676,13.80035426,1.026461923
SIPSEY,WENDELL_3,2016,S5,33.086944,-87.961944,1737.882022,40-60_13,Equilibrium,Amblemini,APLI,1.583934587,1.339341777,69.89780096,5.011672329,64.88612863,0.193821208,0.158211551,7.858917382,0.563484376,7.295433006,6.351014106,0.721695928,65.13072144,7.331042662,0.633573835,0.535736711,27.95912039,2.004668932,25.95445145,0.077528483,0.063284621,3.143566953,0.225393751,2.918173202,2.540405642,0.288678371,26.05228858,2.932417065
SIPSEY,WENDELL_3,2016,S5,33.086944,-87.961944,1737.882022,40-60_13,Equilibrium,Pleurobemini,REBE,0,0,0,0,0,0,0,0,0,0,0,0,0,0,0,0,0,0,0,0,0,0,0,0,0,0,0,NA
SIPSEY,WENDELL_3,2016,S5,33.086944,-87.961944,1737.882022,40-60_13,Equilibrium,Quadrulini,QQUA,0,0,0,0,0,0,0,0,0,0,0,0,0,0,0,0,0,0,0,0,0,0,0,0,0,0,0,NA
SIPSEY,WENDELL_3,2016,S5,33.086944,-87.961944,1737.882022,40-60_13,Opportunistic,Lampsilini,TDON,0,0,0,0,0,0,0,0,0,0,0,0,0,0,0,0,0,0,0,0,0,0,0,0,0,0,0,NA
SIPSEY,WENDELL_3,2016,S5,33.086944,-87.961944,1737.882022,40-60_13,Equilibrium,Quadrulini,MNER,0,0,0,0,0,0,0,0,0,0,0,0,0,0,0,0,0,0,0,0,0,0,0,0,0,0,0,NA
SIPSEY,WENDELL_3,2016,S5,33.086944,-87.961944,1737.882022,40-60_13,Periodic,Lampsilini,LLIE,0,0,0,0,0,0,0,0,0,0,0,0,0,0,0,0,0,0,0,0,0,0,0,0,0,0,0,NA
SIPSEY,WENDELL_3,2016,S5,33.086944,-87.961944,1737.882022,40-60_13,Periodic,Lampsilini,ELIN,0,0,0,0,0,0,0,0,0,0,0,0,0,0,0,0,0,0,0,0,0,0,0,0,0,0,0,NA
SIPSEY,WENDELL_3,2016,S5,33.086944,-87.961944,1737.882022,40-60_13,Opportunistic,Lampsilini,PFRA,0,0,0,0,0,0,0,0,0,0,0,0,0,0,0,0,0,0,0,0,0,0,0,0,0,0,0,NA
SIPSEY,WENDELL_3,2016,S5,33.086944,-87.961944,1737.882022,40-60_13,Opportunistic,Lampsilini,LREC,0,0,0,0,0,0,0,0,0,0,0,0,0,0,0,0,0,0,0,0,0,0,0,0,0,0,0,NA
SIPSEY,WENDELL_3,2016,S5,33.086944,-87.961944,1737.882022,40-60_13,Periodic,Lampsilini,OARK,0,0,0,0,0,0,0,0,0,0,0,0,0,0,0,0,0,0,0,0,0,0,0,0,0,0,0,NA
SIPSEY,WENDELL_3,2016,S5,33.086944,-87.961944,1737.882022,40-60_13,Opportunistic,Lampsilini,PINF,0,0,0,0,0,0,0,0,0,0,0,0,0,0,0,0,0,0,0,0,0,0,0,0,0,0,0,NA
SIPSEY,WENDELL_3,2016,S5,33.086944,-87.961944,1737.882022,40-60_13,Equilibrium,Pleurobemini,PPER,0.188125995,0.157327081,10.37871253,0.567715575,9.810996954,0.051097498,0.042276603,2.806056792,0.153491307,2.652565485,0.725042657,0.19576791,9.841795867,2.66138638,0.075250398,0.062930833,4.151485012,0.22708623,3.924398782,0.020438999,0.016910641,1.122422717,0.061396523,1.061026194,0.290017063,0.078307164,3.936718347,1.064554552
SIPSEY,WENDELL_3,2016,S5,33.086944,-87.961944,1737.882022,40-60_13,Opportunistic,Lampsilini,LTER,0,0,0,0,0,0,0,0,0,0,0,0,0,0,0,0,0,0,0,0,0,0,0,0,0,0,0,NA
SIPSEY,WENDELL_3,2016,S5,33.086944,-87.961944,1737.882022,40-60_13,Periodic,Alasmodontini,SSUB,0,0,0,0,0,0,0,0,0,0,0,0,0,0,0,0,0,0,0,0,0,0,0,0,0,0,0,NA
SIPSEY,WENDELL_3,2016,S5,33.086944,-87.961944,1737.882022,40-60_13,Opportunistic,Lampsilini,TPAR,0,0,0,0,0,0,0,0,0,0,0,0,0,0,0,0,0,0,0,0,0,0,0,0,0,0,0,NA
SIPSEY,WENDELL_3,2016,S5,33.086944,-87.961944,1737.882022,40-60_13,Opportunistic,Lampsilini,PPUR,0,0,0,0,0,0,0,0,0,0,0,0,0,0,0,0,0,0,0,0,0,0,0,0,0,0,0,NA
SIPSEY,WENDELL_3,2016,S5,33.086944,-87.961944,1737.882022,40-60_13,Periodic,Lampsilini,HPER,0,0,0,0,0,0,0,0,0,0,0,0,0,0,0,0,0,0,0,0,0,0,0,0,0,0,0,NA
SIPSEY,WENDELL_3,2016,S5,33.086944,-87.961944,1737.882022,40-60_13,Periodic,Lampsilini,VVIB,0,0,0,0,0,0,0,0,0,0,0,0,0,0,0,0,0,0,0,0,0,0,0,0,0,0,0,NA
SIPSEY,WENDELL_3,2016,S5,33.086944,-87.961944,1737.882022,40-60_13,Periodic,Pleurobemini,ECRA,0,0,0,0,0,0,0,0,0,0,0,0,0,0,0,0,0,0,0,0,0,0,0,0,0,0,0,NA
SIPSEY,WENDELL_3,2016,S5,33.086944,-87.961944,1737.882022,40-60_13,Opportunistic,Lampsilini,TTRU,0,0,0,0,0,0,0,0,0,0,0,0,0,0,0,0,0,0,0,0,0,0,0,0,0,0,0,NA
SIPSEY,WENDELL_3,2016,S5,33.086944,-87.961944,1737.882022,40-60_13,NA,Lampsilini,LAMP,0,0,0,0,0,0,0,0,0,0,0,0,0,0,0,0,0,0,0,0,0,0,0,0,0,0,0,NA
SIPSEY,WENDELL_3,2016,S5,33.086944,-87.961944,1737.882022,40-60_13,Periodic,Anodontini,LCOM,0,0,0,0,0,0,0,0,0,0,0,0,0,0,0,0,0,0,0,0,0,0,0,0,0,0,0,NA
SIPSEY,WENDELL_3,2016,S5,33.086944,-87.961944,1737.882022,40-60_18,NA,Corbicula,CFLU,0.854778106,0.629713971,29.42968724,0.856403899,28.57328334,0.504547075,0.376450725,17.99314333,0.523600471,17.46954285,1.48611787,0.900051195,28.79834748,17.5976392,0.310828402,0.228986899,10.70170445,0.3114196,10.39028485,0.183471663,0.136891173,6.542961209,0.190400171,6.352561038,0.540406498,0.327291344,10.47212635,6.399141529
SIPSEY,WENDELL_3,2016,S5,33.086944,-87.961944,1737.882022,40-60_18,Equilibrium,Pleurobemini,FCER,0,0,0,0,0,0,0,0,0,0,0,0,0,0,0,0,0,0,0,0,0,0,0,0,0,0,0,NA
SIPSEY,WENDELL_3,2016,S5,33.086944,-87.961944,1737.882022,40-60_18,Opportunistic,Lampsilini,LORN,0,0,0,0,0,0,0,0,0,0,0,0,0,0,0,0,0,0,0,0,0,0,0,0,0,0,0,NA
SIPSEY,WENDELL_3,2016,S5,33.086944,-87.961944,1737.882022,40-60_18,Periodic,Lampsilini,OREF,0.982823815,0.854039313,47.84646283,1.971274268,45.87518856,0.15793704,0.13421993,6.966210876,0.287007888,6.679202987,2.825313581,0.421227818,46.00397306,6.702920097,0.357390478,0.31055975,17.39871375,0.716827007,16.68188675,0.057431651,0.048807247,2.533167591,0.104366505,2.428801086,1.027386757,0.153173752,16.72871748,2.43742549
SIPSEY,WENDELL_3,2016,S5,33.086944,-87.961944,1737.882022,40-60_18,Equilibrium,Pleurobemini,PDEC,1.592354937,1.326740592,87.70819332,4.797638174,82.91055514,0.333567385,0.275396713,18.30113179,1.001071909,17.30005988,6.124378766,1.276468621,83.17616949,17.35823055,0.579038159,0.482451124,31.89388848,1.7445957,30.14929278,0.121297231,0.100144259,6.654957014,0.364026149,6.290930865,2.227046824,0.464170408,30.24587981,6.312083837
SIPSEY,WENDELL_3,2016,S5,33.086944,-87.961944,1737.882022,40-60_18,Equilibrium,Quadrulini,PKIE,3.129491898,2.768150678,120.1685345,8.964572672,111.2039618,0.538823055,0.480208191,18.62513973,1.389435424,17.2357043,11.73272335,1.869643615,111.565303,17.29431917,1.137997054,1.006600246,43.6976489,3.259844608,40.43780429,0.195935656,0.17462116,6.772778083,0.505249245,6.267528838,4.266444855,0.679870405,40.5692011,6.288843334
SIPSEY,WENDELL_3,2016,S5,33.086944,-87.961944,1737.882022,40-60_18,Periodic,Lampsilini,LSTR,0,0,0,0,0,0,0,0,0,0,0,0,0,0,0,0,0,0,0,0,0,0,0,0,0,0,0,NA
SIPSEY,WENDELL_3,2016,S5,33.086944,-87.961944,1737.882022,40-60_18,Periodic,Lampsilini,MACU,0.000933938,0.000593973,0.012120612,0.000713904,0.011406708,0.000933938,0.000593973,0.012120612,0.000713904,0.011406708,0.001307878,0.001307878,0.011746672,0.011746672,0.000339614,0.00021599,0.004407495,0.000259601,0.004147894,0.000339614,0.00021599,0.004407495,0.000259601,0.004147894,0.000475592,0.000475592,0.004271517,0.004271517
SIPSEY,WENDELL_3,2016,S5,33.086944,-87.961944,1737.882022,40-60_18,Periodic,Lampsilini,OUNI,0.288575933,0.21931778,11.0310106,0.658551333,10.37245927,0.070833509,0.05566949,2.979092308,0.177851811,2.801240497,0.877869113,0.233521301,10.44171742,2.816404516,0.104936703,0.07975192,4.011276583,0.239473212,3.771803371,0.02575764,0.020243451,1.083306294,0.064673386,1.018632908,0.319225132,0.084916837,3.796988154,1.024147097
SIPSEY,WENDELL_3,2016,S5,33.086944,-87.961944,1737.882022,40-60_18,Equilibrium,Quadrulini,QVER,3.186489461,2.538885091,97.92142012,6.012375196,91.90904493,0.387185863,0.30801979,11.91771555,0.731747735,11.18596781,8.551260286,1.039767524,92.5566493,11.26513389,1.15872344,0.923230942,35.60778914,2.186318253,33.42147088,0.140794859,0.112007196,4.333714744,0.266090085,4.067624659,3.109549195,0.378097282,33.65696338,4.096412322
SIPSEY,WENDELL_3,2016,S5,33.086944,-87.961944,1737.882022,40-60_18,Periodic,Pleurobemini,EARC,0,0,0,0,0,0,0,0,0,0,0,0,0,0,0,0,0,0,0,0,0,0,0,0,0,0,0,NA
SIPSEY,WENDELL_3,2016,S5,33.086944,-87.961944,1737.882022,40-60_18,Equilibrium,Amblemini,APLI,0,0,0,0,0,0,0,0,0,0,0,0,0,0,0,0,0,0,0,0,0,0,0,0,0,0,0,NA
SIPSEY,WENDELL_3,2016,S5,33.086944,-87.961944,1737.882022,40-60_18,Equilibrium,Pleurobemini,REBE,0,0,0,0,0,0,0,0,0,0,0,0,0,0,0,0,0,0,0,0,0,0,0,0,0,0,0,NA
SIPSEY,WENDELL_3,2016,S5,33.086944,-87.961944,1737.882022,40-60_18,Equilibrium,Quadrulini,QQUA,0,0,0,0,0,0,0,0,0,0,0,0,0,0,0,0,0,0,0,0,0,0,0,0,0,0,0,NA
SIPSEY,WENDELL_3,2016,S5,33.086944,-87.961944,1737.882022,40-60_18,Opportunistic,Lampsilini,TDON,0,0,0,0,0,0,0,0,0,0,0,0,0,0,0,0,0,0,0,0,0,0,0,0,0,0,0,NA
SIPSEY,WENDELL_3,2016,S5,33.086944,-87.961944,1737.882022,40-60_18,Equilibrium,Quadrulini,MNER,0,0,0,0,0,0,0,0,0,0,0,0,0,0,0,0,0,0,0,0,0,0,0,0,0,0,0,NA
SIPSEY,WENDELL_3,2016,S5,33.086944,-87.961944,1737.882022,40-60_18,Periodic,Lampsilini,LLIE,0,0,0,0,0,0,0,0,0,0,0,0,0,0,0,0,0,0,0,0,0,0,0,0,0,0,0,NA
SIPSEY,WENDELL_3,2016,S5,33.086944,-87.961944,1737.882022,40-60_18,Periodic,Lampsilini,ELIN,0,0,0,0,0,0,0,0,0,0,0,0,0,0,0,0,0,0,0,0,0,0,0,0,0,0,0,NA
SIPSEY,WENDELL_3,2016,S5,33.086944,-87.961944,1737.882022,40-60_18,Opportunistic,Lampsilini,PFRA,0,0,0,0,0,0,0,0,0,0,0,0,0,0,0,0,0,0,0,0,0,0,0,0,0,0,0,NA
SIPSEY,WENDELL_3,2016,S5,33.086944,-87.961944,1737.882022,40-60_18,Opportunistic,Lampsilini,LREC,0,0,0,0,0,0,0,0,0,0,0,0,0,0,0,0,0,0,0,0,0,0,0,0,0,0,0,NA
SIPSEY,WENDELL_3,2016,S5,33.086944,-87.961944,1737.882022,40-60_18,Periodic,Lampsilini,OARK,0.62170135,0.487078917,26.01206801,1.55292046,24.45914755,0.002684721,0.002186508,0.125520247,0.007493559,0.118026688,2.039999377,0.009680067,24.59376998,0.118524901,0.226073218,0.177119606,9.45893382,0.564698349,8.894235471,0.000976262,0.000795094,0.045643726,0.00272493,0.042918796,0.741817955,0.003520024,8.943189083,0.043099964
SIPSEY,WENDELL_3,2016,S5,33.086944,-87.961944,1737.882022,40-60_18,Opportunistic,Lampsilini,PINF,0,0,0,0,0,0,0,0,0,0,0,0,0,0,0,0,0,0,0,0,0,0,0,0,0,0,0,NA
SIPSEY,WENDELL_3,2016,S5,33.086944,-87.961944,1737.882022,40-60_18,Equilibrium,Pleurobemini,PPER,0,0,0,0,0,0,0,0,0,0,0,0,0,0,0,0,0,0,0,0,0,0,0,0,0,0,0,NA
SIPSEY,WENDELL_3,2016,S5,33.086944,-87.961944,1737.882022,40-60_18,Opportunistic,Lampsilini,LTER,0,0,0,0,0,0,0,0,0,0,0,0,0,0,0,0,0,0,0,0,0,0,0,0,0,0,0,NA
SIPSEY,WENDELL_3,2016,S5,33.086944,-87.961944,1737.882022,40-60_18,Periodic,Alasmodontini,SSUB,0,0,0,0,0,0,0,0,0,0,0,0,0,0,0,0,0,0,0,0,0,0,0,0,0,0,0,NA
SIPSEY,WENDELL_3,2016,S5,33.086944,-87.961944,1737.882022,40-60_18,Opportunistic,Lampsilini,TPAR,0,0,0,0,0,0,0,0,0,0,0,0,0,0,0,0,0,0,0,0,0,0,0,0,0,0,0,NA
SIPSEY,WENDELL_3,2016,S5,33.086944,-87.961944,1737.882022,40-60_18,Opportunistic,Lampsilini,PPUR,0,0,0,0,0,0,0,0,0,0,0,0,0,0,0,0,0,0,0,0,0,0,0,0,0,0,0,NA
SIPSEY,WENDELL_3,2016,S5,33.086944,-87.961944,1737.882022,40-60_18,Periodic,Lampsilini,HPER,0,0,0,0,0,0,0,0,0,0,0,0,0,0,0,0,0,0,0,0,0,0,0,0,0,0,0,NA
SIPSEY,WENDELL_3,2016,S5,33.086944,-87.961944,1737.882022,40-60_18,Periodic,Lampsilini,VVIB,0,0,0,0,0,0,0,0,0,0,0,0,0,0,0,0,0,0,0,0,0,0,0,0,0,0,0,NA
SIPSEY,WENDELL_3,2016,S5,33.086944,-87.961944,1737.882022,40-60_18,Periodic,Pleurobemini,ECRA,0,0,0,0,0,0,0,0,0,0,0,0,0,0,0,0,0,0,0,0,0,0,0,0,0,0,0,NA
SIPSEY,WENDELL_3,2016,S5,33.086944,-87.961944,1737.882022,40-60_18,Opportunistic,Lampsilini,TTRU,0,0,0,0,0,0,0,0,0,0,0,0,0,0,0,0,0,0,0,0,0,0,0,0,0,0,0,NA
SIPSEY,WENDELL_3,2016,S5,33.086944,-87.961944,1737.882022,40-60_18,NA,Lampsilini,LAMP,0,0,0,0,0,0,0,0,0,0,0,0,0,0,0,0,0,0,0,0,0,0,0,0,0,0,0,NA
SIPSEY,WENDELL_3,2016,S5,33.086944,-87.961944,1737.882022,40-60_18,Periodic,Anodontini,LCOM,0,0,0,0,0,0,0,0,0,0,0,0,0,0,0,0,0,0,0,0,0,0,0,0,0,0,0,NA
SIPSEY,WENDELL_3,2016,S5,33.086944,-87.961944,1737.882022,40-60_2,NA,Corbicula,CFLU,1.513619488,1.121009685,52.87762024,1.538738749,51.3388815,1.066773,0.797880716,38.28616766,1.114127479,37.17204019,2.659748434,1.912008195,51.7314913,37.44093247,0.605447795,0.448403874,21.1510481,0.6154955,20.5355526,0.4267092,0.319152286,15.31446707,0.445650992,14.86881607,1.063899374,0.764803278,20.69259652,14.97637299
SIPSEY,WENDELL_3,2016,S5,33.086944,-87.961944,1737.882022,40-60_2,Equilibrium,Pleurobemini,FCER,2.365033995,2.033710987,94.86990687,4.952209139,89.91769773,0.178762886,0.148855079,6.431578176,0.335728381,6.095849795,6.985920125,0.48458346,90.24902074,6.125757602,0.946013598,0.813484395,37.94796275,1.980883655,35.96707909,0.071505155,0.059542032,2.57263127,0.134291352,2.438339918,2.79436805,0.193833384,36.0996083,2.450303041
SIPSEY,WENDELL_3,2016,S5,33.086944,-87.961944,1737.882022,40-60_2,Opportunistic,Lampsilini,LORN,0,0,0,0,0,0,0,0,0,0,0,0,0,0,0,0,0,0,0,0,0,0,0,0,0,0,0,NA
SIPSEY,WENDELL_3,2016,S5,33.086944,-87.961944,1737.882022,40-60_2,Periodic,Lampsilini,OREF,0,0,0,0,0,0,0,0,0,0,0,0,0,0,0,0,0,0,0,0,0,0,0,0,0,0,0,NA
SIPSEY,WENDELL_3,2016,S5,33.086944,-87.961944,1737.882022,40-60_2,Equilibrium,Pleurobemini,PDEC,12.45487377,10.31764485,684.3199655,37.43230211,646.8876633,1.530897902,1.258521728,83.83767855,4.585921017,79.25175754,47.74994696,5.844442745,649.0248923,79.52413371,4.981949507,4.127057939,273.7279862,14.97292084,258.7550653,0.612359161,0.503408691,33.53507142,1.834368407,31.70070301,19.09997878,2.337777098,259.6099569,31.80965348
SIPSEY,WENDELL_3,2016,S5,33.086944,-87.961944,1737.882022,40-60_2,Equilibrium,Quadrulini,PKIE,4.665584955,4.148808529,167.9382345,12.52819229,155.4100422,0.480181544,0.428601339,16.24421068,1.211818117,15.03239256,16.67700082,1.640419456,155.9268186,15.08397277,1.866233982,1.659523411,67.1752938,5.011276917,62.16401688,0.192072618,0.171440536,6.497684272,0.484727247,6.012957025,6.670800329,0.656167782,62.37072745,6.033589108
SIPSEY,WENDELL_3,2016,S5,33.086944,-87.961944,1737.882022,40-60_2,Periodic,Lampsilini,LSTR,0,0,0,0,0,0,0,0,0,0,0,0,0,0,0,0,0,0,0,0,0,0,0,0,0,0,0,NA
SIPSEY,WENDELL_3,2016,S5,33.086944,-87.961944,1737.882022,40-60_2,Periodic,Lampsilini,MACU,0.185308449,0.155659667,2.274546792,0.133970806,2.140575986,0.10420694,0.090276875,1.270796427,0.07484991,1.195946517,0.289630473,0.165126784,2.170224768,1.209876582,0.07412338,0.062263867,0.909818717,0.053588322,0.856230394,0.041682776,0.03611075,0.508318571,0.029939964,0.478378607,0.115852189,0.066050714,0.868089907,0.483950633
SIPSEY,WENDELL_3,2016,S5,33.086944,-87.961944,1737.882022,40-60_2,Periodic,Lampsilini,OUNI,0,0,0,0,0,0,0,0,0,0,0,0,0,0,0,0,0,0,0,0,0,0,0,0,0,0,0,NA
SIPSEY,WENDELL_3,2016,S5,33.086944,-87.961944,1737.882022,40-60_2,Equilibrium,Quadrulini,QVER,3.054252311,2.264361572,94.43459192,5.798283944,88.63630797,0.560587546,0.462407389,17.1399504,1.052392955,16.08755745,8.062645515,1.514800344,89.42619871,16.18573761,1.221700924,0.905744629,37.77383677,2.319313577,35.45452319,0.224235018,0.184962956,6.855980162,0.420957182,6.43502298,3.225058206,0.605920138,35.77047949,6.474295043
SIPSEY,WENDELL_3,2016,S5,33.086944,-87.961944,1737.882022,40-60_2,Periodic,Pleurobemini,EARC,0,0,0,0,0,0,0,0,0,0,0,0,0,0,0,0,0,0,0,0,0,0,0,0,0,0,0,NA
SIPSEY,WENDELL_3,2016,S5,33.086944,-87.961944,1737.882022,40-60_2,Equilibrium,Amblemini,APLI,6.264167741,5.228296576,268.2282325,19.23196427,248.9962682,0.544012814,0.440845616,21.69749749,1.55571057,20.14178692,24.46026084,1.996556185,250.0321394,20.24495411,2.505667097,2.09131863,107.291293,7.692785707,99.59850728,0.217605126,0.176338246,8.678998994,0.622284228,8.056714766,9.784104337,0.798622474,100.0128557,8.097981646
SIPSEY,WENDELL_3,2016,S5,33.086944,-87.961944,1737.882022,40-60_2,Equilibrium,Pleurobemini,REBE,0,0,0,0,0,0,0,0,0,0,0,0,0,0,0,0,0,0,0,0,0,0,0,0,0,0,0,NA
SIPSEY,WENDELL_3,2016,S5,33.086944,-87.961944,1737.882022,40-60_2,Equilibrium,Quadrulini,QQUA,0,0,0,0,0,0,0,0,0,0,0,0,0,0,0,0,0,0,0,0,0,0,0,0,0,0,0,NA
SIPSEY,WENDELL_3,2016,S5,33.086944,-87.961944,1737.882022,40-60_2,Opportunistic,Lampsilini,TDON,0.021852674,0.018360616,0.341249228,0.020782078,0.32046715,0.021805116,0.018320659,0.340771348,0.020752975,0.320018373,0.039142694,0.039073634,0.323959208,0.323502831,0.008741069,0.007344247,0.136499691,0.008312831,0.12818686,0.008722046,0.007328263,0.136308539,0.00830119,0.128007349,0.015657078,0.015629454,0.129583683,0.129401132
SIPSEY,WENDELL_3,2016,S5,33.086944,-87.961944,1737.882022,40-60_2,Equilibrium,Quadrulini,MNER,0,0,0,0,0,0,0,0,0,0,0,0,0,0,0,0,0,0,0,0,0,0,0,0,0,0,0,NA
SIPSEY,WENDELL_3,2016,S5,33.086944,-87.961944,1737.882022,40-60_2,Periodic,Lampsilini,LLIE,0,0,0,0,0,0,0,0,0,0,0,0,0,0,0,0,0,0,0,0,0,0,0,0,0,0,0,NA
SIPSEY,WENDELL_3,2016,S5,33.086944,-87.961944,1737.882022,40-60_2,Periodic,Lampsilini,ELIN,0,0,0,0,0,0,0,0,0,0,0,0,0,0,0,0,0,0,0,0,0,0,0,0,0,0,0,NA
SIPSEY,WENDELL_3,2016,S5,33.086944,-87.961944,1737.882022,40-60_2,Opportunistic,Lampsilini,PFRA,0,0,0,0,0,0,0,0,0,0,0,0,0,0,0,0,0,0,0,0,0,0,0,0,0,0,0,NA
SIPSEY,WENDELL_3,2016,S5,33.086944,-87.961944,1737.882022,40-60_2,Opportunistic,Lampsilini,LREC,0,0,0,0,0,0,0,0,0,0,0,0,0,0,0,0,0,0,0,0,0,0,0,0,0,0,0,NA
SIPSEY,WENDELL_3,2016,S5,33.086944,-87.961944,1737.882022,40-60_2,Periodic,Lampsilini,OARK,1.339379084,1.081744816,61.33868475,3.66191948,57.67676527,0,0,0,0,0,4.743664295,0,57.93439954,0,0.535751634,0.432697926,24.5354739,1.464767792,23.07070611,0,0,0,0,0,1.897465718,0,23.17375982,0
SIPSEY,WENDELL_3,2016,S5,33.086944,-87.961944,1737.882022,40-60_2,Opportunistic,Lampsilini,PINF,0,0,0,0,0,0,0,0,0,0,0,0,0,0,0,0,0,0,0,0,0,0,0,0,0,0,0,NA
SIPSEY,WENDELL_3,2016,S5,33.086944,-87.961944,1737.882022,40-60_2,Equilibrium,Pleurobemini,PPER,0,0,0,0,0,0,0,0,0,0,0,0,0,0,0,0,0,0,0,0,0,0,0,0,0,0,0,NA
SIPSEY,WENDELL_3,2016,S5,33.086944,-87.961944,1737.882022,40-60_2,Opportunistic,Lampsilini,LTER,0,0,0,0,0,0,0,0,0,0,0,0,0,0,0,0,0,0,0,0,0,0,0,0,0,0,0,NA
SIPSEY,WENDELL_3,2016,S5,33.086944,-87.961944,1737.882022,40-60_2,Periodic,Alasmodontini,SSUB,0,0,0,0,0,0,0,0,0,0,0,0,0,0,0,0,0,0,0,0,0,0,0,0,0,0,0,NA
SIPSEY,WENDELL_3,2016,S5,33.086944,-87.961944,1737.882022,40-60_2,Opportunistic,Lampsilini,TPAR,0,0,0,0,0,0,0,0,0,0,0,0,0,0,0,0,0,0,0,0,0,0,0,0,0,0,0,NA
SIPSEY,WENDELL_3,2016,S5,33.086944,-87.961944,1737.882022,40-60_2,Opportunistic,Lampsilini,PPUR,0,0,0,0,0,0,0,0,0,0,0,0,0,0,0,0,0,0,0,0,0,0,0,0,0,0,0,NA
SIPSEY,WENDELL_3,2016,S5,33.086944,-87.961944,1737.882022,40-60_2,Periodic,Lampsilini,HPER,0,0,0,0,0,0,0,0,0,0,0,0,0,0,0,0,0,0,0,0,0,0,0,0,0,0,0,NA
SIPSEY,WENDELL_3,2016,S5,33.086944,-87.961944,1737.882022,40-60_2,Periodic,Lampsilini,VVIB,0,0,0,0,0,0,0,0,0,0,0,0,0,0,0,0,0,0,0,0,0,0,0,0,0,0,0,NA
SIPSEY,WENDELL_3,2016,S5,33.086944,-87.961944,1737.882022,40-60_2,Periodic,Pleurobemini,ECRA,7.131614167,5.991982223,113.5436702,6.914809516,106.6288607,0,0,0,0,0,12.90679174,0,107.7684926,0,2.852645667,2.396792889,45.41746808,2.765923806,42.65154428,0,0,0,0,0,5.162716696,0,43.10739706,0
SIPSEY,WENDELL_3,2016,S5,33.086944,-87.961944,1737.882022,40-60_2,Opportunistic,Lampsilini,TTRU,0,0,0,0,0,0,0,0,0,0,0,0,0,0,0,0,0,0,0,0,0,0,0,0,0,0,0,NA
SIPSEY,WENDELL_3,2016,S5,33.086944,-87.961944,1737.882022,40-60_2,NA,Lampsilini,LAMP,0,0,0,0,0,0,0,0,0,0,0,0,0,0,0,0,0,0,0,0,0,0,0,0,0,0,0,NA
SIPSEY,WENDELL_3,2016,S5,33.086944,-87.961944,1737.882022,40-60_2,Periodic,Anodontini,LCOM,0,0,0,0,0,0,0,0,0,0,0,0,0,0,0,0,0,0,0,0,0,0,0,0,0,0,0,NA
SIPSEY,MUSSEL_MANIA,2019,S6,33.077933,-87.97775,1753.42195,0-20_12,NA,Corbicula,CFLU,0.826013647,0.614375057,28.9733871,0.843125565,28.13026154,0.463705683,0.352378596,17.14247961,0.498846157,16.64363345,1.457500622,0.851224752,28.34190013,16.75496054,0.330405459,0.245750023,11.58935484,0.337250226,11.25210461,0.185482273,0.140951438,6.856991842,0.199538463,6.657453379,0.583000249,0.340489901,11.33676005,6.701984214
SIPSEY,MUSSEL_MANIA,2019,S6,33.077933,-87.97775,1753.42195,0-20_12,Equilibrium,Pleurobemini,FCER,2.137440449,1.833838717,85.24709178,4.449898191,80.79719359,0.141174414,0.122410813,5.850312235,0.305386299,5.544925936,6.283736908,0.427797111,81.10079532,5.563689538,0.854976179,0.733535487,34.09883671,1.779959276,32.31887743,0.056469766,0.048964325,2.340124894,0.122154519,2.217970375,2.513494763,0.171118845,32.44031813,2.225475815
SIPSEY,MUSSEL_MANIA,2019,S6,33.077933,-87.97775,1753.42195,0-20_12,Opportunistic,Lampsilini,LORN,0,0,0,0,0,0,0,0,0,0,0,0,0,0,0,0,0,0,0,0,0,0,0,0,0,0,0,NA
SIPSEY,MUSSEL_MANIA,2019,S6,33.077933,-87.97775,1753.42195,0-20_12,Periodic,Lampsilini,OREF,1.288637389,1.117746502,62.35389831,2.56898061,59.7849177,0.186489726,0.16097226,8.79822169,0.362486734,8.435734956,3.686727112,0.523458994,59.95580858,8.461252422,0.515454955,0.447098601,24.94155932,1.027592244,23.91396708,0.074595891,0.064388904,3.519288676,0.144994693,3.374293982,1.474690845,0.209383598,23.98232343,3.384500969
SIPSEY,MUSSEL_MANIA,2019,S6,33.077933,-87.97775,1753.42195,0-20_12,Equilibrium,Pleurobemini,PDEC,8.018301932,6.656892311,440.9688874,24.12099814,416.8478893,1.344567256,1.113410281,73.86374891,4.040347065,69.82340184,30.77789045,5.153757346,418.2092989,70.05455882,3.207320773,2.662756925,176.387555,9.648399257,166.7391557,0.537826903,0.445364112,29.54549956,1.616138826,27.92936074,12.31115618,2.061502939,167.2837196,28.02182353
SIPSEY,MUSSEL_MANIA,2019,S6,33.077933,-87.97775,1753.42195,0-20_12,Equilibrium,Quadrulini,PKIE,6.59560846,5.849129862,245.1402314,18.28746126,226.8527701,0.834881391,0.745664889,28.0937508,2.09579381,25.99795699,24.13659112,2.841458699,227.5992487,26.08717349,2.638243384,2.339651945,98.05609256,7.314984505,90.74110806,0.333952556,0.298265956,11.23750032,0.838317524,10.3991828,9.65463645,1.136583479,91.0396995,10.4348694
SIPSEY,MUSSEL_MANIA,2019,S6,33.077933,-87.97775,1753.42195,0-20_12,Periodic,Lampsilini,LSTR,0,0,0,0,0,0,0,0,0,0,0,0,0,0,0,0,0,0,0,0,0,0,0,0,0,0,0,NA
SIPSEY,MUSSEL_MANIA,2019,S6,33.077933,-87.97775,1753.42195,0-20_12,Periodic,Lampsilini,MACU,0.02943719,0.023809333,0.364048036,0.021442429,0.342605607,0.025245645,0.020849617,0.310779901,0.018304936,0.292474965,0.045251762,0.039154553,0.348233464,0.296870994,0.011774876,0.009523733,0.145619215,0.008576972,0.137042243,0.010098258,0.008339847,0.12431196,0.007321974,0.116989986,0.018100705,0.015661821,0.139293386,0.118748398
SIPSEY,MUSSEL_MANIA,2019,S6,33.077933,-87.97775,1753.42195,0-20_12,Periodic,Lampsilini,OUNI,1.856015413,1.456368115,78.08841812,4.661878562,73.42653955,0.16552675,0.13197761,7.298299912,0.435708505,6.862591407,6.118246677,0.567686115,73.82618685,6.896140548,0.742406165,0.582547246,31.23536725,1.864751425,29.37061582,0.0662107,0.052791044,2.919319965,0.174283402,2.745036563,2.447298671,0.227074446,29.53047474,2.758456219
SIPSEY,MUSSEL_MANIA,2019,S6,33.077933,-87.97775,1753.42195,0-20_12,Equilibrium,Quadrulini,QVER,3.099459181,2.584663851,94.7739854,5.819122704,88.9548627,0.198101258,0.199262972,5.94404843,0.364964574,5.579083856,8.403786555,0.564227545,89.46965803,5.577922143,1.239783673,1.03386554,37.90959416,2.327649081,35.58194508,0.079240503,0.079705189,2.377619372,0.145985829,2.231633543,3.361514622,0.225691018,35.78786321,2.231168857
SIPSEY,MUSSEL_MANIA,2019,S6,33.077933,-87.97775,1753.42195,0-20_12,Periodic,Pleurobemini,EARC,1.057966774,0.881033581,33.62644864,1.661146563,31.96530208,0.124267491,0.103475419,3.98075516,0.196649305,3.784105855,2.542180144,0.300124724,32.14223527,3.804897927,0.42318671,0.352413432,13.45057946,0.664458625,12.78612083,0.049706996,0.041390168,1.592302064,0.078659722,1.513642342,1.016872058,0.12004989,12.85689411,1.521959171
SIPSEY,MUSSEL_MANIA,2019,S6,33.077933,-87.97775,1753.42195,0-20_12,Equilibrium,Amblemini,APLI,1.583934587,1.339341777,69.89780096,5.011672329,64.88612863,0.193821208,0.158211551,7.858917382,0.563484376,7.295433006,6.351014106,0.721695928,65.13072144,7.331042662,0.633573835,0.535736711,27.95912039,2.004668932,25.95445145,0.077528483,0.063284621,3.143566953,0.225393751,2.918173202,2.540405642,0.288678371,26.05228858,2.932417065
SIPSEY,MUSSEL_MANIA,2019,S6,33.077933,-87.97775,1753.42195,0-20_12,Equilibrium,Pleurobemini,REBE,0,0,0,0,0,0,0,0,0,0,0,0,0,0,0,0,0,0,0,0,0,0,0,0,0,0,0,NA
SIPSEY,MUSSEL_MANIA,2019,S6,33.077933,-87.97775,1753.42195,0-20_12,Equilibrium,Quadrulini,QQUA,0,0,0,0,0,0,0,0,0,0,0,0,0,0,0,0,0,0,0,0,0,0,0,0,0,0,0,NA
SIPSEY,MUSSEL_MANIA,2019,S6,33.077933,-87.97775,1753.42195,0-20_12,Opportunistic,Lampsilini,TDON,0,0,0,0,0,0,0,0,0,0,0,0,0,0,0,0,0,0,0,0,0,0,0,0,0,0,0,NA
SIPSEY,MUSSEL_MANIA,2019,S6,33.077933,-87.97775,1753.42195,0-20_12,Equilibrium,Quadrulini,MNER,0,0,0,0,0,0,0,0,0,0,0,0,0,0,0,0,0,0,0,0,0,0,0,0,0,0,0,NA
SIPSEY,MUSSEL_MANIA,2019,S6,33.077933,-87.97775,1753.42195,0-20_12,Periodic,Lampsilini,LLIE,0,0,0,0,0,0,0,0,0,0,0,0,0,0,0,0,0,0,0,0,0,0,0,0,0,0,0,NA
SIPSEY,MUSSEL_MANIA,2019,S6,33.077933,-87.97775,1753.42195,0-20_12,Periodic,Lampsilini,ELIN,0,0,0,0,0,0,0,0,0,0,0,0,0,0,0,0,0,0,0,0,0,0,0,0,0,0,0,NA
SIPSEY,MUSSEL_MANIA,2019,S6,33.077933,-87.97775,1753.42195,0-20_12,Opportunistic,Lampsilini,PFRA,0,0,0,0,0,0,0,0,0,0,0,0,0,0,0,0,0,0,0,0,0,0,0,0,0,0,0,NA
SIPSEY,MUSSEL_MANIA,2019,S6,33.077933,-87.97775,1753.42195,0-20_12,Opportunistic,Lampsilini,LREC,0,0,0,0,0,0,0,0,0,0,0,0,0,0,0,0,0,0,0,0,0,0,0,0,0,0,0,NA
SIPSEY,MUSSEL_MANIA,2019,S6,33.077933,-87.97775,1753.42195,0-20_12,Periodic,Lampsilini,OARK,0,0,0,0,0,0,0,0,0,0,0,0,0,0,0,0,0,0,0,0,0,0,0,0,0,0,0,NA
SIPSEY,MUSSEL_MANIA,2019,S6,33.077933,-87.97775,1753.42195,0-20_12,Opportunistic,Lampsilini,PINF,0,0,0,0,0,0,0,0,0,0,0,0,0,0,0,0,0,0,0,0,0,0,0,0,0,0,0,NA
SIPSEY,MUSSEL_MANIA,2019,S6,33.077933,-87.97775,1753.42195,0-20_12,Equilibrium,Pleurobemini,PPER,0,0,0,0,0,0,0,0,0,0,0,0,0,0,0,0,0,0,0,0,0,0,0,0,0,0,0,NA
SIPSEY,MUSSEL_MANIA,2019,S6,33.077933,-87.97775,1753.42195,0-20_12,Opportunistic,Lampsilini,LTER,0,0,0,0,0,0,0,0,0,0,0,0,0,0,0,0,0,0,0,0,0,0,0,0,0,0,0,NA
SIPSEY,MUSSEL_MANIA,2019,S6,33.077933,-87.97775,1753.42195,0-20_12,Periodic,Alasmodontini,SSUB,0,0,0,0,0,0,0,0,0,0,0,0,0,0,0,0,0,0,0,0,0,0,0,0,0,0,0,NA
SIPSEY,MUSSEL_MANIA,2019,S6,33.077933,-87.97775,1753.42195,0-20_12,Opportunistic,Lampsilini,TPAR,0,0,0,0,0,0,0,0,0,0,0,0,0,0,0,0,0,0,0,0,0,0,0,0,0,0,0,NA
SIPSEY,MUSSEL_MANIA,2019,S6,33.077933,-87.97775,1753.42195,0-20_12,Opportunistic,Lampsilini,PPUR,0,0,0,0,0,0,0,0,0,0,0,0,0,0,0,0,0,0,0,0,0,0,0,0,0,0,0,NA
SIPSEY,MUSSEL_MANIA,2019,S6,33.077933,-87.97775,1753.42195,0-20_12,Periodic,Lampsilini,HPER,0,0,0,0,0,0,0,0,0,0,0,0,0,0,0,0,0,0,0,0,0,0,0,0,0,0,0,NA
SIPSEY,MUSSEL_MANIA,2019,S6,33.077933,-87.97775,1753.42195,0-20_12,Periodic,Lampsilini,VVIB,0,0,0,0,0,0,0,0,0,0,0,0,0,0,0,0,0,0,0,0,0,0,0,0,0,0,0,NA
SIPSEY,MUSSEL_MANIA,2019,S6,33.077933,-87.97775,1753.42195,0-20_12,Periodic,Pleurobemini,ECRA,0,0,0,0,0,0,0,0,0,0,0,0,0,0,0,0,0,0,0,0,0,0,0,0,0,0,0,NA
SIPSEY,MUSSEL_MANIA,2019,S6,33.077933,-87.97775,1753.42195,0-20_12,Opportunistic,Lampsilini,TTRU,0,0,0,0,0,0,0,0,0,0,0,0,0,0,0,0,0,0,0,0,0,0,0,0,0,0,0,NA
SIPSEY,MUSSEL_MANIA,2019,S6,33.077933,-87.97775,1753.42195,0-20_12,NA,Lampsilini,LAMP,0,0,0,0,0,0,0,0,0,0,0,0,0,0,0,0,0,0,0,0,0,0,0,0,0,0,0,NA
SIPSEY,MUSSEL_MANIA,2019,S6,33.077933,-87.97775,1753.42195,0-20_12,Periodic,Anodontini,LCOM,0,0,0,0,0,0,0,0,0,0,0,0,0,0,0,0,0,0,0,0,0,0,0,0,0,0,0,NA
SIPSEY,MUSSEL_MANIA,2019,S6,33.077933,-87.97775,1753.42195,0-20_15,NA,Corbicula,CFLU,0.167416454,0.124686471,5.891359871,0.171438572,5.719921298,0.107031794,0.081020394,3.919541955,0.114058671,3.805483284,0.296125043,0.195079065,5.762651282,3.831494683,0.066966582,0.049874588,2.356543948,0.068575429,2.287968519,0.042812718,0.032408158,1.567816782,0.045623468,1.522193313,0.118450017,0.078031626,2.305060513,1.532597873
SIPSEY,MUSSEL_MANIA,2019,S6,33.077933,-87.97775,1753.42195,0-20_15,Equilibrium,Pleurobemini,FCER,4.937241954,4.219367266,194.4330207,10.14940368,184.283617,0.251425607,0.220269703,10.71785464,0.559472012,10.15838263,14.36877095,0.779741715,185.0014917,10.18953853,1.974896782,1.687746906,77.77320827,4.059761472,73.7134468,0.100570243,0.088107881,4.287141855,0.223788805,4.06335305,5.747508378,0.311896686,74.00059668,4.075815412
SIPSEY,MUSSEL_MANIA,2019,S6,33.077933,-87.97775,1753.42195,0-20_15,Opportunistic,Lampsilini,LORN,0,0,0,0,0,0,0,0,0,0,0,0,0,0,0,0,0,0,0,0,0,0,0,0,0,0,0,NA
SIPSEY,MUSSEL_MANIA,2019,S6,33.077933,-87.97775,1753.42195,0-20_15,Periodic,Lampsilini,OREF,0.261017722,0.230305315,13.55646082,0.558526186,12.99793464,0.080673098,0.069756723,3.82948428,0.157774752,3.671709528,0.788831501,0.227531475,13.02864704,3.682625903,0.104407089,0.092122126,5.422584329,0.223410474,5.199173855,0.032269239,0.027902689,1.531793712,0.063109901,1.468683811,0.3155326,0.09101259,5.211458817,1.473050361
SIPSEY,MUSSEL_MANIA,2019,S6,33.077933,-87.97775,1753.42195,0-20_15,Equilibrium,Pleurobemini,PDEC,5.835041641,4.853497248,321.1620534,17.56756432,303.5944891,1.100113784,0.912332581,60.47307221,3.30787705,57.16519516,22.42106157,4.220209631,304.5760335,57.35297637,2.334016656,1.941398899,128.4648214,7.027025729,121.4377956,0.440045514,0.364933032,24.18922889,1.32315082,22.86607807,8.968424628,1.688083852,121.8304134,22.94119055
SIPSEY,MUSSEL_MANIA,2019,S6,33.077933,-87.97775,1753.42195,0-20_15,Equilibrium,Quadrulini,PKIE,3.925108619,3.496279884,138.3701614,10.32241404,128.0477473,0.218113247,0.192755995,8.611758968,0.642437219,7.969321749,13.81869392,0.835193214,128.4765761,7.994679001,1.570043447,1.398511954,55.34806454,4.128965615,51.21909893,0.087245299,0.077102398,3.444703587,0.256974888,3.1877287,5.527477569,0.334077286,51.39063042,3.197871601
SIPSEY,MUSSEL_MANIA,2019,S6,33.077933,-87.97775,1753.42195,0-20_15,Periodic,Lampsilini,LSTR,0,0,0,0,0,0,0,0,0,0,0,0,0,0,0,0,0,0,0,0,0,0,0,0,0,0,0,NA
SIPSEY,MUSSEL_MANIA,2019,S6,33.077933,-87.97775,1753.42195,0-20_15,Periodic,Lampsilini,MACU,0.058552777,0.046101014,0.728058594,0.042882651,0.685175943,0.055598813,0.044147024,0.69000946,0.040641557,0.649367903,0.088983665,0.084788581,0.697627706,0.660819692,0.023421111,0.018440406,0.291223438,0.01715306,0.274070377,0.022239525,0.017658809,0.276003784,0.016256623,0.259747161,0.035593466,0.033915432,0.279051082,0.264327877
SIPSEY,MUSSEL_MANIA,2019,S6,33.077933,-87.97775,1753.42195,0-20_15,Periodic,Lampsilini,OUNI,1.55038844,1.227066339,67.11513762,4.006773716,63.10836391,0.131604755,0.098795892,4.840082839,0.288952945,4.551129893,5.233840055,0.387748838,63.43168601,4.583938756,0.620155376,0.490826536,26.84605505,1.602709486,25.24334556,0.052641902,0.039518357,1.936033136,0.115581178,1.820451957,2.093536022,0.155099535,25.3726744,1.833575503
SIPSEY,MUSSEL_MANIA,2019,S6,33.077933,-87.97775,1753.42195,0-20_15,Equilibrium,Quadrulini,QVER,0,0,0,0,0,0,0,0,0,0,0,0,0,0,0,0,0,0,0,0,0,0,0,0,0,0,0,NA
SIPSEY,MUSSEL_MANIA,2019,S6,33.077933,-87.97775,1753.42195,0-20_15,Periodic,Pleurobemini,EARC,0,0,0,0,0,0,0,0,0,0,0,0,0,0,0,0,0,0,0,0,0,0,0,0,0,0,0,NA
SIPSEY,MUSSEL_MANIA,2019,S6,33.077933,-87.97775,1753.42195,0-20_15,Equilibrium,Amblemini,APLI,0,0,0,0,0,0,0,0,0,0,0,0,0,0,0,0,0,0,0,0,0,0,0,0,0,0,0,NA
SIPSEY,MUSSEL_MANIA,2019,S6,33.077933,-87.97775,1753.42195,0-20_15,Equilibrium,Pleurobemini,REBE,0,0,0,0,0,0,0,0,0,0,0,0,0,0,0,0,0,0,0,0,0,0,0,0,0,0,0,NA
SIPSEY,MUSSEL_MANIA,2019,S6,33.077933,-87.97775,1753.42195,0-20_15,Equilibrium,Quadrulini,QQUA,0,0,0,0,0,0,0,0,0,0,0,0,0,0,0,0,0,0,0,0,0,0,0,0,0,0,0,NA
SIPSEY,MUSSEL_MANIA,2019,S6,33.077933,-87.97775,1753.42195,0-20_15,Opportunistic,Lampsilini,TDON,0,0,0,0,0,0,0,0,0,0,0,0,0,0,0,0,0,0,0,0,0,0,0,0,0,0,0,NA
SIPSEY,MUSSEL_MANIA,2019,S6,33.077933,-87.97775,1753.42195,0-20_15,Equilibrium,Quadrulini,MNER,3.565466172,2.925886922,146.7104101,10.5191364,136.1912737,0.757566555,0.601258195,28.76798288,2.062664373,26.70531851,13.44502332,2.663922568,136.8308529,26.86162687,1.426186469,1.170354769,58.68416403,4.207654561,54.47650947,0.303026622,0.240503278,11.50719315,0.825065749,10.6821274,5.37800933,1.065569027,54.73234117,10.74465075
SIPSEY,MUSSEL_MANIA,2019,S6,33.077933,-87.97775,1753.42195,0-20_15,Periodic,Lampsilini,LLIE,0,0,0,0,0,0,0,0,0,0,0,0,0,0,0,0,0,0,0,0,0,0,0,0,0,0,0,NA
SIPSEY,MUSSEL_MANIA,2019,S6,33.077933,-87.97775,1753.42195,0-20_15,Periodic,Lampsilini,ELIN,0,0,0,0,0,0,0,0,0,0,0,0,0,0,0,0,0,0,0,0,0,0,0,0,0,0,0,NA
SIPSEY,MUSSEL_MANIA,2019,S6,33.077933,-87.97775,1753.42195,0-20_15,Opportunistic,Lampsilini,PFRA,0,0,0,0,0,0,0,0,0,0,0,0,0,0,0,0,0,0,0,0,0,0,0,0,0,0,0,NA
SIPSEY,MUSSEL_MANIA,2019,S6,33.077933,-87.97775,1753.42195,0-20_15,Opportunistic,Lampsilini,LREC,0,0,0,0,0,0,0,0,0,0,0,0,0,0,0,0,0,0,0,0,0,0,0,0,0,0,0,NA
SIPSEY,MUSSEL_MANIA,2019,S6,33.077933,-87.97775,1753.42195,0-20_15,Periodic,Lampsilini,OARK,2.014847023,1.609212869,89.26303221,5.329003023,83.93402919,0,0,0,0,0,6.938215892,0,84.33966334,0,0.805938809,0.643685147,35.70521288,2.131601209,33.57361168,0,0,0,0,0,2.775286357,0,33.73586534,0
SIPSEY,MUSSEL_MANIA,2019,S6,33.077933,-87.97775,1753.42195,0-20_15,Opportunistic,Lampsilini,PINF,0,0,0,0,0,0,0,0,0,0,0,0,0,0,0,0,0,0,0,0,0,0,0,0,0,0,0,NA
SIPSEY,MUSSEL_MANIA,2019,S6,33.077933,-87.97775,1753.42195,0-20_15,Equilibrium,Pleurobemini,PPER,0,0,0,0,0,0,0,0,0,0,0,0,0,0,0,0,0,0,0,0,0,0,0,0,0,0,0,NA
SIPSEY,MUSSEL_MANIA,2019,S6,33.077933,-87.97775,1753.42195,0-20_15,Opportunistic,Lampsilini,LTER,0,0,0,0,0,0,0,0,0,0,0,0,0,0,0,0,0,0,0,0,0,0,0,0,0,0,0,NA
SIPSEY,MUSSEL_MANIA,2019,S6,33.077933,-87.97775,1753.42195,0-20_15,Periodic,Alasmodontini,SSUB,0,0,0,0,0,0,0,0,0,0,0,0,0,0,0,0,0,0,0,0,0,0,0,0,0,0,0,NA
SIPSEY,MUSSEL_MANIA,2019,S6,33.077933,-87.97775,1753.42195,0-20_15,Opportunistic,Lampsilini,TPAR,0,0,0,0,0,0,0,0,0,0,0,0,0,0,0,0,0,0,0,0,0,0,0,0,0,0,0,NA
SIPSEY,MUSSEL_MANIA,2019,S6,33.077933,-87.97775,1753.42195,0-20_15,Opportunistic,Lampsilini,PPUR,0,0,0,0,0,0,0,0,0,0,0,0,0,0,0,0,0,0,0,0,0,0,0,0,0,0,0,NA
SIPSEY,MUSSEL_MANIA,2019,S6,33.077933,-87.97775,1753.42195,0-20_15,Periodic,Lampsilini,HPER,0,0,0,0,0,0,0,0,0,0,0,0,0,0,0,0,0,0,0,0,0,0,0,0,0,0,0,NA
SIPSEY,MUSSEL_MANIA,2019,S6,33.077933,-87.97775,1753.42195,0-20_15,Periodic,Lampsilini,VVIB,0,0,0,0,0,0,0,0,0,0,0,0,0,0,0,0,0,0,0,0,0,0,0,0,0,0,0,NA
SIPSEY,MUSSEL_MANIA,2019,S6,33.077933,-87.97775,1753.42195,0-20_15,Periodic,Pleurobemini,ECRA,0,0,0,0,0,0,0,0,0,0,0,0,0,0,0,0,0,0,0,0,0,0,0,0,0,0,0,NA
SIPSEY,MUSSEL_MANIA,2019,S6,33.077933,-87.97775,1753.42195,0-20_15,Opportunistic,Lampsilini,TTRU,0.156532744,0.131518812,0.078374743,0.006896977,0.071477766,0.156532744,0.131518812,0.078374743,0.006896977,0.071477766,0.138415789,0.138415789,0.096491699,0.096491699,0.062613098,0.052607525,0.031349897,0.002758791,0.028591106,0.062613098,0.052607525,0.031349897,0.002758791,0.028591106,0.055366316,0.055366316,0.038596679,0.038596679
SIPSEY,MUSSEL_MANIA,2019,S6,33.077933,-87.97775,1753.42195,0-20_15,NA,Lampsilini,LAMP,0,0,0,0,0,0,0,0,0,0,0,0,0,0,0,0,0,0,0,0,0,0,0,0,0,0,0,NA
SIPSEY,MUSSEL_MANIA,2019,S6,33.077933,-87.97775,1753.42195,0-20_15,Periodic,Anodontini,LCOM,0,0,0,0,0,0,0,0,0,0,0,0,0,0,0,0,0,0,0,0,0,0,0,0,0,0,0,NA
SIPSEY,MUSSEL_MANIA,2019,S6,33.077933,-87.97775,1753.42195,0-20_2,NA,Corbicula,CFLU,0.215550673,0.167192277,8.362367257,0.243344887,8.11902237,0.155166013,0.1235262,6.390549341,0.185964986,6.204584355,0.410537165,0.309491186,8.167380766,6.236224168,0.095800299,0.074307679,3.71660767,0.108153283,3.608454387,0.068962672,0.054900534,2.840244152,0.082651105,2.757593047,0.182460962,0.137551638,3.629947007,2.771655186
SIPSEY,MUSSEL_MANIA,2019,S6,33.077933,-87.97775,1753.42195,0-20_2,Equilibrium,Pleurobemini,FCER,1.275429689,1.09975485,51.67401228,2.697383441,48.97662884,0.121973452,0.104169141,4.768298353,0.248905174,4.519393179,3.797138291,0.353074315,49.15230368,4.53719749,0.566857639,0.488779933,22.96622768,1.198837085,21.7673906,0.054210423,0.046297396,2.119243712,0.110624522,2.008619191,1.687617018,0.156921918,21.8454683,2.016532218
SIPSEY,MUSSEL_MANIA,2019,S6,33.077933,-87.97775,1753.42195,0-20_2,Opportunistic,Lampsilini,LORN,2.488055145,1.928878567,23.10604494,2.673369399,20.43267554,0.362794696,0.254732347,5.583642467,0.646027433,4.937615034,4.602247967,0.90075978,20.99185212,5.045677383,1.105802287,0.857279363,10.26935331,1.188164177,9.081189128,0.161242087,0.113214376,2.481618874,0.287123304,2.194495571,2.045443541,0.40033768,9.329712051,2.242523281
SIPSEY,MUSSEL_MANIA,2019,S6,33.077933,-87.97775,1753.42195,0-20_2,Periodic,Lampsilini,OREF,0.513409411,0.445674672,24.88488425,1.025257231,23.85962702,0.077430964,0.065721499,3.397290992,0.139968389,3.257322603,1.470931903,0.205689887,23.92736176,3.269032068,0.22818196,0.198077632,11.05994856,0.45566988,10.60427868,0.034413762,0.029209555,1.509907107,0.062208173,1.447698935,0.653747513,0.091417728,10.634383,1.452903141
SIPSEY,MUSSEL_MANIA,2019,S6,33.077933,-87.97775,1753.42195,0-20_2,Equilibrium,Pleurobemini,PDEC,6.072333085,5.030375467,333.6374471,18.24996836,315.3874787,0.765284284,0.633691164,42.03981672,2.299577975,39.74023875,23.28034382,2.933269139,316.4294363,39.87183187,2.698814704,2.23572243,148.2833098,8.111097047,140.1722128,0.340126349,0.281640517,18.68436299,1.022034655,17.66232833,10.34681948,1.303675173,140.635305,17.72081416
SIPSEY,MUSSEL_MANIA,2019,S6,33.077933,-87.97775,1753.42195,0-20_2,Equilibrium,Quadrulini,PKIE,2.903143084,2.583099882,103.3502544,7.70992898,95.64032544,0.199347825,0.179046324,6.232440546,0.464940065,5.767500481,10.29302886,0.643986389,95.96036865,5.787801981,1.290285815,1.148044392,45.93344641,3.426635102,42.50681131,0.088599033,0.079576144,2.769973576,0.206640029,2.563333547,4.574679494,0.286216173,42.64905273,2.572356436
SIPSEY,MUSSEL_MANIA,2019,S6,33.077933,-87.97775,1753.42195,0-20_2,Periodic,Lampsilini,LSTR,0,0,0,0,0,0,0,0,0,0,0,0,0,0,0,0,0,0,0,0,0,0,0,0,0,0,0,NA
SIPSEY,MUSSEL_MANIA,2019,S6,33.077933,-87.97775,1753.42195,0-20_2,Periodic,Lampsilini,MACU,0.05757385,0.048794652,0.705368362,0.041546197,0.663822166,0.029248136,0.025945651,0.354877398,0.020902279,0.333975119,0.090340849,0.046847929,0.672601363,0.337277605,0.025588378,0.021686512,0.31349705,0.018464976,0.295032074,0.012999171,0.0115314,0.157723288,0.009289902,0.148433386,0.040151488,0.020821302,0.298933939,0.149901158
SIPSEY,MUSSEL_MANIA,2019,S6,33.077933,-87.97775,1753.42195,0-20_2,Periodic,Lampsilini,OUNI,3.200909543,2.514904979,135.2650956,8.075326208,127.1897694,0.296712661,0.234800429,12.76806508,0.762253485,12.00581159,10.59023119,0.997053914,127.875774,12.06772382,1.422626464,1.117735546,60.11782027,3.58903387,56.5287864,0.131872294,0.104355746,5.674695589,0.338779327,5.335916263,4.706769417,0.443135073,56.83367732,5.36343281
SIPSEY,MUSSEL_MANIA,2019,S6,33.077933,-87.97775,1753.42195,0-20_2,Equilibrium,Quadrulini,QVER,0.863531059,0.547325495,27.0655121,1.661822443,25.40368965,0.294182365,0.217328428,9.076156449,0.557276006,8.518880443,2.209147938,0.774604434,25.71989522,8.59573438,0.383791582,0.243255776,12.02911649,0.738587752,11.29052873,0.130747718,0.096590412,4.033847311,0.247678225,3.786169086,0.981843528,0.344268637,11.43106454,3.820326391
SIPSEY,MUSSEL_MANIA,2019,S6,33.077933,-87.97775,1753.42195,0-20_2,Periodic,Pleurobemini,EARC,0,0,0,0,0,0,0,0,0,0,0,0,0,0,0,0,0,0,0,0,0,0,0,0,0,0,0,NA
SIPSEY,MUSSEL_MANIA,2019,S6,33.077933,-87.97775,1753.42195,0-20_2,Equilibrium,Amblemini,APLI,0,0,0,0,0,0,0,0,0,0,0,0,0,0,0,0,0,0,0,0,0,0,0,0,0,0,0,NA
SIPSEY,MUSSEL_MANIA,2019,S6,33.077933,-87.97775,1753.42195,0-20_2,Equilibrium,Pleurobemini,REBE,0,0,0,0,0,0,0,0,0,0,0,0,0,0,0,0,0,0,0,0,0,0,0,0,0,0,0,NA
SIPSEY,MUSSEL_MANIA,2019,S6,33.077933,-87.97775,1753.42195,0-20_2,Equilibrium,Quadrulini,QQUA,0,0,0,0,0,0,0,0,0,0,0,0,0,0,0,0,0,0,0,0,0,0,0,0,0,0,0,NA
SIPSEY,MUSSEL_MANIA,2019,S6,33.077933,-87.97775,1753.42195,0-20_2,Opportunistic,Lampsilini,TDON,0,0,0,0,0,0,0,0,0,0,0,0,0,0,0,0,0,0,0,0,0,0,0,0,0,0,0,NA
SIPSEY,MUSSEL_MANIA,2019,S6,33.077933,-87.97775,1753.42195,0-20_2,Equilibrium,Quadrulini,MNER,5.582962009,4.506237281,221.0132632,15.84665097,205.1666122,0.83278439,0.649234339,30.33017812,2.174673771,28.15550435,20.35288825,2.82390811,206.243337,28.3390544,2.481316448,2.002772125,98.22811698,7.042955988,91.18516099,0.370126396,0.288548595,13.48007916,0.966521676,12.51355749,9.045728112,1.255070271,91.66370532,12.59513529
SIPSEY,MUSSEL_MANIA,2019,S6,33.077933,-87.97775,1753.42195,0-20_2,Periodic,Lampsilini,LLIE,0,0,0,0,0,0,0,0,0,0,0,0,0,0,0,0,0,0,0,0,0,0,0,0,0,0,0,NA
SIPSEY,MUSSEL_MANIA,2019,S6,33.077933,-87.97775,1753.42195,0-20_2,Periodic,Lampsilini,ELIN,0,0,0,0,0,0,0,0,0,0,0,0,0,0,0,0,0,0,0,0,0,0,0,0,0,0,0,NA
SIPSEY,MUSSEL_MANIA,2019,S6,33.077933,-87.97775,1753.42195,0-20_2,Opportunistic,Lampsilini,PFRA,0,0,0,0,0,0,0,0,0,0,0,0,0,0,0,0,0,0,0,0,0,0,0,0,0,0,0,NA
SIPSEY,MUSSEL_MANIA,2019,S6,33.077933,-87.97775,1753.42195,0-20_2,Opportunistic,Lampsilini,LREC,0,0,0,0,0,0,0,0,0,0,0,0,0,0,0,0,0,0,0,0,0,0,0,0,0,0,0,NA
SIPSEY,MUSSEL_MANIA,2019,S6,33.077933,-87.97775,1753.42195,0-20_2,Periodic,Lampsilini,OARK,0,0,0,0,0,0,0,0,0,0,0,0,0,0,0,0,0,0,0,0,0,0,0,0,0,0,0,NA
SIPSEY,MUSSEL_MANIA,2019,S6,33.077933,-87.97775,1753.42195,0-20_2,Opportunistic,Lampsilini,PINF,0,0,0,0,0,0,0,0,0,0,0,0,0,0,0,0,0,0,0,0,0,0,0,0,0,0,0,NA
SIPSEY,MUSSEL_MANIA,2019,S6,33.077933,-87.97775,1753.42195,0-20_2,Equilibrium,Pleurobemini,PPER,0,0,0,0,0,0,0,0,0,0,0,0,0,0,0,0,0,0,0,0,0,0,0,0,0,0,0,NA
SIPSEY,MUSSEL_MANIA,2019,S6,33.077933,-87.97775,1753.42195,0-20_2,Opportunistic,Lampsilini,LTER,0,0,0,0,0,0,0,0,0,0,0,0,0,0,0,0,0,0,0,0,0,0,0,0,0,0,0,NA
SIPSEY,MUSSEL_MANIA,2019,S6,33.077933,-87.97775,1753.42195,0-20_2,Periodic,Alasmodontini,SSUB,0,0,0,0,0,0,0,0,0,0,0,0,0,0,0,0,0,0,0,0,0,0,0,0,0,0,0,NA
SIPSEY,MUSSEL_MANIA,2019,S6,33.077933,-87.97775,1753.42195,0-20_2,Opportunistic,Lampsilini,TPAR,0,0,0,0,0,0,0,0,0,0,0,0,0,0,0,0,0,0,0,0,0,0,0,0,0,0,0,NA
SIPSEY,MUSSEL_MANIA,2019,S6,33.077933,-87.97775,1753.42195,0-20_2,Opportunistic,Lampsilini,PPUR,0,0,0,0,0,0,0,0,0,0,0,0,0,0,0,0,0,0,0,0,0,0,0,0,0,0,0,NA
SIPSEY,MUSSEL_MANIA,2019,S6,33.077933,-87.97775,1753.42195,0-20_2,Periodic,Lampsilini,HPER,0,0,0,0,0,0,0,0,0,0,0,0,0,0,0,0,0,0,0,0,0,0,0,0,0,0,0,NA
SIPSEY,MUSSEL_MANIA,2019,S6,33.077933,-87.97775,1753.42195,0-20_2,Periodic,Lampsilini,VVIB,0,0,0,0,0,0,0,0,0,0,0,0,0,0,0,0,0,0,0,0,0,0,0,0,0,0,0,NA
SIPSEY,MUSSEL_MANIA,2019,S6,33.077933,-87.97775,1753.42195,0-20_2,Periodic,Pleurobemini,ECRA,0,0,0,0,0,0,0,0,0,0,0,0,0,0,0,0,0,0,0,0,0,0,0,0,0,0,0,NA
SIPSEY,MUSSEL_MANIA,2019,S6,33.077933,-87.97775,1753.42195,0-20_2,Opportunistic,Lampsilini,TTRU,0,0,0,0,0,0,0,0,0,0,0,0,0,0,0,0,0,0,0,0,0,0,0,0,0,0,0,NA
SIPSEY,MUSSEL_MANIA,2019,S6,33.077933,-87.97775,1753.42195,0-20_2,NA,Lampsilini,LAMP,0,0,0,0,0,0,0,0,0,0,0,0,0,0,0,0,0,0,0,0,0,0,0,0,0,0,0,NA
SIPSEY,MUSSEL_MANIA,2019,S6,33.077933,-87.97775,1753.42195,0-20_2,Periodic,Anodontini,LCOM,0,0,0,0,0,0,0,0,0,0,0,0,0,0,0,0,0,0,0,0,0,0,0,0,0,0,0,NA
SIPSEY,MUSSEL_MANIA,2019,S6,33.077933,-87.97775,1753.42195,0-20_6,NA,Corbicula,CFLU,0.154276736,0.116625223,5.626859321,0.163741606,5.463117715,0.093892076,0.072959146,3.655041405,0.106361705,3.5486797,0.28036683,0.179320851,5.500769228,3.569612629,0.068567438,0.051833433,2.500826365,0.072774047,2.428052318,0.041729811,0.032426287,1.624462847,0.047271869,1.577190978,0.12460748,0.079698156,2.444786323,1.586494502
SIPSEY,MUSSEL_MANIA,2019,S6,33.077933,-87.97775,1753.42195,0-20_6,Equilibrium,Pleurobemini,FCER,1.479889678,1.298403736,63.39418192,3.309176296,60.08500563,0.292567343,0.251278151,11.68893678,0.6101625,11.07877428,4.607580033,0.861440651,60.26649157,11.12006348,0.657728746,0.577068327,28.17519197,1.470745021,26.70444695,0.13002993,0.111679178,5.195083015,0.271183333,4.923899682,2.047813348,0.382862512,26.78510736,4.942250434
SIPSEY,MUSSEL_MANIA,2019,S6,33.077933,-87.97775,1753.42195,0-20_6,Opportunistic,Lampsilini,LORN,11.59858652,8.582012304,154.7283832,17.90207393,136.8263092,0.086857863,0.059090031,1.690444764,0.195584459,1.494860305,26.48408624,0.25467449,139.8428834,1.522628138,5.154927344,3.814227691,68.76817029,7.956477303,60.81169299,0.038603495,0.026262236,0.751308784,0.086926426,0.664382358,11.77070499,0.113188662,62.15239264,0.676723617
SIPSEY,MUSSEL_MANIA,2019,S6,33.077933,-87.97775,1753.42195,0-20_6,Periodic,Lampsilini,OREF,0.85652763,0.746781035,42.29178284,1.742421453,40.54936139,0.165135628,0.140857563,7.398759938,0.304828909,7.093931028,2.489202488,0.445686472,40.65910799,7.118209093,0.380678947,0.331902682,18.79634793,0.774409535,18.0219384,0.073393612,0.062603361,3.28833775,0.135479515,3.152858235,1.106312217,0.198082876,18.07071466,3.163648486
SIPSEY,MUSSEL_MANIA,2019,S6,33.077933,-87.97775,1753.42195,0-20_6,Equilibrium,Pleurobemini,PDEC,6.345977694,5.283515432,349.4273399,19.11367549,330.3136644,1.303693344,1.081545405,71.67541387,3.920645139,67.75476873,24.39719092,5.002190544,331.3761267,67.97691667,2.82043453,2.348229081,155.3010399,8.494966885,146.8060731,0.579419264,0.480686847,31.8557395,1.74250895,30.11323055,10.84319597,2.223195797,147.2782785,30.21196296
SIPSEY,MUSSEL_MANIA,2019,S6,33.077933,-87.97775,1753.42195,0-20_6,Equilibrium,Quadrulini,PKIE,3.932300927,3.495460267,142.3763742,10.62127752,131.7550967,0.369912197,0.328239196,13.73192045,1.024401266,12.70751919,14.11673778,1.352640461,132.1919374,12.74919219,1.747689301,1.553537896,63.27838854,4.720567785,58.55782076,0.164405421,0.145884087,6.103075756,0.455289451,5.647786305,6.274105682,0.601173538,58.75197216,5.666307638
SIPSEY,MUSSEL_MANIA,2019,S6,33.077933,-87.97775,1753.42195,0-20_6,Periodic,Lampsilini,LSTR,0,0,0,0,0,0,0,0,0,0,0,0,0,0,0,0,0,0,0,0,0,0,0,0,0,0,0,NA
SIPSEY,MUSSEL_MANIA,2019,S6,33.077933,-87.97775,1753.42195,0-20_6,Periodic,Lampsilini,MACU,0.100377123,0.079302369,1.247273798,0.073464427,1.173809371,0.094031075,0.075069175,1.165688927,0.068659078,1.097029849,0.152766796,0.143728252,1.194884125,1.11599175,0.044612055,0.035245497,0.55434391,0.032650856,0.521693054,0.041791589,0.033364078,0.518083968,0.030515146,0.487568822,0.067896354,0.063879223,0.531059611,0.495996333
SIPSEY,MUSSEL_MANIA,2019,S6,33.077933,-87.97775,1753.42195,0-20_6,Periodic,Lampsilini,OUNI,1.155872335,0.891692797,46.27636318,2.762698882,43.5136643,0.20148173,0.157524749,8.379817165,0.500275085,7.87954208,3.654391679,0.657799833,43.77784383,7.923499061,0.513721038,0.39630791,20.56727252,1.22786617,19.33940635,0.089547435,0.070010999,3.724363184,0.222344482,3.502018702,1.624174079,0.292355481,19.45681948,3.521555138
SIPSEY,MUSSEL_MANIA,2019,S6,33.077933,-87.97775,1753.42195,0-20_6,Equilibrium,Quadrulini,QVER,3.638378515,2.691369113,112.4896239,6.906862909,105.582761,0.645679668,0.553651758,19.69240529,1.209113685,18.4832916,9.598232022,1.762765443,106.5297704,18.57531951,1.617057118,1.19616405,49.99538841,3.069716849,46.92567156,0.286968741,0.246067448,8.752180129,0.53738386,8.214796269,4.265880899,0.783451308,47.34656463,8.255697562
SIPSEY,MUSSEL_MANIA,2019,S6,33.077933,-87.97775,1753.42195,0-20_6,Periodic,Pleurobemini,EARC,0.552024108,0.459240673,16.48243701,0.814232388,15.66820462,0.140256133,0.116884163,4.613113333,0.227887799,4.385225534,1.273473061,0.344771961,15.76098805,4.408597505,0.245344048,0.204106966,7.325527559,0.361881061,6.963646497,0.062336059,0.051948517,2.050272592,0.101283466,1.948989126,0.565988027,0.153231983,7.004883579,1.959376669
SIPSEY,MUSSEL_MANIA,2019,S6,33.077933,-87.97775,1753.42195,0-20_6,Equilibrium,Amblemini,APLI,18.63141506,14.96046437,728.7958366,52.25466148,676.5411751,0.12553669,0.098808712,4.675342632,0.335222067,4.340120565,67.21512585,0.434030778,680.2121258,4.366848543,8.280628917,6.649095277,323.9092607,23.22429399,300.6849667,0.055794084,0.043914983,2.077930059,0.148987585,1.928942473,29.87338927,0.192902568,302.3165003,1.940821575
SIPSEY,MUSSEL_MANIA,2019,S6,33.077933,-87.97775,1753.42195,0-20_6,Equilibrium,Pleurobemini,REBE,0,0,0,0,0,0,0,0,0,0,0,0,0,0,0,0,0,0,0,0,0,0,0,0,0,0,0,NA
SIPSEY,MUSSEL_MANIA,2019,S6,33.077933,-87.97775,1753.42195,0-20_6,Equilibrium,Quadrulini,QQUA,0,0,0,0,0,0,0,0,0,0,0,0,0,0,0,0,0,0,0,0,0,0,0,0,0,0,0,NA
SIPSEY,MUSSEL_MANIA,2019,S6,33.077933,-87.97775,1753.42195,0-20_6,Opportunistic,Lampsilini,TDON,0,0,0,0,0,0,0,0,0,0,0,0,0,0,0,0,0,0,0,0,0,0,0,0,0,0,0,NA
SIPSEY,MUSSEL_MANIA,2019,S6,33.077933,-87.97775,1753.42195,0-20_6,Equilibrium,Quadrulini,MNER,0,0,0,0,0,0,0,0,0,0,0,0,0,0,0,0,0,0,0,0,0,0,0,0,0,0,0,NA
SIPSEY,MUSSEL_MANIA,2019,S6,33.077933,-87.97775,1753.42195,0-20_6,Periodic,Lampsilini,LLIE,0,0,0,0,0,0,0,0,0,0,0,0,0,0,0,0,0,0,0,0,0,0,0,0,0,0,0,NA
SIPSEY,MUSSEL_MANIA,2019,S6,33.077933,-87.97775,1753.42195,0-20_6,Periodic,Lampsilini,ELIN,0,0,0,0,0,0,0,0,0,0,0,0,0,0,0,0,0,0,0,0,0,0,0,0,0,0,0,NA
SIPSEY,MUSSEL_MANIA,2019,S6,33.077933,-87.97775,1753.42195,0-20_6,Opportunistic,Lampsilini,PFRA,0,0,0,0,0,0,0,0,0,0,0,0,0,0,0,0,0,0,0,0,0,0,0,0,0,0,0,NA
SIPSEY,MUSSEL_MANIA,2019,S6,33.077933,-87.97775,1753.42195,0-20_6,Opportunistic,Lampsilini,LREC,0,0,0,0,0,0,0,0,0,0,0,0,0,0,0,0,0,0,0,0,0,0,0,0,0,0,0,NA
SIPSEY,MUSSEL_MANIA,2019,S6,33.077933,-87.97775,1753.42195,0-20_6,Periodic,Lampsilini,OARK,0,0,0,0,0,0,0,0,0,0,0,0,0,0,0,0,0,0,0,0,0,0,0,0,0,0,0,NA
SIPSEY,MUSSEL_MANIA,2019,S6,33.077933,-87.97775,1753.42195,0-20_6,Opportunistic,Lampsilini,PINF,0,0,0,0,0,0,0,0,0,0,0,0,0,0,0,0,0,0,0,0,0,0,0,0,0,0,0,NA
SIPSEY,MUSSEL_MANIA,2019,S6,33.077933,-87.97775,1753.42195,0-20_6,Equilibrium,Pleurobemini,PPER,0,0,0,0,0,0,0,0,0,0,0,0,0,0,0,0,0,0,0,0,0,0,0,0,0,0,0,NA
SIPSEY,MUSSEL_MANIA,2019,S6,33.077933,-87.97775,1753.42195,0-20_6,Opportunistic,Lampsilini,LTER,0,0,0,0,0,0,0,0,0,0,0,0,0,0,0,0,0,0,0,0,0,0,0,0,0,0,0,NA
SIPSEY,MUSSEL_MANIA,2019,S6,33.077933,-87.97775,1753.42195,0-20_6,Periodic,Alasmodontini,SSUB,0,0,0,0,0,0,0,0,0,0,0,0,0,0,0,0,0,0,0,0,0,0,0,0,0,0,0,NA
SIPSEY,MUSSEL_MANIA,2019,S6,33.077933,-87.97775,1753.42195,0-20_6,Opportunistic,Lampsilini,TPAR,0,0,0,0,0,0,0,0,0,0,0,0,0,0,0,0,0,0,0,0,0,0,0,0,0,0,0,NA
SIPSEY,MUSSEL_MANIA,2019,S6,33.077933,-87.97775,1753.42195,0-20_6,Opportunistic,Lampsilini,PPUR,0,0,0,0,0,0,0,0,0,0,0,0,0,0,0,0,0,0,0,0,0,0,0,0,0,0,0,NA
SIPSEY,MUSSEL_MANIA,2019,S6,33.077933,-87.97775,1753.42195,0-20_6,Periodic,Lampsilini,HPER,0,0,0,0,0,0,0,0,0,0,0,0,0,0,0,0,0,0,0,0,0,0,0,0,0,0,0,NA
SIPSEY,MUSSEL_MANIA,2019,S6,33.077933,-87.97775,1753.42195,0-20_6,Periodic,Lampsilini,VVIB,0,0,0,0,0,0,0,0,0,0,0,0,0,0,0,0,0,0,0,0,0,0,0,0,0,0,0,NA
SIPSEY,MUSSEL_MANIA,2019,S6,33.077933,-87.97775,1753.42195,0-20_6,Periodic,Pleurobemini,ECRA,0,0,0,0,0,0,0,0,0,0,0,0,0,0,0,0,0,0,0,0,0,0,0,0,0,0,0,NA
SIPSEY,MUSSEL_MANIA,2019,S6,33.077933,-87.97775,1753.42195,0-20_6,Opportunistic,Lampsilini,TTRU,0,0,0,0,0,0,0,0,0,0,0,0,0,0,0,0,0,0,0,0,0,0,0,0,0,0,0,NA
SIPSEY,MUSSEL_MANIA,2019,S6,33.077933,-87.97775,1753.42195,0-20_6,NA,Lampsilini,LAMP,0,0,0,0,0,0,0,0,0,0,0,0,0,0,0,0,0,0,0,0,0,0,0,0,0,0,0,NA
SIPSEY,MUSSEL_MANIA,2019,S6,33.077933,-87.97775,1753.42195,0-20_6,Periodic,Anodontini,LCOM,0,0,0,0,0,0,0,0,0,0,0,0,0,0,0,0,0,0,0,0,0,0,0,0,0,0,0,NA
SIPSEY,MUSSEL_MANIA,2019,S6,33.077933,-87.97775,1753.42195,20-40_12,NA,Corbicula,CFLU,0.470818345,0.34402916,15.84766251,0.461166979,15.38649553,0.313818228,0.23049736,10.72093593,0.311979235,10.40895669,0.805196139,0.542476596,15.51328471,10.49227756,0.171206671,0.125101513,5.762786366,0.167697083,5.595089283,0.114115719,0.083817222,3.898522155,0.113446995,3.78507516,0.292798596,0.197264217,5.641194441,3.815373657
SIPSEY,MUSSEL_MANIA,2019,S6,33.077933,-87.97775,1753.42195,20-40_12,Equilibrium,Pleurobemini,FCER,4.0266927,3.493981462,166.647026,8.698974759,157.9480513,0.541900553,0.469978816,22.34879466,1.166607081,21.18218757,12.19295622,1.636585897,158.4807625,21.25410931,1.464251891,1.270538714,60.59891856,3.163263549,57.43565501,0.197054747,0.170901388,8.12683442,0.424220757,7.702613663,4.433802262,0.595122144,57.62936819,7.728767022
SIPSEY,MUSSEL_MANIA,2019,S6,33.077933,-87.97775,1753.42195,20-40_12,Opportunistic,Lampsilini,LORN,18.27984151,13.30256577,275.3105146,31.85342654,243.457088,0,0,0,0,0,45.15599231,0,248.4343638,0,6.647215096,4.837296645,100.1129144,11.58306419,88.52985019,0,0,0,0,0,16.42036084,0,90.33976864,0
SIPSEY,MUSSEL_MANIA,2019,S6,33.077933,-87.97775,1753.42195,20-40_12,Periodic,Lampsilini,OREF,1.45459032,1.260621327,70.08784023,2.887619018,67.20022121,0.198334024,0.169999144,9.077606658,0.373997394,8.703609263,4.148240344,0.543996538,67.39419021,8.731944143,0.528941934,0.458407755,25.48648736,1.050043279,24.43644408,0.072121463,0.06181787,3.300947876,0.135999052,3.164948823,1.508451034,0.197816923,24.50697826,3.175252416
SIPSEY,MUSSEL_MANIA,2019,S6,33.077933,-87.97775,1753.42195,20-40_12,Equilibrium,Pleurobemini,PDEC,17.80818359,14.76242404,978.7299358,53.53652749,925.1934083,2.768448882,2.293825403,152.122699,8.321111633,143.8015873,68.29895153,10.61493704,928.2391678,144.2762108,6.475703124,5.368154197,355.9017948,19.46782818,336.4339667,1.006708685,0.834118328,55.31734508,3.025858776,52.2914863,24.83598237,3.859977104,337.5415156,52.46407666
SIPSEY,MUSSEL_MANIA,2019,S6,33.077933,-87.97775,1753.42195,20-40_12,Equilibrium,Quadrulini,PKIE,5.110853283,4.536273345,188.1519225,14.03613342,174.1157891,0.580351638,0.517454716,20.0275429,1.494054701,18.5334882,18.57240676,2.011509417,174.690369,18.59638513,1.858492103,1.649553944,68.4188809,5.104048515,63.31483238,0.211036959,0.188165351,7.282742874,0.543292618,6.739450256,6.753602459,0.73145797,63.52377054,6.762321864
SIPSEY,MUSSEL_MANIA,2019,S6,33.077933,-87.97775,1753.42195,20-40_12,Periodic,Lampsilini,LSTR,0,0,0,0,0,0,0,0,0,0,0,0,0,0,0,0,0,0,0,0,0,0,0,0,0,0,0,NA
SIPSEY,MUSSEL_MANIA,2019,S6,33.077933,-87.97775,1753.42195,20-40_12,Periodic,Lampsilini,MACU,0.307151178,0.251359352,3.790056126,0.223234306,3.566821821,0.228758008,0.190632052,2.811752869,0.165612244,2.646140625,0.474593658,0.356244296,3.622613646,2.684266581,0.111691337,0.091403401,1.378202228,0.081176111,1.297026117,0.08318473,0.069320746,1.022455589,0.060222634,0.962232954,0.172579512,0.12954338,1.317314053,0.976096938
SIPSEY,MUSSEL_MANIA,2019,S6,33.077933,-87.97775,1753.42195,20-40_12,Periodic,Lampsilini,OUNI,1.582365896,1.208711801,61.4860332,3.670716182,57.81531702,0.352521574,0.275176931,14.56922899,0.869782971,13.69944602,4.879427983,1.144959902,58.18897111,13.77679066,0.57540578,0.439531564,22.35855753,1.334805884,21.02375164,0.128189663,0.100064339,5.297901451,0.316284717,4.981616734,1.774337448,0.416349055,21.15962586,5.009742059
SIPSEY,MUSSEL_MANIA,2019,S6,33.077933,-87.97775,1753.42195,20-40_12,Equilibrium,Quadrulini,QVER,1.225712163,0.722007804,38.67193051,2.374456533,36.29747398,0.523097052,0.354590251,16.26477145,0.998656967,15.26611448,3.096464337,1.353247218,36.80117834,15.43462128,0.445713514,0.262548292,14.06252019,0.863438739,13.19908145,0.19021711,0.128941909,5.914462345,0.363147988,5.551314357,1.125987032,0.492089897,13.38224667,5.612589558
SIPSEY,MUSSEL_MANIA,2019,S6,33.077933,-87.97775,1753.42195,20-40_12,Periodic,Pleurobemini,EARC,2.582249942,2.150686229,82.64608774,4.082716734,78.563371,0.267270734,0.222773351,8.921127263,0.440703687,8.480423576,6.233402963,0.663477038,78.99493472,8.52492096,0.938999979,0.78206772,30.05312281,1.484624267,28.56849855,0.097189358,0.081008491,3.244046278,0.160255886,3.083790391,2.266691987,0.241264377,28.72543081,3.099971258
SIPSEY,MUSSEL_MANIA,2019,S6,33.077933,-87.97775,1753.42195,20-40_12,Equilibrium,Amblemini,APLI,0,0,0,0,0,0,0,0,0,0,0,0,0,0,0,0,0,0,0,0,0,0,0,0,0,0,0,NA
SIPSEY,MUSSEL_MANIA,2019,S6,33.077933,-87.97775,1753.42195,20-40_12,Equilibrium,Pleurobemini,REBE,0,0,0,0,0,0,0,0,0,0,0,0,0,0,0,0,0,0,0,0,0,0,0,0,0,0,0,NA
SIPSEY,MUSSEL_MANIA,2019,S6,33.077933,-87.97775,1753.42195,20-40_12,Equilibrium,Quadrulini,QQUA,0,0,0,0,0,0,0,0,0,0,0,0,0,0,0,0,0,0,0,0,0,0,0,0,0,0,0,NA
SIPSEY,MUSSEL_MANIA,2019,S6,33.077933,-87.97775,1753.42195,20-40_12,Opportunistic,Lampsilini,TDON,0,0,0,0,0,0,0,0,0,0,0,0,0,0,0,0,0,0,0,0,0,0,0,0,0,0,0,NA
SIPSEY,MUSSEL_MANIA,2019,S6,33.077933,-87.97775,1753.42195,20-40_12,Equilibrium,Quadrulini,MNER,0,0,0,0,0,0,0,0,0,0,0,0,0,0,0,0,0,0,0,0,0,0,0,0,0,0,0,NA
SIPSEY,MUSSEL_MANIA,2019,S6,33.077933,-87.97775,1753.42195,20-40_12,Periodic,Lampsilini,LLIE,1.10319534,0.910221476,39.46932911,1.961625657,37.50770345,0,0,0,0,0,2.871847132,0,37.70067732,0,0.401161942,0.330989627,14.35248331,0.713318421,13.63916489,0,0,0,0,0,1.044308048,0,13.70933721,0
SIPSEY,MUSSEL_MANIA,2019,S6,33.077933,-87.97775,1753.42195,20-40_12,Periodic,Lampsilini,ELIN,0,0,0,0,0,0,0,0,0,0,0,0,0,0,0,0,0,0,0,0,0,0,0,0,0,0,0,NA
SIPSEY,MUSSEL_MANIA,2019,S6,33.077933,-87.97775,1753.42195,20-40_12,Opportunistic,Lampsilini,PFRA,0,0,0,0,0,0,0,0,0,0,0,0,0,0,0,0,0,0,0,0,0,0,0,0,0,0,0,NA
SIPSEY,MUSSEL_MANIA,2019,S6,33.077933,-87.97775,1753.42195,20-40_12,Opportunistic,Lampsilini,LREC,0,0,0,0,0,0,0,0,0,0,0,0,0,0,0,0,0,0,0,0,0,0,0,0,0,0,0,NA
SIPSEY,MUSSEL_MANIA,2019,S6,33.077933,-87.97775,1753.42195,20-40_12,Periodic,Lampsilini,OARK,0,0,0,0,0,0,0,0,0,0,0,0,0,0,0,0,0,0,0,0,0,0,0,0,0,0,0,NA
SIPSEY,MUSSEL_MANIA,2019,S6,33.077933,-87.97775,1753.42195,20-40_12,Opportunistic,Lampsilini,PINF,0,0,0,0,0,0,0,0,0,0,0,0,0,0,0,0,0,0,0,0,0,0,0,0,0,0,0,NA
SIPSEY,MUSSEL_MANIA,2019,S6,33.077933,-87.97775,1753.42195,20-40_12,Equilibrium,Pleurobemini,PPER,0,0,0,0,0,0,0,0,0,0,0,0,0,0,0,0,0,0,0,0,0,0,0,0,0,0,0,NA
SIPSEY,MUSSEL_MANIA,2019,S6,33.077933,-87.97775,1753.42195,20-40_12,Opportunistic,Lampsilini,LTER,0,0,0,0,0,0,0,0,0,0,0,0,0,0,0,0,0,0,0,0,0,0,0,0,0,0,0,NA
SIPSEY,MUSSEL_MANIA,2019,S6,33.077933,-87.97775,1753.42195,20-40_12,Periodic,Alasmodontini,SSUB,0,0,0,0,0,0,0,0,0,0,0,0,0,0,0,0,0,0,0,0,0,0,0,0,0,0,0,NA
SIPSEY,MUSSEL_MANIA,2019,S6,33.077933,-87.97775,1753.42195,20-40_12,Opportunistic,Lampsilini,TPAR,0,0,0,0,0,0,0,0,0,0,0,0,0,0,0,0,0,0,0,0,0,0,0,0,0,0,0,NA
SIPSEY,MUSSEL_MANIA,2019,S6,33.077933,-87.97775,1753.42195,20-40_12,Opportunistic,Lampsilini,PPUR,0,0,0,0,0,0,0,0,0,0,0,0,0,0,0,0,0,0,0,0,0,0,0,0,0,0,0,NA
SIPSEY,MUSSEL_MANIA,2019,S6,33.077933,-87.97775,1753.42195,20-40_12,Periodic,Lampsilini,HPER,0,0,0,0,0,0,0,0,0,0,0,0,0,0,0,0,0,0,0,0,0,0,0,0,0,0,0,NA
SIPSEY,MUSSEL_MANIA,2019,S6,33.077933,-87.97775,1753.42195,20-40_12,Periodic,Lampsilini,VVIB,0,0,0,0,0,0,0,0,0,0,0,0,0,0,0,0,0,0,0,0,0,0,0,0,0,0,0,NA
SIPSEY,MUSSEL_MANIA,2019,S6,33.077933,-87.97775,1753.42195,20-40_12,Periodic,Pleurobemini,ECRA,0,0,0,0,0,0,0,0,0,0,0,0,0,0,0,0,0,0,0,0,0,0,0,0,0,0,0,NA
SIPSEY,MUSSEL_MANIA,2019,S6,33.077933,-87.97775,1753.42195,20-40_12,Opportunistic,Lampsilini,TTRU,0,0,0,0,0,0,0,0,0,0,0,0,0,0,0,0,0,0,0,0,0,0,0,0,0,0,0,NA
SIPSEY,MUSSEL_MANIA,2019,S6,33.077933,-87.97775,1753.42195,20-40_12,NA,Lampsilini,LAMP,0,0,0,0,0,0,0,0,0,0,0,0,0,0,0,0,0,0,0,0,0,0,0,0,0,0,0,NA
SIPSEY,MUSSEL_MANIA,2019,S6,33.077933,-87.97775,1753.42195,20-40_12,Periodic,Anodontini,LCOM,0,0,0,0,0,0,0,0,0,0,0,0,0,0,0,0,0,0,0,0,0,0,0,0,0,0,0,NA
SIPSEY,MUSSEL_MANIA,2019,S6,33.077933,-87.97775,1753.42195,20-40_15,NA,Corbicula,CFLU,0.397398514,0.296980546,14.15464394,0.411900139,13.7427438,0.276629193,0.209648392,10.21100811,0.297140336,9.913867775,0.708880685,0.506788728,13.84316177,9.980848575,0.14450855,0.107992926,5.147143252,0.149781869,4.997361383,0.100592434,0.076235779,3.713093858,0.108051031,3.605042827,0.257774795,0.18428681,5.033877008,3.629399482
SIPSEY,MUSSEL_MANIA,2019,S6,33.077933,-87.97775,1753.42195,20-40_15,Equilibrium,Pleurobemini,FCER,5.46770985,4.678890571,216.2902544,11.29035128,204.9999031,0.436885303,0.37234051,17.0050808,0.887665218,16.11741558,15.96924185,1.260005727,205.7887224,16.18196037,1.988258127,1.701414753,78.65100161,4.105582284,74.54541932,0.158867383,0.135396549,6.183665744,0.322787352,5.860878392,5.806997037,0.458183901,74.8322627,5.884349226
SIPSEY,MUSSEL_MANIA,2019,S6,33.077933,-87.97775,1753.42195,20-40_15,Opportunistic,Lampsilini,LORN,3.551325418,2.687021575,41.67762311,4.822100994,36.85552212,0.071543515,0.07947047,0.045564544,0.005271818,0.040292727,7.509122569,0.084742288,37.71982596,0.032365771,1.291391061,0.977098755,15.15549931,1.753491271,13.40200804,0.026015824,0.028898353,0.016568925,0.001917025,0.014651901,2.730590025,0.030815377,13.71630035,0.011769371
SIPSEY,MUSSEL_MANIA,2019,S6,33.077933,-87.97775,1753.42195,20-40_15,Periodic,Lampsilini,OREF,0,0,0,0,0,0,0,0,0,0,0,0,0,0,0,0,0,0,0,0,0,0,0,0,0,0,0,NA
SIPSEY,MUSSEL_MANIA,2019,S6,33.077933,-87.97775,1753.42195,20-40_15,Equilibrium,Pleurobemini,PDEC,15.27954362,12.70885218,840.978662,46.00153281,794.9771292,2.853813652,2.362646679,156.7592315,8.574729963,148.1845015,58.710385,10.93737664,797.5478207,148.6756685,5.556197678,4.621400794,305.8104226,16.72783011,289.0825924,1.037750419,0.859144247,57.00335691,3.118083623,53.88527329,21.34923091,3.97722787,290.0173893,54.06387946
SIPSEY,MUSSEL_MANIA,2019,S6,33.077933,-87.97775,1753.42195,20-40_15,Equilibrium,Quadrulini,PKIE,4.061474908,3.611040554,146.2556706,10.91067303,135.3449976,0.343302977,0.30652738,11.57376273,0.8634027,10.71036003,14.52171358,1.16993008,135.795432,10.74713563,1.476899967,1.313105656,53.18388023,3.967517465,49.21636276,0.124837446,0.111464502,4.208640993,0.313964618,3.894676375,5.280623121,0.42542912,49.38015708,3.908049319
SIPSEY,MUSSEL_MANIA,2019,S6,33.077933,-87.97775,1753.42195,20-40_15,Periodic,Lampsilini,LSTR,0,0,0,0,0,0,0,0,0,0,0,0,0,0,0,0,0,0,0,0,0,0,0,0,0,0,0,NA
SIPSEY,MUSSEL_MANIA,2019,S6,33.077933,-87.97775,1753.42195,20-40_15,Periodic,Lampsilini,MACU,0.250563504,0.206558197,3.087147069,0.181832962,2.905314106,0.177605339,0.149506969,2.178332285,0.128303772,2.050028514,0.38839116,0.277810741,2.949319413,2.078126883,0.091114001,0.075112072,1.122598934,0.066121077,1.056477857,0.06458376,0.054366171,0.792120831,0.046655917,0.745464914,0.141233149,0.101022088,1.072479786,0.755682503
SIPSEY,MUSSEL_MANIA,2019,S6,33.077933,-87.97775,1753.42195,20-40_15,Periodic,Lampsilini,OUNI,0.629163757,0.479705212,24.30122547,1.450783161,22.85044231,0.144353535,0.1130153,6.022241361,0.359527809,5.662713552,1.930488373,0.472543109,22.99990086,5.694051787,0.228786821,0.174438259,8.836809263,0.527557513,8.30925175,0.052492194,0.041096473,2.18990595,0.130737385,2.059168564,0.701995772,0.171833858,8.363600312,2.070564286
SIPSEY,MUSSEL_MANIA,2019,S6,33.077933,-87.97775,1753.42195,20-40_15,Equilibrium,Quadrulini,QVER,4.196858537,3.43382022,128.6520089,7.899233346,120.7527756,0.405958381,0.327664043,12.44956691,0.764403408,11.6851635,11.33305357,1.092067451,121.5158139,11.76345784,1.526130377,1.248661898,46.78254869,2.87244849,43.9101002,0.14762123,0.119150561,4.527115238,0.277964876,4.249150363,4.121110388,0.397115437,44.18756868,4.277621031
SIPSEY,MUSSEL_MANIA,2019,S6,33.077933,-87.97775,1753.42195,20-40_15,Periodic,Pleurobemini,EARC,0.268899707,0.223284538,7.198767765,0.355619128,6.843148638,0.135217034,0.112388431,3.832748004,0.189337751,3.643410252,0.578903665,0.301726182,6.888763807,3.666238855,0.097781712,0.081194377,2.617733733,0.129316046,2.488417686,0.04916983,0.04086852,1.393726547,0.068850091,1.324876455,0.210510424,0.109718612,2.505005021,1.333177766
SIPSEY,MUSSEL_MANIA,2019,S6,33.077933,-87.97775,1753.42195,20-40_15,Equilibrium,Amblemini,APLI,0.050973008,0.048933576,3.025095141,0.216899322,2.808195819,0.033624868,0.031603297,1.89527434,0.13589117,1.75938317,0.265832897,0.167494468,2.810235252,1.76140474,0.018535639,0.017794028,1.100034597,0.078872481,1.021162116,0.012227225,0.011492108,0.689190669,0.049414971,0.639775698,0.096666508,0.060907079,1.021903728,0.640510815
SIPSEY,MUSSEL_MANIA,2019,S6,33.077933,-87.97775,1753.42195,20-40_15,Equilibrium,Pleurobemini,REBE,0,0,0,0,0,0,0,0,0,0,0,0,0,0,0,0,0,0,0,0,0,0,0,0,0,0,0,NA
SIPSEY,MUSSEL_MANIA,2019,S6,33.077933,-87.97775,1753.42195,20-40_15,Equilibrium,Quadrulini,QQUA,0,0,0,0,0,0,0,0,0,0,0,0,0,0,0,0,0,0,0,0,0,0,0,0,0,0,0,NA
SIPSEY,MUSSEL_MANIA,2019,S6,33.077933,-87.97775,1753.42195,20-40_15,Opportunistic,Lampsilini,TDON,0,0,0,0,0,0,0,0,0,0,0,0,0,0,0,0,0,0,0,0,0,0,0,0,0,0,0,NA
SIPSEY,MUSSEL_MANIA,2019,S6,33.077933,-87.97775,1753.42195,20-40_15,Equilibrium,Quadrulini,MNER,0,0,0,0,0,0,0,0,0,0,0,0,0,0,0,0,0,0,0,0,0,0,0,0,0,0,0,NA
SIPSEY,MUSSEL_MANIA,2019,S6,33.077933,-87.97775,1753.42195,20-40_15,Periodic,Lampsilini,LLIE,0,0,0,0,0,0,0,0,0,0,0,0,0,0,0,0,0,0,0,0,0,0,0,0,0,0,0,NA
SIPSEY,MUSSEL_MANIA,2019,S6,33.077933,-87.97775,1753.42195,20-40_15,Periodic,Lampsilini,ELIN,0,0,0,0,0,0,0,0,0,0,0,0,0,0,0,0,0,0,0,0,0,0,0,0,0,0,0,NA
SIPSEY,MUSSEL_MANIA,2019,S6,33.077933,-87.97775,1753.42195,20-40_15,Opportunistic,Lampsilini,PFRA,0,0,0,0,0,0,0,0,0,0,0,0,0,0,0,0,0,0,0,0,0,0,0,0,0,0,0,NA
SIPSEY,MUSSEL_MANIA,2019,S6,33.077933,-87.97775,1753.42195,20-40_15,Opportunistic,Lampsilini,LREC,0,0,0,0,0,0,0,0,0,0,0,0,0,0,0,0,0,0,0,0,0,0,0,0,0,0,0,NA
SIPSEY,MUSSEL_MANIA,2019,S6,33.077933,-87.97775,1753.42195,20-40_15,Periodic,Lampsilini,OARK,0,0,0,0,0,0,0,0,0,0,0,0,0,0,0,0,0,0,0,0,0,0,0,0,0,0,0,NA
SIPSEY,MUSSEL_MANIA,2019,S6,33.077933,-87.97775,1753.42195,20-40_15,Opportunistic,Lampsilini,PINF,0,0,0,0,0,0,0,0,0,0,0,0,0,0,0,0,0,0,0,0,0,0,0,0,0,0,0,NA
SIPSEY,MUSSEL_MANIA,2019,S6,33.077933,-87.97775,1753.42195,20-40_15,Equilibrium,Pleurobemini,PPER,0,0,0,0,0,0,0,0,0,0,0,0,0,0,0,0,0,0,0,0,0,0,0,0,0,0,0,NA
SIPSEY,MUSSEL_MANIA,2019,S6,33.077933,-87.97775,1753.42195,20-40_15,Opportunistic,Lampsilini,LTER,0,0,0,0,0,0,0,0,0,0,0,0,0,0,0,0,0,0,0,0,0,0,0,0,0,0,0,NA
SIPSEY,MUSSEL_MANIA,2019,S6,33.077933,-87.97775,1753.42195,20-40_15,Periodic,Alasmodontini,SSUB,0,0,0,0,0,0,0,0,0,0,0,0,0,0,0,0,0,0,0,0,0,0,0,0,0,0,0,NA
SIPSEY,MUSSEL_MANIA,2019,S6,33.077933,-87.97775,1753.42195,20-40_15,Opportunistic,Lampsilini,TPAR,0,0,0,0,0,0,0,0,0,0,0,0,0,0,0,0,0,0,0,0,0,0,0,0,0,0,0,NA
SIPSEY,MUSSEL_MANIA,2019,S6,33.077933,-87.97775,1753.42195,20-40_15,Opportunistic,Lampsilini,PPUR,0.032222387,0.020539837,0.163067265,0.009930796,0.153136468,0.032222387,0.020539837,0.163067265,0.009930796,0.153136468,0.030470633,0.030470633,0.164819018,0.164819018,0.011717231,0.007469032,0.059297187,0.003611199,0.055685988,0.011717231,0.007469032,0.059297187,0.003611199,0.055685988,0.01108023,0.01108023,0.059934188,0.059934188
SIPSEY,MUSSEL_MANIA,2019,S6,33.077933,-87.97775,1753.42195,20-40_15,Periodic,Lampsilini,HPER,0,0,0,0,0,0,0,0,0,0,0,0,0,0,0,0,0,0,0,0,0,0,0,0,0,0,0,NA
SIPSEY,MUSSEL_MANIA,2019,S6,33.077933,-87.97775,1753.42195,20-40_15,Periodic,Lampsilini,VVIB,0,0,0,0,0,0,0,0,0,0,0,0,0,0,0,0,0,0,0,0,0,0,0,0,0,0,0,NA
SIPSEY,MUSSEL_MANIA,2019,S6,33.077933,-87.97775,1753.42195,20-40_15,Periodic,Pleurobemini,ECRA,0,0,0,0,0,0,0,0,0,0,0,0,0,0,0,0,0,0,0,0,0,0,0,0,0,0,0,NA
SIPSEY,MUSSEL_MANIA,2019,S6,33.077933,-87.97775,1753.42195,20-40_15,Opportunistic,Lampsilini,TTRU,0,0,0,0,0,0,0,0,0,0,0,0,0,0,0,0,0,0,0,0,0,0,0,0,0,0,0,NA
SIPSEY,MUSSEL_MANIA,2019,S6,33.077933,-87.97775,1753.42195,20-40_15,NA,Lampsilini,LAMP,0,0,0,0,0,0,0,0,0,0,0,0,0,0,0,0,0,0,0,0,0,0,0,0,0,0,0,NA
SIPSEY,MUSSEL_MANIA,2019,S6,33.077933,-87.97775,1753.42195,20-40_15,Periodic,Anodontini,LCOM,0,0,0,0,0,0,0,0,0,0,0,0,0,0,0,0,0,0,0,0,0,0,0,0,0,0,0,NA
SIPSEY,MUSSEL_MANIA,2019,S6,33.077933,-87.97775,1753.42195,20-40_2,NA,Corbicula,CFLU,0.149350313,0.11043498,5.158309744,0.150106814,5.008202931,0.07688872,0.058035687,2.792128245,0.081250932,2.710877313,0.260541793,0.139286619,5.047118264,2.729730346,0.054309205,0.040158174,1.875748998,0.054584296,1.821164702,0.027959535,0.021103886,1.015319362,0.029545793,0.985773568,0.09474247,0.05064968,1.835315732,0.992629217
SIPSEY,MUSSEL_MANIA,2019,S6,33.077933,-87.97775,1753.42195,20-40_2,Equilibrium,Pleurobemini,FCER,4.670570917,3.996654678,184.7310157,9.642959019,175.0880567,0.313997419,0.271600284,12.85812587,0.671194171,12.1869317,13.6396137,0.942794455,175.7619729,12.22932884,1.698389424,1.453328974,67.1749148,3.506530552,63.66838424,0.114180879,0.09876374,4.675682136,0.244070608,4.431611529,4.959859526,0.342834347,63.91344469,4.447028668
SIPSEY,MUSSEL_MANIA,2019,S6,33.077933,-87.97775,1753.42195,20-40_2,Opportunistic,Lampsilini,LORN,7.338741048,5.509208948,90.51924088,10.47307617,80.04616471,0.28756316,0.24163895,3.177694543,0.367659259,2.810035284,15.98228512,0.609298209,81.87569681,2.855959494,2.668633108,2.003348708,32.91608759,3.808391335,29.10769626,0.104568422,0.087868709,1.155525288,0.133694276,1.021831012,5.811740043,0.221562985,29.77298066,1.038530725
SIPSEY,MUSSEL_MANIA,2019,S6,33.077933,-87.97775,1753.42195,20-40_2,Periodic,Lampsilini,OREF,0,0,0,0,0,0,0,0,0,0,0,0,0,0,0,0,0,0,0,0,0,0,0,0,0,0,0,NA
SIPSEY,MUSSEL_MANIA,2019,S6,33.077933,-87.97775,1753.42195,20-40_2,Equilibrium,Pleurobemini,PDEC,15.37895941,12.75797144,845.4932175,46.248479,799.2447385,2.231322033,1.842011808,122.4152805,6.696115846,115.7191647,59.00645044,8.538127654,801.8657265,116.1084749,5.592348876,4.639262343,307.4520791,16.81762873,290.6344504,0.81138983,0.669822476,44.51464747,2.434951217,42.07969625,21.45689107,3.104773692,291.5875369,42.22126361
SIPSEY,MUSSEL_MANIA,2019,S6,33.077933,-87.97775,1753.42195,20-40_2,Equilibrium,Quadrulini,PKIE,13.42670676,11.9397841,482.2285672,35.97425112,446.2543161,1.090215852,0.974402177,36.60314924,2.730594933,33.8725543,47.91403522,3.70499711,447.7412388,33.98836798,4.882438822,4.341739674,175.3558426,13.08154586,162.2742968,0.396442128,0.354328065,13.31023609,0.992943612,12.31729247,17.42328553,1.347271676,162.8149959,12.35940654
SIPSEY,MUSSEL_MANIA,2019,S6,33.077933,-87.97775,1753.42195,20-40_2,Periodic,Lampsilini,LSTR,0,0,0,0,0,0,0,0,0,0,0,0,0,0,0,0,0,0,0,0,0,0,0,0,0,0,0,NA
SIPSEY,MUSSEL_MANIA,2019,S6,33.077933,-87.97775,1753.42195,20-40_2,Periodic,Lampsilini,MACU,0.182179636,0.150597756,2.243395683,0.132136006,2.111259677,0.124424568,0.105160295,1.524971467,0.089820819,1.435150648,0.282733762,0.194981114,2.142841557,1.454414921,0.06624714,0.05476282,0.815780248,0.048049457,0.767730792,0.045245298,0.038240107,0.554535079,0.032662116,0.521872963,0.102812277,0.070902223,0.779215112,0.528878153
SIPSEY,MUSSEL_MANIA,2019,S6,33.077933,-87.97775,1753.42195,20-40_2,Periodic,Lampsilini,OUNI,2.125558407,1.645530913,86.00852031,5.134708663,80.87381165,0.334776723,0.26130905,13.87591339,0.82839203,13.04752136,6.780239575,1.089701079,81.35383915,13.12098904,0.77293033,0.598374877,31.27582557,1.867166786,29.40865878,0.12173699,0.095021473,5.045786688,0.301233465,4.744553223,2.465541664,0.396254938,29.58321423,4.771268741
SIPSEY,MUSSEL_MANIA,2019,S6,33.077933,-87.97775,1753.42195,20-40_2,Equilibrium,Quadrulini,QVER,5.863787419,4.833919579,179.4877667,11.02054888,168.4672178,0.434311781,0.430531118,13.04883161,0.801198261,12.24763335,15.85446846,1.231729379,169.4970857,12.25141402,2.132286334,1.757788938,65.26827881,4.007472319,61.26080649,0.157931557,0.15655677,4.745029678,0.291344822,4.453684856,5.765261257,0.447901592,61.63530389,4.455059642
SIPSEY,MUSSEL_MANIA,2019,S6,33.077933,-87.97775,1753.42195,20-40_2,Periodic,Pleurobemini,EARC,2.754971772,2.29175545,82.10369121,4.055922346,78.04776886,0.728672576,0.606668929,22.78387956,1.12552365,21.65835591,6.347677796,1.73219258,78.51098518,21.78035956,1.001807917,0.833365618,29.85588771,1.474880853,28.38100686,0.264971846,0.220606883,8.285047114,0.409281327,7.875765787,2.308246471,0.629888211,28.54944916,7.920130749
SIPSEY,MUSSEL_MANIA,2019,S6,33.077933,-87.97775,1753.42195,20-40_2,Equilibrium,Amblemini,APLI,2.871288672,2.41741876,125.5282969,9.000378889,116.527918,0.326825779,0.269437609,13.58081049,0.973744112,12.60706637,11.41779765,1.243181721,116.9817879,12.66445454,1.044104972,0.879061367,45.64665342,3.272865051,42.37378837,0.118845738,0.097977312,4.938476541,0.354088768,4.584387773,4.151926418,0.45206608,42.53883198,4.605256198
SIPSEY,MUSSEL_MANIA,2019,S6,33.077933,-87.97775,1753.42195,20-40_2,Equilibrium,Pleurobemini,REBE,0,0,0,0,0,0,0,0,0,0,0,0,0,0,0,0,0,0,0,0,0,0,0,0,0,0,0,NA
SIPSEY,MUSSEL_MANIA,2019,S6,33.077933,-87.97775,1753.42195,20-40_2,Equilibrium,Quadrulini,QQUA,0,0,0,0,0,0,0,0,0,0,0,0,0,0,0,0,0,0,0,0,0,0,0,0,0,0,0,NA
SIPSEY,MUSSEL_MANIA,2019,S6,33.077933,-87.97775,1753.42195,20-40_2,Opportunistic,Lampsilini,TDON,0,0,0,0,0,0,0,0,0,0,0,0,0,0,0,0,0,0,0,0,0,0,0,0,0,0,0,NA
SIPSEY,MUSSEL_MANIA,2019,S6,33.077933,-87.97775,1753.42195,20-40_2,Equilibrium,Quadrulini,MNER,0,0,0,0,0,0,0,0,0,0,0,0,0,0,0,0,0,0,0,0,0,0,0,0,0,0,0,NA
SIPSEY,MUSSEL_MANIA,2019,S6,33.077933,-87.97775,1753.42195,20-40_2,Periodic,Lampsilini,LLIE,0,0,0,0,0,0,0,0,0,0,0,0,0,0,0,0,0,0,0,0,0,0,0,0,0,0,0,NA
SIPSEY,MUSSEL_MANIA,2019,S6,33.077933,-87.97775,1753.42195,20-40_2,Periodic,Lampsilini,ELIN,0,0,0,0,0,0,0,0,0,0,0,0,0,0,0,0,0,0,0,0,0,0,0,0,0,0,0,NA
SIPSEY,MUSSEL_MANIA,2019,S6,33.077933,-87.97775,1753.42195,20-40_2,Opportunistic,Lampsilini,PFRA,0,0,0,0,0,0,0,0,0,0,0,0,0,0,0,0,0,0,0,0,0,0,0,0,0,0,0,NA
SIPSEY,MUSSEL_MANIA,2019,S6,33.077933,-87.97775,1753.42195,20-40_2,Opportunistic,Lampsilini,LREC,0,0,0,0,0,0,0,0,0,0,0,0,0,0,0,0,0,0,0,0,0,0,0,0,0,0,0,NA
SIPSEY,MUSSEL_MANIA,2019,S6,33.077933,-87.97775,1753.42195,20-40_2,Periodic,Lampsilini,OARK,0,0,0,0,0,0,0,0,0,0,0,0,0,0,0,0,0,0,0,0,0,0,0,0,0,0,0,NA
SIPSEY,MUSSEL_MANIA,2019,S6,33.077933,-87.97775,1753.42195,20-40_2,Opportunistic,Lampsilini,PINF,0,0,0,0,0,0,0,0,0,0,0,0,0,0,0,0,0,0,0,0,0,0,0,0,0,0,0,NA
SIPSEY,MUSSEL_MANIA,2019,S6,33.077933,-87.97775,1753.42195,20-40_2,Equilibrium,Pleurobemini,PPER,0,0,0,0,0,0,0,0,0,0,0,0,0,0,0,0,0,0,0,0,0,0,0,0,0,0,0,NA
SIPSEY,MUSSEL_MANIA,2019,S6,33.077933,-87.97775,1753.42195,20-40_2,Opportunistic,Lampsilini,LTER,0,0,0,0,0,0,0,0,0,0,0,0,0,0,0,0,0,0,0,0,0,0,0,0,0,0,0,NA
SIPSEY,MUSSEL_MANIA,2019,S6,33.077933,-87.97775,1753.42195,20-40_2,Periodic,Alasmodontini,SSUB,0,0,0,0,0,0,0,0,0,0,0,0,0,0,0,0,0,0,0,0,0,0,0,0,0,0,0,NA
SIPSEY,MUSSEL_MANIA,2019,S6,33.077933,-87.97775,1753.42195,20-40_2,Opportunistic,Lampsilini,TPAR,0,0,0,0,0,0,0,0,0,0,0,0,0,0,0,0,0,0,0,0,0,0,0,0,0,0,0,NA
SIPSEY,MUSSEL_MANIA,2019,S6,33.077933,-87.97775,1753.42195,20-40_2,Opportunistic,Lampsilini,PPUR,0,0,0,0,0,0,0,0,0,0,0,0,0,0,0,0,0,0,0,0,0,0,0,0,0,0,0,NA
SIPSEY,MUSSEL_MANIA,2019,S6,33.077933,-87.97775,1753.42195,20-40_2,Periodic,Lampsilini,HPER,0,0,0,0,0,0,0,0,0,0,0,0,0,0,0,0,0,0,0,0,0,0,0,0,0,0,0,NA
SIPSEY,MUSSEL_MANIA,2019,S6,33.077933,-87.97775,1753.42195,20-40_2,Periodic,Lampsilini,VVIB,0,0,0,0,0,0,0,0,0,0,0,0,0,0,0,0,0,0,0,0,0,0,0,0,0,0,0,NA
SIPSEY,MUSSEL_MANIA,2019,S6,33.077933,-87.97775,1753.42195,20-40_2,Periodic,Pleurobemini,ECRA,0,0,0,0,0,0,0,0,0,0,0,0,0,0,0,0,0,0,0,0,0,0,0,0,0,0,0,NA
SIPSEY,MUSSEL_MANIA,2019,S6,33.077933,-87.97775,1753.42195,20-40_2,Opportunistic,Lampsilini,TTRU,0,0,0,0,0,0,0,0,0,0,0,0,0,0,0,0,0,0,0,0,0,0,0,0,0,0,0,NA
SIPSEY,MUSSEL_MANIA,2019,S6,33.077933,-87.97775,1753.42195,20-40_2,NA,Lampsilini,LAMP,0,0,0,0,0,0,0,0,0,0,0,0,0,0,0,0,0,0,0,0,0,0,0,0,0,0,0,NA
SIPSEY,MUSSEL_MANIA,2019,S6,33.077933,-87.97775,1753.42195,20-40_2,Periodic,Anodontini,LCOM,0,0,0,0,0,0,0,0,0,0,0,0,0,0,0,0,0,0,0,0,0,0,0,0,0,0,0,NA
SIPSEY,MUSSEL_MANIA,2019,S6,33.077933,-87.97775,1753.42195,20-40_6,NA,Corbicula,CFLU,0.194395003,0.143288154,6.679657512,0.194378034,6.485279478,0.12193341,0.090888861,4.313476012,0.125522152,4.18795386,0.337666187,0.216411013,6.536386328,4.218998409,0.070689092,0.052104783,2.428966368,0.070682921,2.358283447,0.044339422,0.033050495,1.568536732,0.045644419,1.522892313,0.122787704,0.078694914,2.376867755,1.53418124
SIPSEY,MUSSEL_MANIA,2019,S6,33.077933,-87.97775,1753.42195,20-40_6,Equilibrium,Pleurobemini,FCER,2.394371739,2.03431583,92.51549823,4.829309008,87.68618922,0.089654817,0.078423422,3.828546223,0.199850113,3.62869611,6.863624837,0.278273534,88.04624513,3.639927506,0.870680633,0.739751211,33.64199936,1.756112366,31.88588699,0.032601752,0.028517608,1.392198626,0.072672768,1.319525858,2.495863577,0.101190376,32.01681641,1.323610002
SIPSEY,MUSSEL_MANIA,2019,S6,33.077933,-87.97775,1753.42195,20-40_6,Opportunistic,Lampsilini,LORN,9.575931552,7.038084168,146.8932556,16.99554967,129.8977059,0.782594042,0.623177984,6.711299432,0.776497344,5.934802088,24.03363384,1.399675329,132.4355533,6.094218145,3.482156928,2.559303334,53.41572931,6.180199881,47.23552943,0.284579652,0.226610176,2.440472521,0.282362671,2.15810985,8.739503215,0.508972847,48.15838302,2.216079325
SIPSEY,MUSSEL_MANIA,2019,S6,33.077933,-87.97775,1753.42195,20-40_6,Periodic,Lampsilini,OREF,0.560372398,0.48541683,26.91946093,1.10908179,25.81037914,0.073251069,0.062026094,3.1816763,0.131085064,3.050591236,1.59449862,0.193111157,25.88533471,3.061816211,0.203771781,0.176515211,9.788894884,0.403302469,9.385592415,0.026636752,0.022554943,1.1569732,0.047667296,1.109305904,0.57981768,0.070222239,9.412848985,1.113387713
SIPSEY,MUSSEL_MANIA,2019,S6,33.077933,-87.97775,1753.42195,20-40_6,Equilibrium,Pleurobemini,PDEC,9.950101517,8.284346993,547.8825276,29.96917426,517.9133533,2.071093755,1.722222576,113.9807769,6.234748495,107.7460284,38.25352125,7.956971072,519.5791078,108.0948996,3.618218733,3.012489816,199.23001,10.89788155,188.3321285,0.753125002,0.626262755,41.44755523,2.267181271,39.18037396,13.91037136,2.893444026,188.9378574,39.30723621
SIPSEY,MUSSEL_MANIA,2019,S6,33.077933,-87.97775,1753.42195,20-40_6,Equilibrium,Quadrulini,PKIE,7.579881928,6.750494206,267.2055702,19.93353554,247.2720346,0.459507044,0.410544905,15.38086634,1.147412629,14.23345371,26.68402974,1.557957535,248.1014224,14.28241585,2.756320701,2.454725166,97.16566188,7.248558377,89.91710351,0.16709347,0.149289057,5.593042307,0.417240956,5.175801351,9.703283542,0.566530013,90.21869904,5.193605765
SIPSEY,MUSSEL_MANIA,2019,S6,33.077933,-87.97775,1753.42195,20-40_6,Periodic,Lampsilini,LSTR,0,0,0,0,0,0,0,0,0,0,0,0,0,0,0,0,0,0,0,0,0,0,0,0,0,0,0,NA
SIPSEY,MUSSEL_MANIA,2019,S6,33.077933,-87.97775,1753.42195,20-40_6,Periodic,Lampsilini,MACU,0.275862456,0.225352578,3.405097469,0.200560241,3.204537228,0.211391256,0.1761844,2.598032899,0.153024138,2.445008761,0.425912819,0.329208538,3.255047106,2.480215617,0.10031362,0.081946392,1.238217261,0.072930997,1.165286265,0.076869548,0.064067055,0.944739236,0.055645141,0.889094095,0.154877389,0.119712196,1.183653493,0.901896588
SIPSEY,MUSSEL_MANIA,2019,S6,33.077933,-87.97775,1753.42195,20-40_6,Periodic,Lampsilini,OUNI,1.097174943,0.855658101,45.28778777,2.70368093,42.58410684,0.127228882,0.102775254,5.806306756,0.346636513,5.459670243,3.55933903,0.449411767,42.82562368,5.484123872,0.398972706,0.3111484,16.46828646,0.983156702,15.48512976,0.046265048,0.03737282,2.111384275,0.126049641,1.985334634,1.294305102,0.163422461,15.57295406,1.994226862
SIPSEY,MUSSEL_MANIA,2019,S6,33.077933,-87.97775,1753.42195,20-40_6,Equilibrium,Quadrulini,QVER,9.829176537,8.295442764,300.2285299,18.43403174,281.7944982,0.527512165,0.537402255,15.80993366,0.970729927,14.83920373,26.7294745,1.508132182,283.328232,14.82931364,3.574246014,3.016524641,109.1740109,6.703284268,102.4707266,0.191822606,0.195419002,5.749066786,0.352992701,5.396074085,9.71980891,0.548411702,103.028448,5.392477689
SIPSEY,MUSSEL_MANIA,2019,S6,33.077933,-87.97775,1753.42195,20-40_6,Periodic,Pleurobemini,EARC,2.219161647,1.849002195,72.89807025,3.601164671,69.29690558,0.18738673,0.155810263,5.486197906,0.271018177,5.215179729,5.450166866,0.42682844,69.66706504,5.246756196,0.806967872,0.672364435,26.50838918,1.309514426,25.19887476,0.068140629,0.056658278,1.994981057,0.098552064,1.896428992,1.98187886,0.155210342,25.33347819,1.907911344
SIPSEY,MUSSEL_MANIA,2019,S6,33.077933,-87.97775,1753.42195,20-40_6,Equilibrium,Amblemini,APLI,0,0,0,0,0,0,0,0,0,0,0,0,0,0,0,0,0,0,0,0,0,0,0,0,0,0,0,NA
SIPSEY,MUSSEL_MANIA,2019,S6,33.077933,-87.97775,1753.42195,20-40_6,Equilibrium,Pleurobemini,REBE,0,0,0,0,0,0,0,0,0,0,0,0,0,0,0,0,0,0,0,0,0,0,0,0,0,0,0,NA
SIPSEY,MUSSEL_MANIA,2019,S6,33.077933,-87.97775,1753.42195,20-40_6,Equilibrium,Quadrulini,QQUA,1.086866229,0.925692092,43.38417109,2.368775741,41.01539534,0.088178492,0.075335588,3.12422487,0.170582678,2.953642192,3.294467833,0.245918266,41.17656948,2.966485097,0.395224083,0.336615306,15.77606221,0.861372997,14.91468922,0.032064906,0.027394759,1.136081771,0.062030065,1.074051706,1.197988303,0.089424824,14.97329799,1.078721853
SIPSEY,MUSSEL_MANIA,2019,S6,33.077933,-87.97775,1753.42195,20-40_6,Opportunistic,Lampsilini,TDON,0,0,0,0,0,0,0,0,0,0,0,0,0,0,0,0,0,0,0,0,0,0,0,0,0,0,0,NA
SIPSEY,MUSSEL_MANIA,2019,S6,33.077933,-87.97775,1753.42195,20-40_6,Equilibrium,Quadrulini,MNER,0,0,0,0,0,0,0,0,0,0,0,0,0,0,0,0,0,0,0,0,0,0,0,0,0,0,0,NA
SIPSEY,MUSSEL_MANIA,2019,S6,33.077933,-87.97775,1753.42195,20-40_6,Periodic,Lampsilini,LLIE,0,0,0,0,0,0,0,0,0,0,0,0,0,0,0,0,0,0,0,0,0,0,0,0,0,0,0,NA
SIPSEY,MUSSEL_MANIA,2019,S6,33.077933,-87.97775,1753.42195,20-40_6,Periodic,Lampsilini,ELIN,0,0,0,0,0,0,0,0,0,0,0,0,0,0,0,0,0,0,0,0,0,0,0,0,0,0,0,NA
SIPSEY,MUSSEL_MANIA,2019,S6,33.077933,-87.97775,1753.42195,20-40_6,Opportunistic,Lampsilini,PFRA,0,0,0,0,0,0,0,0,0,0,0,0,0,0,0,0,0,0,0,0,0,0,0,0,0,0,0,NA
SIPSEY,MUSSEL_MANIA,2019,S6,33.077933,-87.97775,1753.42195,20-40_6,Opportunistic,Lampsilini,LREC,0,0,0,0,0,0,0,0,0,0,0,0,0,0,0,0,0,0,0,0,0,0,0,0,0,0,0,NA
SIPSEY,MUSSEL_MANIA,2019,S6,33.077933,-87.97775,1753.42195,20-40_6,Periodic,Lampsilini,OARK,0,0,0,0,0,0,0,0,0,0,0,0,0,0,0,0,0,0,0,0,0,0,0,0,0,0,0,NA
SIPSEY,MUSSEL_MANIA,2019,S6,33.077933,-87.97775,1753.42195,20-40_6,Opportunistic,Lampsilini,PINF,0,0,0,0,0,0,0,0,0,0,0,0,0,0,0,0,0,0,0,0,0,0,0,0,0,0,0,NA
SIPSEY,MUSSEL_MANIA,2019,S6,33.077933,-87.97775,1753.42195,20-40_6,Equilibrium,Pleurobemini,PPER,0,0,0,0,0,0,0,0,0,0,0,0,0,0,0,0,0,0,0,0,0,0,0,0,0,0,0,NA
SIPSEY,MUSSEL_MANIA,2019,S6,33.077933,-87.97775,1753.42195,20-40_6,Opportunistic,Lampsilini,LTER,0,0,0,0,0,0,0,0,0,0,0,0,0,0,0,0,0,0,0,0,0,0,0,0,0,0,0,NA
SIPSEY,MUSSEL_MANIA,2019,S6,33.077933,-87.97775,1753.42195,20-40_6,Periodic,Alasmodontini,SSUB,0,0,0,0,0,0,0,0,0,0,0,0,0,0,0,0,0,0,0,0,0,0,0,0,0,0,0,NA
SIPSEY,MUSSEL_MANIA,2019,S6,33.077933,-87.97775,1753.42195,20-40_6,Opportunistic,Lampsilini,TPAR,0,0,0,0,0,0,0,0,0,0,0,0,0,0,0,0,0,0,0,0,0,0,0,0,0,0,0,NA
SIPSEY,MUSSEL_MANIA,2019,S6,33.077933,-87.97775,1753.42195,20-40_6,Opportunistic,Lampsilini,PPUR,0,0,0,0,0,0,0,0,0,0,0,0,0,0,0,0,0,0,0,0,0,0,0,0,0,0,0,NA
SIPSEY,MUSSEL_MANIA,2019,S6,33.077933,-87.97775,1753.42195,20-40_6,Periodic,Lampsilini,HPER,0.371873574,0.300769778,5.824436592,0.355290632,5.46914596,0.163305561,0.129934832,2.687379979,0.163930179,2.5234498,0.65606041,0.293865011,5.540249756,2.556820529,0.135226754,0.109370828,2.117976943,0.129196593,1.988780349,0.05938384,0.04724903,0.977229083,0.059610974,0.917618109,0.238567422,0.106860004,2.014636275,0.92975292
SIPSEY,MUSSEL_MANIA,2019,S6,33.077933,-87.97775,1753.42195,20-40_6,Periodic,Lampsilini,VVIB,0,0,0,0,0,0,0,0,0,0,0,0,0,0,0,0,0,0,0,0,0,0,0,0,0,0,0,NA
SIPSEY,MUSSEL_MANIA,2019,S6,33.077933,-87.97775,1753.42195,20-40_6,Periodic,Pleurobemini,ECRA,0,0,0,0,0,0,0,0,0,0,0,0,0,0,0,0,0,0,0,0,0,0,0,0,0,0,0,NA
SIPSEY,MUSSEL_MANIA,2019,S6,33.077933,-87.97775,1753.42195,20-40_6,Opportunistic,Lampsilini,TTRU,0,0,0,0,0,0,0,0,0,0,0,0,0,0,0,0,0,0,0,0,0,0,0,0,0,0,0,NA
SIPSEY,MUSSEL_MANIA,2019,S6,33.077933,-87.97775,1753.42195,20-40_6,NA,Lampsilini,LAMP,0,0,0,0,0,0,0,0,0,0,0,0,0,0,0,0,0,0,0,0,0,0,0,0,0,0,0,NA
SIPSEY,MUSSEL_MANIA,2019,S6,33.077933,-87.97775,1753.42195,20-40_6,Periodic,Anodontini,LCOM,0,0,0,0,0,0,0,0,0,0,0,0,0,0,0,0,0,0,0,0,0,0,0,0,0,0,0,NA
SIPSEY,MUSSEL_MANIA,2019,S6,33.077933,-87.97775,1753.42195,40-60_12,NA,Corbicula,CFLU,0.220717385,0.16333051,7.646600947,0.222516088,7.424084859,0.124101928,0.093464787,4.491692281,0.130708245,4.360984036,0.385846597,0.224173032,7.481471735,4.391621177,0.080260867,0.059392913,2.780582162,0.080914941,2.699667222,0.045127974,0.033987195,1.633342648,0.047530271,1.585812377,0.140307854,0.081517466,2.720535176,1.596953155
SIPSEY,MUSSEL_MANIA,2019,S6,33.077933,-87.97775,1753.42195,40-60_12,Equilibrium,Pleurobemini,FCER,1.95842799,1.706139431,82.01151594,4.281001132,77.73051481,0.306082766,0.261722633,12.01347298,0.62710329,11.38636969,5.987140563,0.888825922,77.98280337,11.43072983,0.712155633,0.620414339,29.82236943,1.556727684,28.26564175,0.111302824,0.095171866,4.36853563,0.22803756,4.14049807,2.177142023,0.323209426,28.35738304,4.156629027
SIPSEY,MUSSEL_MANIA,2019,S6,33.077933,-87.97775,1753.42195,40-60_12,Opportunistic,Lampsilini,LORN,1.682541891,1.357148703,11.62911185,1.345488241,10.28362361,0.567969777,0.419813912,5.984480504,0.692404394,5.29207611,2.702636944,1.112218306,10.6090168,5.440231975,0.611833415,0.493508619,4.228767945,0.489268451,3.739499494,0.206534464,0.152659604,2.176174729,0.251783416,1.924391313,0.98277707,0.404443021,3.85782429,1.978266173
SIPSEY,MUSSEL_MANIA,2019,S6,33.077933,-87.97775,1753.42195,40-60_12,Periodic,Lampsilini,OREF,0,0,0,0,0,0,0,0,0,0,0,0,0,0,0,0,0,0,0,0,0,0,0,0,0,0,0,NA
SIPSEY,MUSSEL_MANIA,2019,S6,33.077933,-87.97775,1753.42195,40-60_12,Equilibrium,Pleurobemini,PDEC,5.937535446,4.944258549,326.9607848,17.88475493,309.0760299,1.223059814,1.013982327,67.22285185,3.677089996,63.54576185,22.82901348,4.691072323,310.0693068,63.75483934,2.159103799,1.7979122,118.8948308,6.503547247,112.3912836,0.444749023,0.368720846,24.4446734,1.337123635,23.10754977,8.301459447,1.705844481,112.7524752,23.18357794
SIPSEY,MUSSEL_MANIA,2019,S6,33.077933,-87.97775,1753.42195,40-60_12,Equilibrium,Quadrulini,PKIE,3.631216012,3.23977271,125.5142464,9.363362784,116.1508836,0.249575457,0.222063779,8.828248303,0.658587323,8.16966098,12.60313549,0.880651102,116.5423269,8.197172658,1.320442186,1.178099167,45.64154416,3.404859194,42.23668496,0.090754712,0.080750465,3.21027211,0.239486299,2.970785811,4.582958361,0.320236764,42.37902798,2.980790057
SIPSEY,MUSSEL_MANIA,2019,S6,33.077933,-87.97775,1753.42195,40-60_12,Periodic,Lampsilini,LSTR,0,0,0,0,0,0,0,0,0,0,0,0,0,0,0,0,0,0,0,0,0,0,0,0,0,0,0,NA
SIPSEY,MUSSEL_MANIA,2019,S6,33.077933,-87.97775,1753.42195,40-60_12,Periodic,Lampsilini,MACU,0,0,0,0,0,0,0,0,0,0,0,0,0,0,0,0,0,0,0,0,0,0,0,0,0,0,0,NA
SIPSEY,MUSSEL_MANIA,2019,S6,33.077933,-87.97775,1753.42195,40-60_12,Periodic,Lampsilini,OUNI,0,0,0,0,0,0,0,0,0,0,0,0,0,0,0,0,0,0,0,0,0,0,0,0,0,0,0,NA
SIPSEY,MUSSEL_MANIA,2019,S6,33.077933,-87.97775,1753.42195,40-60_12,Equilibrium,Quadrulini,QVER,4.908823757,3.919999734,150.7041022,9.253231875,141.4508703,0.513711314,0.481475827,15.51468258,0.95260151,14.56208107,13.17323161,1.434077337,142.4396944,14.59431655,1.785026821,1.425454449,54.80149171,3.364811591,51.43668012,0.186804114,0.175082119,5.641702756,0.346400549,5.295302206,4.79026604,0.521482668,51.79625249,5.307024202
SIPSEY,MUSSEL_MANIA,2019,S6,33.077933,-87.97775,1753.42195,40-60_12,Periodic,Pleurobemini,EARC,1.356305974,1.129203156,42.4702825,2.098031955,40.37225054,0.209203993,0.17428593,6.77559986,0.334714633,6.440885227,3.227235111,0.509000564,40.59935336,6.47580329,0.493202172,0.410619329,15.44373909,0.762920711,14.68081838,0.076074179,0.063376702,2.463854495,0.121714412,2.342140083,1.17354004,0.185091114,14.76340122,2.35483756
SIPSEY,MUSSEL_MANIA,2019,S6,33.077933,-87.97775,1753.42195,40-60_12,Equilibrium,Amblemini,APLI,0,0,0,0,0,0,0,0,0,0,0,0,0,0,0,0,0,0,0,0,0,0,0,0,0,0,0,NA
SIPSEY,MUSSEL_MANIA,2019,S6,33.077933,-87.97775,1753.42195,40-60_12,Equilibrium,Pleurobemini,REBE,0,0,0,0,0,0,0,0,0,0,0,0,0,0,0,0,0,0,0,0,0,0,0,0,0,0,0,NA
SIPSEY,MUSSEL_MANIA,2019,S6,33.077933,-87.97775,1753.42195,40-60_12,Equilibrium,Quadrulini,QQUA,0,0,0,0,0,0,0,0,0,0,0,0,0,0,0,0,0,0,0,0,0,0,0,0,0,0,0,NA
SIPSEY,MUSSEL_MANIA,2019,S6,33.077933,-87.97775,1753.42195,40-60_12,Opportunistic,Lampsilini,TDON,0,0,0,0,0,0,0,0,0,0,0,0,0,0,0,0,0,0,0,0,0,0,0,0,0,0,0,NA
SIPSEY,MUSSEL_MANIA,2019,S6,33.077933,-87.97775,1753.42195,40-60_12,Equilibrium,Quadrulini,MNER,0,0,0,0,0,0,0,0,0,0,0,0,0,0,0,0,0,0,0,0,0,0,0,0,0,0,0,NA
SIPSEY,MUSSEL_MANIA,2019,S6,33.077933,-87.97775,1753.42195,40-60_12,Periodic,Lampsilini,LLIE,0,0,0,0,0,0,0,0,0,0,0,0,0,0,0,0,0,0,0,0,0,0,0,0,0,0,0,NA
SIPSEY,MUSSEL_MANIA,2019,S6,33.077933,-87.97775,1753.42195,40-60_12,Periodic,Lampsilini,ELIN,0.317314124,0.266607327,6.006533523,0.365797892,5.640735631,0.126124177,0.105969533,2.516931613,0.153281135,2.363650477,0.632405219,0.259250669,5.691442428,2.383805121,0.115386954,0.096948119,2.184194008,0.133017415,2.051176593,0.045863337,0.038534376,0.915247859,0.055738595,0.859509265,0.229965534,0.09427297,2.069615429,0.866838226
SIPSEY,MUSSEL_MANIA,2019,S6,33.077933,-87.97775,1753.42195,40-60_12,Opportunistic,Lampsilini,PFRA,0,0,0,0,0,0,0,0,0,0,0,0,0,0,0,0,0,0,0,0,0,0,0,0,0,0,0,NA
SIPSEY,MUSSEL_MANIA,2019,S6,33.077933,-87.97775,1753.42195,40-60_12,Opportunistic,Lampsilini,LREC,0,0,0,0,0,0,0,0,0,0,0,0,0,0,0,0,0,0,0,0,0,0,0,0,0,0,0,NA
SIPSEY,MUSSEL_MANIA,2019,S6,33.077933,-87.97775,1753.42195,40-60_12,Periodic,Lampsilini,OARK,0,0,0,0,0,0,0,0,0,0,0,0,0,0,0,0,0,0,0,0,0,0,0,0,0,0,0,NA
SIPSEY,MUSSEL_MANIA,2019,S6,33.077933,-87.97775,1753.42195,40-60_12,Opportunistic,Lampsilini,PINF,0,0,0,0,0,0,0,0,0,0,0,0,0,0,0,0,0,0,0,0,0,0,0,0,0,0,0,NA
SIPSEY,MUSSEL_MANIA,2019,S6,33.077933,-87.97775,1753.42195,40-60_12,Equilibrium,Pleurobemini,PPER,0,0,0,0,0,0,0,0,0,0,0,0,0,0,0,0,0,0,0,0,0,0,0,0,0,0,0,NA
SIPSEY,MUSSEL_MANIA,2019,S6,33.077933,-87.97775,1753.42195,40-60_12,Opportunistic,Lampsilini,LTER,0,0,0,0,0,0,0,0,0,0,0,0,0,0,0,0,0,0,0,0,0,0,0,0,0,0,0,NA
SIPSEY,MUSSEL_MANIA,2019,S6,33.077933,-87.97775,1753.42195,40-60_12,Periodic,Alasmodontini,SSUB,0,0,0,0,0,0,0,0,0,0,0,0,0,0,0,0,0,0,0,0,0,0,0,0,0,0,0,NA
SIPSEY,MUSSEL_MANIA,2019,S6,33.077933,-87.97775,1753.42195,40-60_12,Opportunistic,Lampsilini,TPAR,0,0,0,0,0,0,0,0,0,0,0,0,0,0,0,0,0,0,0,0,0,0,0,0,0,0,0,NA
SIPSEY,MUSSEL_MANIA,2019,S6,33.077933,-87.97775,1753.42195,40-60_12,Opportunistic,Lampsilini,PPUR,0,0,0,0,0,0,0,0,0,0,0,0,0,0,0,0,0,0,0,0,0,0,0,0,0,0,0,NA
SIPSEY,MUSSEL_MANIA,2019,S6,33.077933,-87.97775,1753.42195,40-60_12,Periodic,Lampsilini,HPER,0,0,0,0,0,0,0,0,0,0,0,0,0,0,0,0,0,0,0,0,0,0,0,0,0,0,0,NA
SIPSEY,MUSSEL_MANIA,2019,S6,33.077933,-87.97775,1753.42195,40-60_12,Periodic,Lampsilini,VVIB,0,0,0,0,0,0,0,0,0,0,0,0,0,0,0,0,0,0,0,0,0,0,0,0,0,0,0,NA
SIPSEY,MUSSEL_MANIA,2019,S6,33.077933,-87.97775,1753.42195,40-60_12,Periodic,Pleurobemini,ECRA,0,0,0,0,0,0,0,0,0,0,0,0,0,0,0,0,0,0,0,0,0,0,0,0,0,0,0,NA
SIPSEY,MUSSEL_MANIA,2019,S6,33.077933,-87.97775,1753.42195,40-60_12,Opportunistic,Lampsilini,TTRU,0,0,0,0,0,0,0,0,0,0,0,0,0,0,0,0,0,0,0,0,0,0,0,0,0,0,0,NA
SIPSEY,MUSSEL_MANIA,2019,S6,33.077933,-87.97775,1753.42195,40-60_12,NA,Lampsilini,LAMP,0,0,0,0,0,0,0,0,0,0,0,0,0,0,0,0,0,0,0,0,0,0,0,0,0,0,0,NA
SIPSEY,MUSSEL_MANIA,2019,S6,33.077933,-87.97775,1753.42195,40-60_12,Periodic,Anodontini,LCOM,0,0,0,0,0,0,0,0,0,0,0,0,0,0,0,0,0,0,0,0,0,0,0,0,0,0,0,NA
SIPSEY,MUSSEL_MANIA,2019,S6,33.077933,-87.97775,1753.42195,40-60_15,NA,Corbicula,CFLU,0.062587669,0.044756601,2.002198065,0.058263964,1.943934101,0.050510736,0.036023386,1.607834482,0.046787983,1.561046498,0.103020565,0.082811369,1.961765169,1.575533849,0.022759152,0.016275128,0.728072024,0.021186896,0.706885128,0.018367541,0.013099413,0.584667084,0.017013812,0.567653272,0.037462024,0.030113225,0.713369152,0.5729214
SIPSEY,MUSSEL_MANIA,2019,S6,33.077933,-87.97775,1753.42195,40-60_15,Equilibrium,Pleurobemini,FCER,3.670381303,3.1839604,151.6766735,7.917522356,143.7591511,0.485847833,0.417168082,19.32329434,1.008675965,18.31461838,11.10148276,1.425844047,144.245572,18.38329813,1.33468411,1.157803782,55.155154,2.879099039,52.27605496,0.176671939,0.151697484,7.026652487,0.36679126,6.659861227,4.03690282,0.518488744,52.45293529,6.684835682
SIPSEY,MUSSEL_MANIA,2019,S6,33.077933,-87.97775,1753.42195,40-60_15,Opportunistic,Lampsilini,LORN,6.727672093,5.255217685,60.14756426,6.959073185,53.18849108,1.220216837,0.884208422,15.5023838,1.793625806,13.708758,12.21429087,2.677834227,54.66094548,14.04476641,2.446426216,1.910988249,21.87184155,2.530572067,19.34126948,0.443715213,0.321530335,5.637230474,0.652227566,4.985002908,4.441560316,0.973757901,19.87670745,5.107187786
SIPSEY,MUSSEL_MANIA,2019,S6,33.077933,-87.97775,1753.42195,40-60_15,Periodic,Lampsilini,OREF,0.720339938,0.620222397,33.72787487,1.389588445,32.33828643,0.053125956,0.044680576,2.242080382,0.092373712,2.14970667,2.009810841,0.137054288,32.43840397,2.15815205,0.261941796,0.225535417,12.26468177,0.505304889,11.75937688,0.019318529,0.016247482,0.815301957,0.033590441,0.781711517,0.730840306,0.049837923,11.79578326,0.784782564
SIPSEY,MUSSEL_MANIA,2019,S6,33.077933,-87.97775,1753.42195,40-60_15,Equilibrium,Pleurobemini,PDEC,8.498900951,7.038952691,466.9159691,25.54030351,441.3756656,1.08242354,0.895632736,59.44307049,3.251535956,56.19153453,32.5792562,4.147168692,442.8356138,56.37832534,3.090509437,2.55961916,169.7876251,9.287383094,160.500242,0.39360856,0.325684631,21.615662,1.182376711,20.43328528,11.84700225,1.508061342,161.0311323,20.50120921
SIPSEY,MUSSEL_MANIA,2019,S6,33.077933,-87.97775,1753.42195,40-60_15,Equilibrium,Quadrulini,PKIE,4.65750687,4.185015437,146.5121969,10.92980989,135.582387,0,0,0,0,0,15.11482533,0,136.0548785,0,1.693638862,1.521823795,53.27716251,3.974476323,49.30268619,0,0,0,0,0,5.496300119,0,49.47450126,0
SIPSEY,MUSSEL_MANIA,2019,S6,33.077933,-87.97775,1753.42195,40-60_15,Periodic,Lampsilini,LSTR,0,0,0,0,0,0,0,0,0,0,0,0,0,0,0,0,0,0,0,0,0,0,0,0,0,0,0,NA
SIPSEY,MUSSEL_MANIA,2019,S6,33.077933,-87.97775,1753.42195,40-60_15,Periodic,Lampsilini,MACU,0.138937624,0.116103408,1.707523745,0.100573149,1.606950597,0.07375632,0.061388244,0.907155469,0.053431457,0.853724012,0.216676557,0.114819701,1.629784813,0.866092088,0.050522772,0.042219421,0.620917726,0.036572054,0.584345672,0.02682048,0.022322998,0.329874716,0.019429621,0.310445095,0.078791475,0.041752619,0.592649023,0.314942578
SIPSEY,MUSSEL_MANIA,2019,S6,33.077933,-87.97775,1753.42195,40-60_15,Periodic,Lampsilini,OUNI,2.396811571,1.865730161,98.5223565,5.881784683,92.64057182,0.310205773,0.244817029,13.2521474,0.7911532,12.4609942,7.747514844,1.035970228,93.17165323,12.52638294,0.871567844,0.678447331,35.82631145,2.138830794,33.68748066,0.112802099,0.089024374,4.81896269,0.287692073,4.531270617,2.817278125,0.376716447,33.88060117,4.555048342
SIPSEY,MUSSEL_MANIA,2019,S6,33.077933,-87.97775,1753.42195,40-60_15,Equilibrium,Quadrulini,QVER,0,0,0,0,0,0,0,0,0,0,0,0,0,0,0,0,0,0,0,0,0,0,0,0,0,0,0,NA
SIPSEY,MUSSEL_MANIA,2019,S6,33.077933,-87.97775,1753.42195,40-60_15,Periodic,Pleurobemini,EARC,2.771930958,2.310306977,92.44296004,4.566682226,87.87627781,0.031171913,0.026032216,1.162354027,0.057420289,1.104933738,6.876989202,0.083452505,88.33790179,1.110073435,1.007974894,0.840111628,33.61562183,1.660611718,31.95501011,0.011335241,0.00946626,0.422674192,0.020880105,0.401794087,2.500723346,0.030346365,32.12287338,0.403663067
SIPSEY,MUSSEL_MANIA,2019,S6,33.077933,-87.97775,1753.42195,40-60_15,Equilibrium,Amblemini,APLI,0,0,0,0,0,0,0,0,0,0,0,0,0,0,0,0,0,0,0,0,0,0,0,0,0,0,0,NA
SIPSEY,MUSSEL_MANIA,2019,S6,33.077933,-87.97775,1753.42195,40-60_15,Equilibrium,Pleurobemini,REBE,0,0,0,0,0,0,0,0,0,0,0,0,0,0,0,0,0,0,0,0,0,0,0,0,0,0,0,NA
SIPSEY,MUSSEL_MANIA,2019,S6,33.077933,-87.97775,1753.42195,40-60_15,Equilibrium,Quadrulini,QQUA,0,0,0,0,0,0,0,0,0,0,0,0,0,0,0,0,0,0,0,0,0,0,0,0,0,0,0,NA
SIPSEY,MUSSEL_MANIA,2019,S6,33.077933,-87.97775,1753.42195,40-60_15,Opportunistic,Lampsilini,TDON,0,0,0,0,0,0,0,0,0,0,0,0,0,0,0,0,0,0,0,0,0,0,0,0,0,0,0,NA
SIPSEY,MUSSEL_MANIA,2019,S6,33.077933,-87.97775,1753.42195,40-60_15,Equilibrium,Quadrulini,MNER,0,0,0,0,0,0,0,0,0,0,0,0,0,0,0,0,0,0,0,0,0,0,0,0,0,0,0,NA
SIPSEY,MUSSEL_MANIA,2019,S6,33.077933,-87.97775,1753.42195,40-60_15,Periodic,Lampsilini,LLIE,0,0,0,0,0,0,0,0,0,0,0,0,0,0,0,0,0,0,0,0,0,0,0,0,0,0,0,NA
SIPSEY,MUSSEL_MANIA,2019,S6,33.077933,-87.97775,1753.42195,40-60_15,Periodic,Lampsilini,ELIN,0,0,0,0,0,0,0,0,0,0,0,0,0,0,0,0,0,0,0,0,0,0,0,0,0,0,0,NA
SIPSEY,MUSSEL_MANIA,2019,S6,33.077933,-87.97775,1753.42195,40-60_15,Opportunistic,Lampsilini,PFRA,0,0,0,0,0,0,0,0,0,0,0,0,0,0,0,0,0,0,0,0,0,0,0,0,0,0,0,NA
SIPSEY,MUSSEL_MANIA,2019,S6,33.077933,-87.97775,1753.42195,40-60_15,Opportunistic,Lampsilini,LREC,0,0,0,0,0,0,0,0,0,0,0,0,0,0,0,0,0,0,0,0,0,0,0,0,0,0,0,NA
SIPSEY,MUSSEL_MANIA,2019,S6,33.077933,-87.97775,1753.42195,40-60_15,Periodic,Lampsilini,OARK,0,0,0,0,0,0,0,0,0,0,0,0,0,0,0,0,0,0,0,0,0,0,0,0,0,0,0,NA
SIPSEY,MUSSEL_MANIA,2019,S6,33.077933,-87.97775,1753.42195,40-60_15,Opportunistic,Lampsilini,PINF,0,0,0,0,0,0,0,0,0,0,0,0,0,0,0,0,0,0,0,0,0,0,0,0,0,0,0,NA
SIPSEY,MUSSEL_MANIA,2019,S6,33.077933,-87.97775,1753.42195,40-60_15,Equilibrium,Pleurobemini,PPER,0,0,0,0,0,0,0,0,0,0,0,0,0,0,0,0,0,0,0,0,0,0,0,0,0,0,0,NA
SIPSEY,MUSSEL_MANIA,2019,S6,33.077933,-87.97775,1753.42195,40-60_15,Opportunistic,Lampsilini,LTER,0,0,0,0,0,0,0,0,0,0,0,0,0,0,0,0,0,0,0,0,0,0,0,0,0,0,0,NA
SIPSEY,MUSSEL_MANIA,2019,S6,33.077933,-87.97775,1753.42195,40-60_15,Periodic,Alasmodontini,SSUB,0,0,0,0,0,0,0,0,0,0,0,0,0,0,0,0,0,0,0,0,0,0,0,0,0,0,0,NA
SIPSEY,MUSSEL_MANIA,2019,S6,33.077933,-87.97775,1753.42195,40-60_15,Opportunistic,Lampsilini,TPAR,0,0,0,0,0,0,0,0,0,0,0,0,0,0,0,0,0,0,0,0,0,0,0,0,0,0,0,NA
SIPSEY,MUSSEL_MANIA,2019,S6,33.077933,-87.97775,1753.42195,40-60_15,Opportunistic,Lampsilini,PPUR,0,0,0,0,0,0,0,0,0,0,0,0,0,0,0,0,0,0,0,0,0,0,0,0,0,0,0,NA
SIPSEY,MUSSEL_MANIA,2019,S6,33.077933,-87.97775,1753.42195,40-60_15,Periodic,Lampsilini,HPER,0.100518124,0.083657163,1.436561511,0.087630252,1.348931259,0.078705547,0.064886882,1.156450837,0.070543501,1.085907336,0.171287416,0.135430383,1.36579222,1.099726001,0.036552045,0.030420787,0.522386004,0.031865546,0.490520458,0.028620199,0.02359523,0.420527577,0.025652182,0.394875395,0.062286333,0.049247412,0.496651716,0.399900364
SIPSEY,MUSSEL_MANIA,2019,S6,33.077933,-87.97775,1753.42195,40-60_15,Periodic,Lampsilini,VVIB,0,0,0,0,0,0,0,0,0,0,0,0,0,0,0,0,0,0,0,0,0,0,0,0,0,0,0,NA
SIPSEY,MUSSEL_MANIA,2019,S6,33.077933,-87.97775,1753.42195,40-60_15,Periodic,Pleurobemini,ECRA,0,0,0,0,0,0,0,0,0,0,0,0,0,0,0,0,0,0,0,0,0,0,0,0,0,0,0,NA
SIPSEY,MUSSEL_MANIA,2019,S6,33.077933,-87.97775,1753.42195,40-60_15,Opportunistic,Lampsilini,TTRU,0,0,0,0,0,0,0,0,0,0,0,0,0,0,0,0,0,0,0,0,0,0,0,0,0,0,0,NA
SIPSEY,MUSSEL_MANIA,2019,S6,33.077933,-87.97775,1753.42195,40-60_15,NA,Lampsilini,LAMP,0,0,0,0,0,0,0,0,0,0,0,0,0,0,0,0,0,0,0,0,0,0,0,0,0,0,0,NA
SIPSEY,MUSSEL_MANIA,2019,S6,33.077933,-87.97775,1753.42195,40-60_15,Periodic,Anodontini,LCOM,0,0,0,0,0,0,0,0,0,0,0,0,0,0,0,0,0,0,0,0,0,0,0,0,0,0,0,NA
SIPSEY,MUSSEL_MANIA,2019,S6,33.077933,-87.97775,1753.42195,40-60_2,NA,Corbicula,CFLU,0.28190687,0.214520106,10.41890024,0.303189997,10.11571024,0.136983684,0.109721521,5.68653724,0.165478234,5.521059006,0.517710103,0.275199755,10.18309701,5.548321169,0.112762748,0.085808042,4.167560096,0.121275999,4.046284097,0.054793474,0.043888609,2.274614896,0.066191293,2.208423603,0.207084041,0.110079902,4.073238802,2.219328468
SIPSEY,MUSSEL_MANIA,2019,S6,33.077933,-87.97775,1753.42195,40-60_2,Equilibrium,Pleurobemini,FCER,1.653910089,1.419629127,65.95877212,3.443047905,62.51572422,0.108243052,0.09005398,3.883107727,0.202698223,3.680409504,4.862677032,0.292752203,62.75000518,3.698598576,0.661564036,0.567851651,26.38350885,1.377219162,25.00628969,0.043297221,0.036021592,1.553243091,0.081079289,1.472163802,1.945070813,0.117100881,25.10000207,1.47943943
SIPSEY,MUSSEL_MANIA,2019,S6,33.077933,-87.97775,1753.42195,40-60_2,Opportunistic,Lampsilini,LORN,9.075761648,6.571452192,146.5486236,16.95567576,129.5929479,0.272439838,0.188946829,4.594735285,0.531610873,4.063124413,23.52712795,0.720557701,132.0972573,4.146617422,3.630304659,2.628580877,58.61944946,6.782270302,51.83717916,0.108975935,0.075578732,1.837894114,0.212644349,1.625249765,9.410851179,0.288223081,52.83890294,1.658646969
SIPSEY,MUSSEL_MANIA,2019,S6,33.077933,-87.97775,1753.42195,40-60_2,Periodic,Lampsilini,OREF,0,0,0,0,0,0,0,0,0,0,0,0,0,0,0,0,0,0,0,0,0,0,0,0,0,0,0,NA
SIPSEY,MUSSEL_MANIA,2019,S6,33.077933,-87.97775,1753.42195,40-60_2,Equilibrium,Pleurobemini,PDEC,4.685153628,3.912204665,258.3029547,14.12917162,244.1737831,1.211802486,1.00977825,66.75068109,3.651262256,63.09941884,18.04137629,4.661040506,244.946732,63.30144307,1.874061451,1.564881866,103.3211819,5.651668649,97.66951323,0.484720994,0.4039113,26.70027244,1.460504902,25.23976753,7.216550515,1.864416202,97.97869281,25.32057723
SIPSEY,MUSSEL_MANIA,2019,S6,33.077933,-87.97775,1753.42195,40-60_2,Equilibrium,Quadrulini,PKIE,0.758613447,0.673087831,27.97401866,2.086861792,25.88715687,0.087525007,0.078447839,2.808696975,0.209528794,2.59916818,2.759949623,0.287976633,25.97268248,2.608245349,0.303445379,0.269235132,11.18960746,0.834744717,10.35486275,0.035010003,0.031379136,1.12347879,0.083811518,1.039667272,1.103979849,0.115190653,10.38907299,1.04329814
SIPSEY,MUSSEL_MANIA,2019,S6,33.077933,-87.97775,1753.42195,40-60_2,Periodic,Lampsilini,LSTR,0,0,0,0,0,0,0,0,0,0,0,0,0,0,0,0,0,0,0,0,0,0,0,0,0,0,0,NA
SIPSEY,MUSSEL_MANIA,2019,S6,33.077933,-87.97775,1753.42195,40-60_2,Periodic,Lampsilini,MACU,0.105626058,0.084838721,1.308111583,0.077047772,1.231063811,0.093721904,0.076568622,1.156318707,0.068107172,1.088211536,0.161886493,0.144675794,1.251851148,1.105364818,0.042250423,0.033935488,0.523244633,0.030819109,0.492425524,0.037488762,0.030627449,0.462527483,0.027242869,0.435284614,0.064754597,0.057870318,0.500740459,0.442145927
SIPSEY,MUSSEL_MANIA,2019,S6,33.077933,-87.97775,1753.42195,40-60_2,Periodic,Lampsilini,OUNI,1.112985571,0.873750635,46.99079729,2.805350598,44.1854467,0.105028643,0.079852011,4.025760633,0.24033791,3.785422723,3.679101233,0.320189921,44.42468163,3.810599355,0.445194228,0.349500254,18.79631892,1.122140239,17.67417868,0.042011457,0.031940804,1.610304253,0.096135164,1.514169089,1.471640493,0.128075968,17.76987265,1.524239742
SIPSEY,MUSSEL_MANIA,2019,S6,33.077933,-87.97775,1753.42195,40-60_2,Equilibrium,Quadrulini,QVER,0,0,0,0,0,0,0,0,0,0,0,0,0,0,0,0,0,0,0,0,0,0,0,0,0,0,0,NA
SIPSEY,MUSSEL_MANIA,2019,S6,33.077933,-87.97775,1753.42195,40-60_2,Periodic,Pleurobemini,EARC,0,0,0,0,0,0,0,0,0,0,0,0,0,0,0,0,0,0,0,0,0,0,0,0,0,0,0,NA
SIPSEY,MUSSEL_MANIA,2019,S6,33.077933,-87.97775,1753.42195,40-60_2,Equilibrium,Amblemini,APLI,0.426625429,0.378650844,21.08098857,1.511506881,19.56948169,0.124351382,0.106932285,5.694221979,0.408275716,5.285946263,1.890157725,0.515208001,19.61745628,5.30336536,0.170650171,0.151460338,8.432395429,0.604602752,7.827792677,0.049740553,0.042772914,2.277688792,0.163310286,2.114378505,0.75606309,0.2060832,7.84698251,2.121346144
SIPSEY,MUSSEL_MANIA,2019,S6,33.077933,-87.97775,1753.42195,40-60_2,Equilibrium,Pleurobemini,REBE,0,0,0,0,0,0,0,0,0,0,0,0,0,0,0,0,0,0,0,0,0,0,0,0,0,0,0,NA
SIPSEY,MUSSEL_MANIA,2019,S6,33.077933,-87.97775,1753.42195,40-60_2,Equilibrium,Quadrulini,QQUA,0,0,0,0,0,0,0,0,0,0,0,0,0,0,0,0,0,0,0,0,0,0,0,0,0,0,0,NA
SIPSEY,MUSSEL_MANIA,2019,S6,33.077933,-87.97775,1753.42195,40-60_2,Opportunistic,Lampsilini,TDON,0.009433731,0.00792622,0.138679872,0.008445604,0.130234268,0.009433731,0.00792622,0.138679872,0.008445604,0.130234268,0.016371825,0.016371825,0.131741778,0.131741778,0.003773492,0.003170488,0.055471949,0.003378242,0.052093707,0.003773492,0.003170488,0.055471949,0.003378242,0.052093707,0.00654873,0.00654873,0.052696711,0.052696711
SIPSEY,MUSSEL_MANIA,2019,S6,33.077933,-87.97775,1753.42195,40-60_2,Equilibrium,Quadrulini,MNER,0,0,0,0,0,0,0,0,0,0,0,0,0,0,0,0,0,0,0,0,0,0,0,0,0,0,0,NA
SIPSEY,MUSSEL_MANIA,2019,S6,33.077933,-87.97775,1753.42195,40-60_2,Periodic,Lampsilini,LLIE,0,0,0,0,0,0,0,0,0,0,0,0,0,0,0,0,0,0,0,0,0,0,0,0,0,0,0,NA
SIPSEY,MUSSEL_MANIA,2019,S6,33.077933,-87.97775,1753.42195,40-60_2,Periodic,Lampsilini,ELIN,0,0,0,0,0,0,0,0,0,0,0,0,0,0,0,0,0,0,0,0,0,0,0,0,0,0,0,NA
SIPSEY,MUSSEL_MANIA,2019,S6,33.077933,-87.97775,1753.42195,40-60_2,Opportunistic,Lampsilini,PFRA,0,0,0,0,0,0,0,0,0,0,0,0,0,0,0,0,0,0,0,0,0,0,0,0,0,0,0,NA
SIPSEY,MUSSEL_MANIA,2019,S6,33.077933,-87.97775,1753.42195,40-60_2,Opportunistic,Lampsilini,LREC,0,0,0,0,0,0,0,0,0,0,0,0,0,0,0,0,0,0,0,0,0,0,0,0,0,0,0,NA
SIPSEY,MUSSEL_MANIA,2019,S6,33.077933,-87.97775,1753.42195,40-60_2,Periodic,Lampsilini,OARK,0,0,0,0,0,0,0,0,0,0,0,0,0,0,0,0,0,0,0,0,0,0,0,0,0,0,0,NA
SIPSEY,MUSSEL_MANIA,2019,S6,33.077933,-87.97775,1753.42195,40-60_2,Opportunistic,Lampsilini,PINF,0,0,0,0,0,0,0,0,0,0,0,0,0,0,0,0,0,0,0,0,0,0,0,0,0,0,0,NA
SIPSEY,MUSSEL_MANIA,2019,S6,33.077933,-87.97775,1753.42195,40-60_2,Equilibrium,Pleurobemini,PPER,0,0,0,0,0,0,0,0,0,0,0,0,0,0,0,0,0,0,0,0,0,0,0,0,0,0,0,NA
SIPSEY,MUSSEL_MANIA,2019,S6,33.077933,-87.97775,1753.42195,40-60_2,Opportunistic,Lampsilini,LTER,0,0,0,0,0,0,0,0,0,0,0,0,0,0,0,0,0,0,0,0,0,0,0,0,0,0,0,NA
SIPSEY,MUSSEL_MANIA,2019,S6,33.077933,-87.97775,1753.42195,40-60_2,Periodic,Alasmodontini,SSUB,0,0,0,0,0,0,0,0,0,0,0,0,0,0,0,0,0,0,0,0,0,0,0,0,0,0,0,NA
SIPSEY,MUSSEL_MANIA,2019,S6,33.077933,-87.97775,1753.42195,40-60_2,Opportunistic,Lampsilini,TPAR,0,0,0,0,0,0,0,0,0,0,0,0,0,0,0,0,0,0,0,0,0,0,0,0,0,0,0,NA
SIPSEY,MUSSEL_MANIA,2019,S6,33.077933,-87.97775,1753.42195,40-60_2,Opportunistic,Lampsilini,PPUR,0,0,0,0,0,0,0,0,0,0,0,0,0,0,0,0,0,0,0,0,0,0,0,0,0,0,0,NA
SIPSEY,MUSSEL_MANIA,2019,S6,33.077933,-87.97775,1753.42195,40-60_2,Periodic,Lampsilini,HPER,0,0,0,0,0,0,0,0,0,0,0,0,0,0,0,0,0,0,0,0,0,0,0,0,0,0,0,NA
SIPSEY,MUSSEL_MANIA,2019,S6,33.077933,-87.97775,1753.42195,40-60_2,Periodic,Lampsilini,VVIB,0,0,0,0,0,0,0,0,0,0,0,0,0,0,0,0,0,0,0,0,0,0,0,0,0,0,0,NA
SIPSEY,MUSSEL_MANIA,2019,S6,33.077933,-87.97775,1753.42195,40-60_2,Periodic,Pleurobemini,ECRA,0,0,0,0,0,0,0,0,0,0,0,0,0,0,0,0,0,0,0,0,0,0,0,0,0,0,0,NA
SIPSEY,MUSSEL_MANIA,2019,S6,33.077933,-87.97775,1753.42195,40-60_2,Opportunistic,Lampsilini,TTRU,0,0,0,0,0,0,0,0,0,0,0,0,0,0,0,0,0,0,0,0,0,0,0,0,0,0,0,NA
SIPSEY,MUSSEL_MANIA,2019,S6,33.077933,-87.97775,1753.42195,40-60_2,NA,Lampsilini,LAMP,0,0,0,0,0,0,0,0,0,0,0,0,0,0,0,0,0,0,0,0,0,0,0,0,0,0,0,NA
SIPSEY,MUSSEL_MANIA,2019,S6,33.077933,-87.97775,1753.42195,40-60_2,Periodic,Anodontini,LCOM,0,0,0,0,0,0,0,0,0,0,0,0,0,0,0,0,0,0,0,0,0,0,0,0,0,0,0,NA
SIPSEY,MUSSEL_MANIA,2019,S6,33.077933,-87.97775,1753.42195,40-60_6,NA,Corbicula,CFLU,0.158903044,0.117441528,5.496332969,0.159943289,5.336389679,0.098518383,0.073775451,3.524515053,0.102563388,3.421951665,0.277384818,0.176338839,5.377851195,3.446694597,0.070623575,0.052196235,2.442814653,0.071085906,2.371728746,0.043785948,0.032789089,1.566451134,0.045583728,1.520867406,0.123282141,0.078372817,2.390156087,1.531864265
SIPSEY,MUSSEL_MANIA,2019,S6,33.077933,-87.97775,1753.42195,40-60_6,Equilibrium,Pleurobemini,FCER,0.750811942,0.647153667,30.34297271,1.583903175,28.75906953,0.066420456,0.05525606,2.381883916,0.12433434,2.257549576,2.231056842,0.1795904,28.86272781,2.268713973,0.333694196,0.287623852,13.48576565,0.703956967,12.78180868,0.029520203,0.024558249,1.058615074,0.055259707,1.003355367,0.991580819,0.079817956,12.82787903,1.008317321
SIPSEY,MUSSEL_MANIA,2019,S6,33.077933,-87.97775,1753.42195,40-60_6,Opportunistic,Lampsilini,LORN,0,0,0,0,0,0,0,0,0,0,0,0,0,0,0,0,0,0,0,0,0,0,0,0,0,0,0,NA
SIPSEY,MUSSEL_MANIA,2019,S6,33.077933,-87.97775,1753.42195,40-60_6,Periodic,Lampsilini,OREF,0,0,0,0,0,0,0,0,0,0,0,0,0,0,0,0,0,0,0,0,0,0,0,0,0,0,0,NA
SIPSEY,MUSSEL_MANIA,2019,S6,33.077933,-87.97775,1753.42195,40-60_6,Equilibrium,Pleurobemini,PDEC,1.022295262,0.851868792,56.31144225,3.080235891,53.23120636,0.220475189,0.182578555,12.11208086,0.662530823,11.44955004,3.932104683,0.845109378,53.40163283,11.48744668,0.45435345,0.378608352,25.02730767,1.368993729,23.65831394,0.097988973,0.081146024,5.383147051,0.294458144,5.088688907,1.747602081,0.375604168,23.73405904,5.105531856
SIPSEY,MUSSEL_MANIA,2019,S6,33.077933,-87.97775,1753.42195,40-60_6,Equilibrium,Quadrulini,PKIE,0.399303021,0.351830904,16.07652047,1.199308427,14.87721204,0.096484025,0.085811663,3.414111019,0.254692682,3.159418337,1.551139331,0.340504345,14.92468416,3.170090699,0.177468009,0.15636929,7.145120208,0.533025968,6.612094241,0.042881789,0.038138517,1.517382675,0.113196748,1.404185928,0.689395258,0.151335265,6.63319296,1.4089292
SIPSEY,MUSSEL_MANIA,2019,S6,33.077933,-87.97775,1753.42195,40-60_6,Periodic,Lampsilini,LSTR,0,0,0,0,0,0,0,0,0,0,0,0,0,0,0,0,0,0,0,0,0,0,0,0,0,0,0,NA
SIPSEY,MUSSEL_MANIA,2019,S6,33.077933,-87.97775,1753.42195,40-60_6,Periodic,Lampsilini,MACU,0.034068473,0.027837125,0.420463344,0.024765291,0.395698053,0.027251546,0.022857697,0.334417464,0.019697189,0.314720275,0.052602416,0.042554886,0.401929401,0.319114124,0.015141543,0.012372055,0.186872597,0.011006796,0.175865801,0.012111798,0.010158977,0.148629984,0.008754306,0.139875678,0.023378851,0.018913283,0.178635289,0.1418285
SIPSEY,MUSSEL_MANIA,2019,S6,33.077933,-87.97775,1753.42195,40-60_6,Periodic,Lampsilini,OUNI,0.636342697,0.488042112,25.01625717,1.493470553,23.52278662,0.128349941,0.100873984,5.407466636,0.322825758,5.084640878,1.981512665,0.423699742,23.6710872,5.112116835,0.282818976,0.216907605,11.11833652,0.66376469,10.45457183,0.057044418,0.044832882,2.403318505,0.143478115,2.25984039,0.880672296,0.188310997,10.5204832,2.272051927
SIPSEY,MUSSEL_MANIA,2019,S6,33.077933,-87.97775,1753.42195,40-60_6,Equilibrium,Quadrulini,QVER,0,0,0,0,0,0,0,0,0,0,0,0,0,0,0,0,0,0,0,0,0,0,0,0,0,0,0,NA
SIPSEY,MUSSEL_MANIA,2019,S6,33.077933,-87.97775,1753.42195,40-60_6,Periodic,Pleurobemini,EARC,0.443903964,0.369131194,12.91166409,0.637836206,12.27382789,0.139919368,0.116543449,4.462863132,0.220465439,4.242397693,1.006967401,0.337008888,12.34860066,4.265773612,0.197290651,0.164058309,5.738517374,0.283482758,5.455034616,0.062186386,0.051797088,1.983494725,0.097984639,1.885510086,0.447541067,0.149781728,5.488266958,1.895899383
SIPSEY,MUSSEL_MANIA,2019,S6,33.077933,-87.97775,1753.42195,40-60_6,Equilibrium,Amblemini,APLI,0,0,0,0,0,0,0,0,0,0,0,0,0,0,0,0,0,0,0,0,0,0,0,0,0,0,0,NA
SIPSEY,MUSSEL_MANIA,2019,S6,33.077933,-87.97775,1753.42195,40-60_6,Equilibrium,Pleurobemini,REBE,0,0,0,0,0,0,0,0,0,0,0,0,0,0,0,0,0,0,0,0,0,0,0,0,0,0,0,NA
SIPSEY,MUSSEL_MANIA,2019,S6,33.077933,-87.97775,1753.42195,40-60_6,Equilibrium,Quadrulini,QQUA,0,0,0,0,0,0,0,0,0,0,0,0,0,0,0,0,0,0,0,0,0,0,0,0,0,0,0,NA
SIPSEY,MUSSEL_MANIA,2019,S6,33.077933,-87.97775,1753.42195,40-60_6,Opportunistic,Lampsilini,TDON,0,0,0,0,0,0,0,0,0,0,0,0,0,0,0,0,0,0,0,0,0,0,0,0,0,0,0,NA
SIPSEY,MUSSEL_MANIA,2019,S6,33.077933,-87.97775,1753.42195,40-60_6,Equilibrium,Quadrulini,MNER,0,0,0,0,0,0,0,0,0,0,0,0,0,0,0,0,0,0,0,0,0,0,0,0,0,0,0,NA
SIPSEY,MUSSEL_MANIA,2019,S6,33.077933,-87.97775,1753.42195,40-60_6,Periodic,Lampsilini,LLIE,0,0,0,0,0,0,0,0,0,0,0,0,0,0,0,0,0,0,0,0,0,0,0,0,0,0,0,NA
SIPSEY,MUSSEL_MANIA,2019,S6,33.077933,-87.97775,1753.42195,40-60_6,Periodic,Lampsilini,ELIN,0,0,0,0,0,0,0,0,0,0,0,0,0,0,0,0,0,0,0,0,0,0,0,0,0,0,0,NA
SIPSEY,MUSSEL_MANIA,2019,S6,33.077933,-87.97775,1753.42195,40-60_6,Opportunistic,Lampsilini,PFRA,0,0,0,0,0,0,0,0,0,0,0,0,0,0,0,0,0,0,0,0,0,0,0,0,0,0,0,NA
SIPSEY,MUSSEL_MANIA,2019,S6,33.077933,-87.97775,1753.42195,40-60_6,Opportunistic,Lampsilini,LREC,0,0,0,0,0,0,0,0,0,0,0,0,0,0,0,0,0,0,0,0,0,0,0,0,0,0,0,NA
SIPSEY,MUSSEL_MANIA,2019,S6,33.077933,-87.97775,1753.42195,40-60_6,Periodic,Lampsilini,OARK,0,0,0,0,0,0,0,0,0,0,0,0,0,0,0,0,0,0,0,0,0,0,0,0,0,0,0,NA
SIPSEY,MUSSEL_MANIA,2019,S6,33.077933,-87.97775,1753.42195,40-60_6,Opportunistic,Lampsilini,PINF,0,0,0,0,0,0,0,0,0,0,0,0,0,0,0,0,0,0,0,0,0,0,0,0,0,0,0,NA
SIPSEY,MUSSEL_MANIA,2019,S6,33.077933,-87.97775,1753.42195,40-60_6,Equilibrium,Pleurobemini,PPER,0,0,0,0,0,0,0,0,0,0,0,0,0,0,0,0,0,0,0,0,0,0,0,0,0,0,0,NA
SIPSEY,MUSSEL_MANIA,2019,S6,33.077933,-87.97775,1753.42195,40-60_6,Opportunistic,Lampsilini,LTER,0,0,0,0,0,0,0,0,0,0,0,0,0,0,0,0,0,0,0,0,0,0,0,0,0,0,0,NA
SIPSEY,MUSSEL_MANIA,2019,S6,33.077933,-87.97775,1753.42195,40-60_6,Periodic,Alasmodontini,SSUB,0,0,0,0,0,0,0,0,0,0,0,0,0,0,0,0,0,0,0,0,0,0,0,0,0,0,0,NA
SIPSEY,MUSSEL_MANIA,2019,S6,33.077933,-87.97775,1753.42195,40-60_6,Opportunistic,Lampsilini,TPAR,0,0,0,0,0,0,0,0,0,0,0,0,0,0,0,0,0,0,0,0,0,0,0,0,0,0,0,NA
SIPSEY,MUSSEL_MANIA,2019,S6,33.077933,-87.97775,1753.42195,40-60_6,Opportunistic,Lampsilini,PPUR,0,0,0,0,0,0,0,0,0,0,0,0,0,0,0,0,0,0,0,0,0,0,0,0,0,0,0,NA
SIPSEY,MUSSEL_MANIA,2019,S6,33.077933,-87.97775,1753.42195,40-60_6,Periodic,Lampsilini,HPER,0,0,0,0,0,0,0,0,0,0,0,0,0,0,0,0,0,0,0,0,0,0,0,0,0,0,0,NA
SIPSEY,MUSSEL_MANIA,2019,S6,33.077933,-87.97775,1753.42195,40-60_6,Periodic,Lampsilini,VVIB,0,0,0,0,0,0,0,0,0,0,0,0,0,0,0,0,0,0,0,0,0,0,0,0,0,0,0,NA
SIPSEY,MUSSEL_MANIA,2019,S6,33.077933,-87.97775,1753.42195,40-60_6,Periodic,Pleurobemini,ECRA,0,0,0,0,0,0,0,0,0,0,0,0,0,0,0,0,0,0,0,0,0,0,0,0,0,0,0,NA
SIPSEY,MUSSEL_MANIA,2019,S6,33.077933,-87.97775,1753.42195,40-60_6,Opportunistic,Lampsilini,TTRU,0,0,0,0,0,0,0,0,0,0,0,0,0,0,0,0,0,0,0,0,0,0,0,0,0,0,0,NA
SIPSEY,MUSSEL_MANIA,2019,S6,33.077933,-87.97775,1753.42195,40-60_6,NA,Lampsilini,LAMP,0,0,0,0,0,0,0,0,0,0,0,0,0,0,0,0,0,0,0,0,0,0,0,0,0,0,0,NA
SIPSEY,MUSSEL_MANIA,2019,S6,33.077933,-87.97775,1753.42195,40-60_6,Periodic,Anodontini,LCOM,0,0,0,0,0,0,0,0,0,0,0,0,0,0,0,0,0,0,0,0,0,0,0,0,0,0,0,NA
SIPSEY,MUSSEL_MANIA,2019,S6,33.077933,-87.97775,1753.42195,60-80_12,NA,Corbicula,CFLU,3.171610644,2.518069005,129.966092,3.782013276,126.1840787,1.963917433,1.644747466,90.52973364,2.634415249,87.89531839,6.300082281,4.279162715,126.8376203,88.21448836,1.153312962,0.915661456,47.26039708,1.375277555,45.88511952,0.714151794,0.598089988,32.91990314,0.957969181,31.96193396,2.290939011,1.556059169,46.12277103,32.07799577
SIPSEY,MUSSEL_MANIA,2019,S6,33.077933,-87.97775,1753.42195,60-80_12,Equilibrium,Pleurobemini,FCER,1.667266155,1.452713755,69.77303856,3.642152613,66.13088595,0.255166386,0.214964233,9.529616951,0.497446005,9.032170946,5.094866367,0.712410237,66.34543835,9.072373099,0.606278602,0.528259547,25.37201402,1.324419132,24.04759489,0.092787777,0.078168812,3.465315255,0.180889456,3.284425799,1.852678679,0.259058268,24.12561394,3.299044763
SIPSEY,MUSSEL_MANIA,2019,S6,33.077933,-87.97775,1753.42195,60-80_12,Opportunistic,Lampsilini,LORN,9.620387373,7.208686182,120.8450205,13.98176887,106.8632516,0.704919542,0.516103594,8.268600291,0.956677054,7.311923237,21.19045505,1.472780647,109.2749528,7.500739186,3.498322681,2.62134043,43.94364381,5.084279588,38.85936422,0.256334379,0.187674034,3.006763742,0.347882565,2.658881177,7.705620018,0.535556599,39.73634647,2.727541522
SIPSEY,MUSSEL_MANIA,2019,S6,33.077933,-87.97775,1753.42195,60-80_12,Periodic,Lampsilini,OREF,0,0,0,0,0,0,0,0,0,0,0,0,0,0,0,0,0,0,0,0,0,0,0,0,0,0,0,NA
SIPSEY,MUSSEL_MANIA,2019,S6,33.077933,-87.97775,1753.42195,60-80_12,Equilibrium,Pleurobemini,PDEC,10.771708,8.926406453,591.9272981,32.37842321,559.5488749,1.390474634,1.147032508,76.26059649,4.171454628,72.08914186,41.30482966,5.318487135,561.3941765,72.33258399,3.916984726,3.245965983,215.2462902,11.77397208,203.4723182,0.50562714,0.41710273,27.731126,1.516892592,26.2142334,15.01993806,1.933995322,204.1433369,26.30275781
SIPSEY,MUSSEL_MANIA,2019,S6,33.077933,-87.97775,1753.42195,60-80_12,Equilibrium,Quadrulini,PKIE,0.874128586,0.7767718,31.61426536,2.358424196,29.25584116,0.078035762,0.070060845,2.451344863,0.182870327,2.268474536,3.135195996,0.252931172,29.35319795,2.276449454,0.317864941,0.282462473,11.49609649,0.857608798,10.6384877,0.028376641,0.025476671,0.891398132,0.066498301,0.824899831,1.140071271,0.091974972,10.67389016,0.827799801
SIPSEY,MUSSEL_MANIA,2019,S6,33.077933,-87.97775,1753.42195,60-80_12,Periodic,Lampsilini,LSTR,0,0,0,0,0,0,0,0,0,0,0,0,0,0,0,0,0,0,0,0,0,0,0,0,0,0,0,NA
SIPSEY,MUSSEL_MANIA,2019,S6,33.077933,-87.97775,1753.42195,60-80_12,Periodic,Lampsilini,MACU,0.239696257,0.202734295,2.938349891,0.173068809,2.765281082,0.113218668,0.095939798,1.386782735,0.081681503,1.305101232,0.375803103,0.177621301,2.802243044,1.322380101,0.087162275,0.073721562,1.068490869,0.062934112,1.005556757,0.041170425,0.034887199,0.504284631,0.029702365,0.474582266,0.136655674,0.064589564,1.018997471,0.480865491
SIPSEY,MUSSEL_MANIA,2019,S6,33.077933,-87.97775,1753.42195,60-80_12,Periodic,Lampsilini,OUNI,0,0,0,0,0,0,0,0,0,0,0,0,0,0,0,0,0,0,0,0,0,0,0,0,0,0,0,NA
SIPSEY,MUSSEL_MANIA,2019,S6,33.077933,-87.97775,1753.42195,60-80_12,Equilibrium,Quadrulini,QVER,4.833039717,3.821670696,148.4928659,9.117461969,139.375404,0.53855,0.510442339,16.24615905,0.997514166,15.24864488,12.93913267,1.507956504,140.386773,15.27675254,1.757468988,1.389698435,53.9974058,3.315440716,50.68196508,0.195836364,0.185615396,5.907694199,0.362732424,5.544961776,4.705139151,0.54834782,51.04973564,5.555182743
SIPSEY,MUSSEL_MANIA,2019,S6,33.077933,-87.97775,1753.42195,60-80_12,Periodic,Pleurobemini,EARC,0.808070916,0.672268078,24.23054954,1.196989147,23.03356039,0.203144799,0.169103785,6.308338548,0.311631924,5.996706624,1.869257225,0.480735709,23.16936323,6.030747638,0.293843969,0.244461119,8.811108922,0.435268781,8.375840142,0.073870836,0.061492285,2.29394129,0.1133207,2.18062059,0.6797299,0.174812985,8.425222992,2.192999141
SIPSEY,MUSSEL_MANIA,2019,S6,33.077933,-87.97775,1753.42195,60-80_12,Equilibrium,Amblemini,APLI,2.021964083,1.694383895,87.36900832,6.264357897,81.10465043,0.19483667,0.157531171,7.726152982,0.553965169,7.172187813,7.958741792,0.71149634,81.43223061,7.209493313,0.735259667,0.616139598,31.77054848,2.277948326,29.49260015,0.070849698,0.057284062,2.809510175,0.20144188,2.608068296,2.894087924,0.258725942,29.61172022,2.621633932
SIPSEY,MUSSEL_MANIA,2019,S6,33.077933,-87.97775,1753.42195,60-80_12,Equilibrium,Pleurobemini,REBE,0,0,0,0,0,0,0,0,0,0,0,0,0,0,0,0,0,0,0,0,0,0,0,0,0,0,0,NA
SIPSEY,MUSSEL_MANIA,2019,S6,33.077933,-87.97775,1753.42195,60-80_12,Equilibrium,Quadrulini,QQUA,0,0,0,0,0,0,0,0,0,0,0,0,0,0,0,0,0,0,0,0,0,0,0,0,0,0,0,NA
SIPSEY,MUSSEL_MANIA,2019,S6,33.077933,-87.97775,1753.42195,60-80_12,Opportunistic,Lampsilini,TDON,0.01479681,0.01243228,0.224676104,0.013682775,0.210993329,0.01479681,0.01243228,0.224676104,0.013682775,0.210993329,0.026115054,0.026115054,0.213357859,0.213357859,0.005380658,0.004520829,0.081700401,0.004975554,0.076724847,0.005380658,0.004520829,0.081700401,0.004975554,0.076724847,0.009496383,0.009496383,0.077584676,0.077584676
SIPSEY,MUSSEL_MANIA,2019,S6,33.077933,-87.97775,1753.42195,60-80_12,Equilibrium,Quadrulini,MNER,0,0,0,0,0,0,0,0,0,0,0,0,0,0,0,0,0,0,0,0,0,0,0,0,0,0,0,NA
SIPSEY,MUSSEL_MANIA,2019,S6,33.077933,-87.97775,1753.42195,60-80_12,Periodic,Lampsilini,LLIE,0,0,0,0,0,0,0,0,0,0,0,0,0,0,0,0,0,0,0,0,0,0,0,0,0,0,0,NA
SIPSEY,MUSSEL_MANIA,2019,S6,33.077933,-87.97775,1753.42195,60-80_12,Periodic,Lampsilini,ELIN,0,0,0,0,0,0,0,0,0,0,0,0,0,0,0,0,0,0,0,0,0,0,0,0,0,0,0,NA
SIPSEY,MUSSEL_MANIA,2019,S6,33.077933,-87.97775,1753.42195,60-80_12,Opportunistic,Lampsilini,PFRA,0,0,0,0,0,0,0,0,0,0,0,0,0,0,0,0,0,0,0,0,0,0,0,0,0,0,0,NA
SIPSEY,MUSSEL_MANIA,2019,S6,33.077933,-87.97775,1753.42195,60-80_12,Opportunistic,Lampsilini,LREC,0,0,0,0,0,0,0,0,0,0,0,0,0,0,0,0,0,0,0,0,0,0,0,0,0,0,0,NA
SIPSEY,MUSSEL_MANIA,2019,S6,33.077933,-87.97775,1753.42195,60-80_12,Periodic,Lampsilini,OARK,0,0,0,0,0,0,0,0,0,0,0,0,0,0,0,0,0,0,0,0,0,0,0,0,0,0,0,NA
SIPSEY,MUSSEL_MANIA,2019,S6,33.077933,-87.97775,1753.42195,60-80_12,Opportunistic,Lampsilini,PINF,0,0,0,0,0,0,0,0,0,0,0,0,0,0,0,0,0,0,0,0,0,0,0,0,0,0,0,NA
SIPSEY,MUSSEL_MANIA,2019,S6,33.077933,-87.97775,1753.42195,60-80_12,Equilibrium,Pleurobemini,PPER,0,0,0,0,0,0,0,0,0,0,0,0,0,0,0,0,0,0,0,0,0,0,0,0,0,0,0,NA
SIPSEY,MUSSEL_MANIA,2019,S6,33.077933,-87.97775,1753.42195,60-80_12,Opportunistic,Lampsilini,LTER,0,0,0,0,0,0,0,0,0,0,0,0,0,0,0,0,0,0,0,0,0,0,0,0,0,0,0,NA
SIPSEY,MUSSEL_MANIA,2019,S6,33.077933,-87.97775,1753.42195,60-80_12,Periodic,Alasmodontini,SSUB,0,0,0,0,0,0,0,0,0,0,0,0,0,0,0,0,0,0,0,0,0,0,0,0,0,0,0,NA
SIPSEY,MUSSEL_MANIA,2019,S6,33.077933,-87.97775,1753.42195,60-80_12,Opportunistic,Lampsilini,TPAR,0,0,0,0,0,0,0,0,0,0,0,0,0,0,0,0,0,0,0,0,0,0,0,0,0,0,0,NA
SIPSEY,MUSSEL_MANIA,2019,S6,33.077933,-87.97775,1753.42195,60-80_12,Opportunistic,Lampsilini,PPUR,0,0,0,0,0,0,0,0,0,0,0,0,0,0,0,0,0,0,0,0,0,0,0,0,0,0,0,NA
SIPSEY,MUSSEL_MANIA,2019,S6,33.077933,-87.97775,1753.42195,60-80_12,Periodic,Lampsilini,HPER,0,0,0,0,0,0,0,0,0,0,0,0,0,0,0,0,0,0,0,0,0,0,0,0,0,0,0,NA
SIPSEY,MUSSEL_MANIA,2019,S6,33.077933,-87.97775,1753.42195,60-80_12,Periodic,Lampsilini,VVIB,0,0,0,0,0,0,0,0,0,0,0,0,0,0,0,0,0,0,0,0,0,0,0,0,0,0,0,NA
SIPSEY,MUSSEL_MANIA,2019,S6,33.077933,-87.97775,1753.42195,60-80_12,Periodic,Pleurobemini,ECRA,0,0,0,0,0,0,0,0,0,0,0,0,0,0,0,0,0,0,0,0,0,0,0,0,0,0,0,NA
SIPSEY,MUSSEL_MANIA,2019,S6,33.077933,-87.97775,1753.42195,60-80_12,Opportunistic,Lampsilini,TTRU,0,0,0,0,0,0,0,0,0,0,0,0,0,0,0,0,0,0,0,0,0,0,0,0,0,0,0,NA
SIPSEY,MUSSEL_MANIA,2019,S6,33.077933,-87.97775,1753.42195,60-80_12,NA,Lampsilini,LAMP,0,0,0,0,0,0,0,0,0,0,0,0,0,0,0,0,0,0,0,0,0,0,0,0,0,0,0,NA
SIPSEY,MUSSEL_MANIA,2019,S6,33.077933,-87.97775,1753.42195,60-80_12,Periodic,Anodontini,LCOM,0,0,0,0,0,0,0,0,0,0,0,0,0,0,0,0,0,0,0,0,0,0,0,0,0,0,0,NA
SIPSEY,MUSSEL_MANIA,2019,S6,33.077933,-87.97775,1753.42195,60-80_15,NA,Corbicula,CFLU,3.590757681,2.810761608,142.8036714,4.155586837,138.6480845,2.081141167,1.719109684,93.50822347,2.721089303,90.78713417,6.966348445,4.440198987,139.4280806,91.14916565,1.305730066,1.02209513,51.92860777,1.511122486,50.41748529,0.756778606,0.625130794,34.00299035,0.989487019,33.01350333,2.533217617,1.614617814,50.70112022,33.14515115
SIPSEY,MUSSEL_MANIA,2019,S6,33.077933,-87.97775,1753.42195,60-80_15,Equilibrium,Pleurobemini,FCER,2.23499482,1.965926977,96.53944533,5.039359046,91.50008628,0.482763094,0.41567912,19.38930519,1.012121731,18.37718346,7.005286023,1.42780085,91.76915412,18.44426743,0.812725389,0.714882537,35.10525285,1.832494199,33.27275865,0.175550216,0.151156043,7.050656432,0.368044266,6.682612167,2.547376736,0.519200309,33.3706015,6.707006339
SIPSEY,MUSSEL_MANIA,2019,S6,33.077933,-87.97775,1753.42195,60-80_15,Opportunistic,Lampsilini,LORN,3.912118697,2.910559305,50.59820756,5.854212615,44.74399494,0.023601429,0.029334672,0.006506099,0.000752756,0.005753344,8.76477192,0.030087428,45.74555434,2.0100265842463e-05,1.422588617,1.058385202,18.3993482,2.128804587,16.27054362,0.008582338,0.010667154,0.002365854,0.000273729,0.002092125,3.187189789,0.010940883,16.63474703,7.30918757910161e-06
SIPSEY,MUSSEL_MANIA,2019,S6,33.077933,-87.97775,1753.42195,60-80_15,Periodic,Lampsilini,OREF,0,0,0,0,0,0,0,0,0,0,0,0,0,0,0,0,0,0,0,0,0,0,0,0,0,0,0,NA
SIPSEY,MUSSEL_MANIA,2019,S6,33.077933,-87.97775,1753.42195,60-80_15,Equilibrium,Pleurobemini,PDEC,6.826472925,5.674110276,375.6159246,20.54619108,355.0697335,1.202174725,0.995003457,66.02748756,3.61170357,62.41578399,26.22030135,4.606707027,356.2220962,62.62295526,2.482353791,2.063312827,136.587609,7.47134221,129.1162667,0.437154445,0.361819439,24.00999548,1.313346753,22.69664873,9.534655037,1.675166192,129.5353077,22.77198373
SIPSEY,MUSSEL_MANIA,2019,S6,33.077933,-87.97775,1753.42195,60-80_15,Equilibrium,Quadrulini,PKIE,5.266884587,4.672873924,195.0562127,14.55119347,180.5050193,0.641313672,0.570801189,22.65308562,1.689920187,20.96316543,19.22406739,2.260721376,181.0990299,21.03367791,1.915230759,1.699226881,70.92953191,5.29134308,65.63818883,0.233204972,0.207564069,8.237485679,0.614516432,7.622969247,6.990569962,0.8220805,65.8541927,7.64861015
SIPSEY,MUSSEL_MANIA,2019,S6,33.077933,-87.97775,1753.42195,60-80_15,Periodic,Lampsilini,LSTR,1.59919568,1.252829365,27.74053172,1.692172435,26.04835929,0.415780025,0.31960481,7.640576111,0.466075143,7.174500968,2.9450018,0.785679953,26.3947256,7.270676183,0.581525702,0.455574315,10.08746608,0.615335431,9.47213065,0.151192736,0.116219931,2.778391313,0.16948187,2.608909443,1.070909746,0.285701801,9.598082037,2.643882248
SIPSEY,MUSSEL_MANIA,2019,S6,33.077933,-87.97775,1753.42195,60-80_15,Periodic,Lampsilini,MACU,0.197385374,0.16410736,2.427879759,0.143002118,2.284877641,0.125495938,0.106223947,1.537573346,0.09056307,1.447010276,0.307109478,0.196787017,2.318155655,1.466282267,0.0717765,0.059675404,0.882865367,0.05200077,0.830864597,0.045634886,0.03862689,0.55911758,0.032932025,0.526185555,0.111676174,0.071558915,0.842965693,0.533193552
SIPSEY,MUSSEL_MANIA,2019,S6,33.077933,-87.97775,1753.42195,60-80_15,Periodic,Lampsilini,OUNI,1.532814615,1.244605454,71.32096404,4.257861553,67.06310249,0,0,0,0,0,5.502467007,0,67.35131165,0,0.557387133,0.452583801,25.93489601,1.548313292,24.38658272,0,0,0,0,0,2.000897093,0,24.49138605,0
SIPSEY,MUSSEL_MANIA,2019,S6,33.077933,-87.97775,1753.42195,60-80_15,Equilibrium,Quadrulini,QVER,0.13265163,0.051132272,4.351296988,0.267169635,4.084127353,0.118187141,0.047321611,3.860623509,0.237042283,3.623581226,0.318301907,0.284363895,4.165646711,3.694446756,0.048236956,0.018593553,1.582289814,0.097152595,1.485137219,0.042977142,0.017207859,1.403863094,0.086197194,1.3176659,0.115746148,0.103405053,1.514780622,1.343435184
SIPSEY,MUSSEL_MANIA,2019,S6,33.077933,-87.97775,1753.42195,60-80_15,Periodic,Pleurobemini,EARC,1.59232938,1.324794664,47.85671787,2.364121863,45.49259601,0.386021459,0.321477352,12.28497357,0.606877694,11.67809587,3.688916527,0.928355046,45.76013072,11.74263998,0.579028866,0.481743514,17.40244286,0.859680677,16.54276218,0.14037144,0.116900855,4.467263115,0.220682798,4.246580317,1.341424192,0.337583653,16.64004754,4.270050902
SIPSEY,MUSSEL_MANIA,2019,S6,33.077933,-87.97775,1753.42195,60-80_15,Equilibrium,Amblemini,APLI,1.188434076,1.04094411,56.94662036,4.08307268,52.86354768,0.28635838,0.243040214,12.71941816,0.911982282,11.80743588,5.12401679,1.155022496,53.01103765,11.85075405,0.432157846,0.378525131,20.70786195,1.484753702,19.22310825,0.10413032,0.08837826,4.625242968,0.331629921,4.293613048,1.863278833,0.42000818,19.27674096,4.309365108
SIPSEY,MUSSEL_MANIA,2019,S6,33.077933,-87.97775,1753.42195,60-80_15,Equilibrium,Pleurobemini,REBE,0,0,0,0,0,0,0,0,0,0,0,0,0,0,0,0,0,0,0,0,0,0,0,0,0,0,0,NA
SIPSEY,MUSSEL_MANIA,2019,S6,33.077933,-87.97775,1753.42195,60-80_15,Equilibrium,Quadrulini,QQUA,0,0,0,0,0,0,0,0,0,0,0,0,0,0,0,0,0,0,0,0,0,0,0,0,0,0,0,NA
SIPSEY,MUSSEL_MANIA,2019,S6,33.077933,-87.97775,1753.42195,60-80_15,Opportunistic,Lampsilini,TDON,0,0,0,0,0,0,0,0,0,0,0,0,0,0,0,0,0,0,0,0,0,0,0,0,0,0,0,NA
SIPSEY,MUSSEL_MANIA,2019,S6,33.077933,-87.97775,1753.42195,60-80_15,Equilibrium,Quadrulini,MNER,0,0,0,0,0,0,0,0,0,0,0,0,0,0,0,0,0,0,0,0,0,0,0,0,0,0,0,NA
SIPSEY,MUSSEL_MANIA,2019,S6,33.077933,-87.97775,1753.42195,60-80_15,Periodic,Lampsilini,LLIE,0,0,0,0,0,0,0,0,0,0,0,0,0,0,0,0,0,0,0,0,0,0,0,0,0,0,0,NA
SIPSEY,MUSSEL_MANIA,2019,S6,33.077933,-87.97775,1753.42195,60-80_15,Periodic,Lampsilini,ELIN,0,0,0,0,0,0,0,0,0,0,0,0,0,0,0,0,0,0,0,0,0,0,0,0,0,0,0,NA
SIPSEY,MUSSEL_MANIA,2019,S6,33.077933,-87.97775,1753.42195,60-80_15,Opportunistic,Lampsilini,PFRA,0,0,0,0,0,0,0,0,0,0,0,0,0,0,0,0,0,0,0,0,0,0,0,0,0,0,0,NA
SIPSEY,MUSSEL_MANIA,2019,S6,33.077933,-87.97775,1753.42195,60-80_15,Opportunistic,Lampsilini,LREC,0,0,0,0,0,0,0,0,0,0,0,0,0,0,0,0,0,0,0,0,0,0,0,0,0,0,0,NA
SIPSEY,MUSSEL_MANIA,2019,S6,33.077933,-87.97775,1753.42195,60-80_15,Periodic,Lampsilini,OARK,0,0,0,0,0,0,0,0,0,0,0,0,0,0,0,0,0,0,0,0,0,0,0,0,0,0,0,NA
SIPSEY,MUSSEL_MANIA,2019,S6,33.077933,-87.97775,1753.42195,60-80_15,Opportunistic,Lampsilini,PINF,0,0,0,0,0,0,0,0,0,0,0,0,0,0,0,0,0,0,0,0,0,0,0,0,0,0,0,NA
SIPSEY,MUSSEL_MANIA,2019,S6,33.077933,-87.97775,1753.42195,60-80_15,Equilibrium,Pleurobemini,PPER,0,0,0,0,0,0,0,0,0,0,0,0,0,0,0,0,0,0,0,0,0,0,0,0,0,0,0,NA
SIPSEY,MUSSEL_MANIA,2019,S6,33.077933,-87.97775,1753.42195,60-80_15,Opportunistic,Lampsilini,LTER,0,0,0,0,0,0,0,0,0,0,0,0,0,0,0,0,0,0,0,0,0,0,0,0,0,0,0,NA
SIPSEY,MUSSEL_MANIA,2019,S6,33.077933,-87.97775,1753.42195,60-80_15,Periodic,Alasmodontini,SSUB,0,0,0,0,0,0,0,0,0,0,0,0,0,0,0,0,0,0,0,0,0,0,0,0,0,0,0,NA
SIPSEY,MUSSEL_MANIA,2019,S6,33.077933,-87.97775,1753.42195,60-80_15,Opportunistic,Lampsilini,TPAR,0,0,0,0,0,0,0,0,0,0,0,0,0,0,0,0,0,0,0,0,0,0,0,0,0,0,0,NA
SIPSEY,MUSSEL_MANIA,2019,S6,33.077933,-87.97775,1753.42195,60-80_15,Opportunistic,Lampsilini,PPUR,0,0,0,0,0,0,0,0,0,0,0,0,0,0,0,0,0,0,0,0,0,0,0,0,0,0,0,NA
SIPSEY,MUSSEL_MANIA,2019,S6,33.077933,-87.97775,1753.42195,60-80_15,Periodic,Lampsilini,HPER,0,0,0,0,0,0,0,0,0,0,0,0,0,0,0,0,0,0,0,0,0,0,0,0,0,0,0,NA
SIPSEY,MUSSEL_MANIA,2019,S6,33.077933,-87.97775,1753.42195,60-80_15,Periodic,Lampsilini,VVIB,0,0,0,0,0,0,0,0,0,0,0,0,0,0,0,0,0,0,0,0,0,0,0,0,0,0,0,NA
SIPSEY,MUSSEL_MANIA,2019,S6,33.077933,-87.97775,1753.42195,60-80_15,Periodic,Pleurobemini,ECRA,0,0,0,0,0,0,0,0,0,0,0,0,0,0,0,0,0,0,0,0,0,0,0,0,0,0,0,NA
SIPSEY,MUSSEL_MANIA,2019,S6,33.077933,-87.97775,1753.42195,60-80_15,Opportunistic,Lampsilini,TTRU,0.205767636,0.172885968,0.138679872,0.012203829,0.126476043,0.205767636,0.172885968,0.138679872,0.012203829,0.126476043,0.185089796,0.185089796,0.159357712,0.159357712,0.074824595,0.062867625,0.050429044,0.004437756,0.045991289,0.074824595,0.062867625,0.050429044,0.004437756,0.045991289,0.067305381,0.067305381,0.057948259,0.057948259
SIPSEY,MUSSEL_MANIA,2019,S6,33.077933,-87.97775,1753.42195,60-80_15,NA,Lampsilini,LAMP,0,0,0,0,0,0,0,0,0,0,0,0,0,0,0,0,0,0,0,0,0,0,0,0,0,0,0,NA
SIPSEY,MUSSEL_MANIA,2019,S6,33.077933,-87.97775,1753.42195,60-80_15,Periodic,Anodontini,LCOM,0,0,0,0,0,0,0,0,0,0,0,0,0,0,0,0,0,0,0,0,0,0,0,0,0,0,0,NA
SIPSEY,MUSSEL_MANIA,2019,S6,33.077933,-87.97775,1753.42195,60-80_2,NA,Corbicula,CFLU,0.776287,0.574197797,26.9531411,0.784336406,26.1688047,0.510594494,0.382067058,18.27714227,0.53186484,17.74527743,1.358534203,0.913931898,26.3708939,17.87380487,0.282286182,0.208799199,9.80114222,0.285213239,9.515928981,0.185670725,0.138933476,6.646233554,0.193405396,6.452828157,0.494012437,0.332338872,9.589415964,6.499565407
SIPSEY,MUSSEL_MANIA,2019,S6,33.077933,-87.97775,1753.42195,60-80_2,Equilibrium,Pleurobemini,FCER,0.041037358,0.039323497,2.332942997,0.121779624,2.211163372,0.033447463,0.031589306,1.806917556,0.094321096,1.71259646,0.161103121,0.125910402,2.212877233,1.714454616,0.014922676,0.014299453,0.848342908,0.0442835,0.804059408,0.012162714,0.01148702,0.65706093,0.034298581,0.622762349,0.058582953,0.045785601,0.80468263,0.623438042
SIPSEY,MUSSEL_MANIA,2019,S6,33.077933,-87.97775,1753.42195,60-80_2,Opportunistic,Lampsilini,LORN,0,0,0,0,0,0,0,0,0,0,0,0,0,0,0,0,0,0,0,0,0,0,0,0,0,0,0,NA
SIPSEY,MUSSEL_MANIA,2019,S6,33.077933,-87.97775,1753.42195,60-80_2,Periodic,Lampsilini,OREF,0,0,0,0,0,0,0,0,0,0,0,0,0,0,0,0,0,0,0,0,0,0,0,0,0,0,0,NA
SIPSEY,MUSSEL_MANIA,2019,S6,33.077933,-87.97775,1753.42195,60-80_2,Equilibrium,Pleurobemini,PDEC,5.703115923,4.734955762,313.6503007,17.15667145,296.4936293,0.896877954,0.741015778,49.22250287,2.692470907,46.53003196,21.89162721,3.433486685,297.4617894,46.68589414,2.073860336,1.721802095,114.0546548,6.238789618,107.8158652,0.326137438,0.269460283,17.89909195,0.97908033,16.92001162,7.960591713,1.248540613,108.1679234,16.97668878
SIPSEY,MUSSEL_MANIA,2019,S6,33.077933,-87.97775,1753.42195,60-80_2,Equilibrium,Quadrulini,PKIE,3.501529666,3.122123849,121.9544673,9.097803258,112.856664,0.255216595,0.227152996,8.990309543,0.670677092,8.319632451,12.21992711,0.897830088,113.2360698,8.347696051,1.273283515,1.135317763,44.34707901,3.308292094,41.03878691,0.092806035,0.08260109,3.26920347,0.243882579,3.025320891,4.443609857,0.326483668,41.17675266,3.035525837
SIPSEY,MUSSEL_MANIA,2019,S6,33.077933,-87.97775,1753.42195,60-80_2,Periodic,Lampsilini,LSTR,0,0,0,0,0,0,0,0,0,0,0,0,0,0,0,0,0,0,0,0,0,0,0,0,0,0,0,NA
SIPSEY,MUSSEL_MANIA,2019,S6,33.077933,-87.97775,1753.42195,60-80_2,Periodic,Lampsilini,MACU,0.125097844,0.101861898,1.545056546,0.091003831,1.454052715,0.100805133,0.083886935,1.239150482,0.072985963,1.166164518,0.192865729,0.156872898,1.477288661,1.183082716,0.045490125,0.03704069,0.561838744,0.033092302,0.528746442,0.036656412,0.03050434,0.450600175,0.02654035,0.424059825,0.070132992,0.05704469,0.537195877,0.430211897
SIPSEY,MUSSEL_MANIA,2019,S6,33.077933,-87.97775,1753.42195,60-80_2,Periodic,Lampsilini,OUNI,0.329146636,0.244965555,11.82574993,0.705997271,11.11975265,0.117727612,0.090200956,4.592922183,0.274197454,4.318724729,0.950962825,0.36439841,11.20393374,4.346251385,0.119689686,0.089078384,4.3002727,0.25672628,4.04354642,0.042810041,0.032800348,1.670153521,0.099708165,1.570445356,0.345804664,0.132508513,4.074157722,1.580455049
SIPSEY,MUSSEL_MANIA,2019,S6,33.077933,-87.97775,1753.42195,60-80_2,Equilibrium,Quadrulini,QVER,1.267351824,0.872238242,39.42872206,2.420923534,37.00779852,0.316183298,0.256724933,9.672089506,0.593866296,9.078223211,3.293161777,0.850591229,37.40291211,9.137681575,0.460855209,0.317177543,14.33771711,0.880335831,13.45738128,0.114975745,0.093354521,3.517123457,0.21595138,3.301172077,1.197513373,0.309305901,13.60105895,3.3227933
SIPSEY,MUSSEL_MANIA,2019,S6,33.077933,-87.97775,1753.42195,60-80_2,Periodic,Pleurobemini,EARC,1.641101999,1.368265629,55.85084549,2.759031767,53.09181372,0,0,0,0,0,4.127297396,0,53.36465009,0,0.596764363,0.497551138,20.30939836,1.003284279,19.30611408,0,0,0,0,0,1.500835417,0,19.40532731,0
SIPSEY,MUSSEL_MANIA,2019,S6,33.077933,-87.97775,1753.42195,60-80_2,Equilibrium,Amblemini,APLI,0,0,0,0,0,0,0,0,0,0,0,0,0,0,0,0,0,0,0,0,0,0,0,0,0,0,0,NA
SIPSEY,MUSSEL_MANIA,2019,S6,33.077933,-87.97775,1753.42195,60-80_2,Equilibrium,Pleurobemini,REBE,0,0,0,0,0,0,0,0,0,0,0,0,0,0,0,0,0,0,0,0,0,0,0,0,0,0,0,NA
SIPSEY,MUSSEL_MANIA,2019,S6,33.077933,-87.97775,1753.42195,60-80_2,Equilibrium,Quadrulini,QQUA,0,0,0,0,0,0,0,0,0,0,0,0,0,0,0,0,0,0,0,0,0,0,0,0,0,0,0,NA
SIPSEY,MUSSEL_MANIA,2019,S6,33.077933,-87.97775,1753.42195,60-80_2,Opportunistic,Lampsilini,TDON,0,0,0,0,0,0,0,0,0,0,0,0,0,0,0,0,0,0,0,0,0,0,0,0,0,0,0,NA
SIPSEY,MUSSEL_MANIA,2019,S6,33.077933,-87.97775,1753.42195,60-80_2,Equilibrium,Quadrulini,MNER,7.847092693,6.254584333,301.6584691,21.62891223,280.0295568,0.826206487,0.635495604,29.15973498,2.090752998,27.06898199,27.88349657,2.726248602,281.6220652,27.25969287,2.853488252,2.274394303,109.6939888,7.865058993,101.8289298,0.300438723,0.23108931,10.60353999,0.760273818,9.843266177,10.1394533,0.991363128,102.4080237,9.912615589
SIPSEY,MUSSEL_MANIA,2019,S6,33.077933,-87.97775,1753.42195,60-80_2,Periodic,Lampsilini,LLIE,0,0,0,0,0,0,0,0,0,0,0,0,0,0,0,0,0,0,0,0,0,0,0,0,0,0,0,NA
SIPSEY,MUSSEL_MANIA,2019,S6,33.077933,-87.97775,1753.42195,60-80_2,Periodic,Lampsilini,ELIN,0,0,0,0,0,0,0,0,0,0,0,0,0,0,0,0,0,0,0,0,0,0,0,0,0,0,0,NA
SIPSEY,MUSSEL_MANIA,2019,S6,33.077933,-87.97775,1753.42195,60-80_2,Opportunistic,Lampsilini,PFRA,0,0,0,0,0,0,0,0,0,0,0,0,0,0,0,0,0,0,0,0,0,0,0,0,0,0,0,NA
SIPSEY,MUSSEL_MANIA,2019,S6,33.077933,-87.97775,1753.42195,60-80_2,Opportunistic,Lampsilini,LREC,0,0,0,0,0,0,0,0,0,0,0,0,0,0,0,0,0,0,0,0,0,0,0,0,0,0,0,NA
SIPSEY,MUSSEL_MANIA,2019,S6,33.077933,-87.97775,1753.42195,60-80_2,Periodic,Lampsilini,OARK,0.182304328,0.136053409,6.601943819,0.394136046,6.207807773,0.042178044,0.032561782,1.682205807,0.100427687,1.58177812,0.530189455,0.132989469,6.254058692,1.591394382,0.066292483,0.049473967,2.400706843,0.143322199,2.257384645,0.015337471,0.011840648,0.611711203,0.036519159,0.575192044,0.192796166,0.048359807,2.274203161,0.578688866
SIPSEY,MUSSEL_MANIA,2019,S6,33.077933,-87.97775,1753.42195,60-80_2,Opportunistic,Lampsilini,PINF,0,0,0,0,0,0,0,0,0,0,0,0,0,0,0,0,0,0,0,0,0,0,0,0,0,0,0,NA
SIPSEY,MUSSEL_MANIA,2019,S6,33.077933,-87.97775,1753.42195,60-80_2,Equilibrium,Pleurobemini,PPER,0,0,0,0,0,0,0,0,0,0,0,0,0,0,0,0,0,0,0,0,0,0,0,0,0,0,0,NA
SIPSEY,MUSSEL_MANIA,2019,S6,33.077933,-87.97775,1753.42195,60-80_2,Opportunistic,Lampsilini,LTER,0,0,0,0,0,0,0,0,0,0,0,0,0,0,0,0,0,0,0,0,0,0,0,0,0,0,0,NA
SIPSEY,MUSSEL_MANIA,2019,S6,33.077933,-87.97775,1753.42195,60-80_2,Periodic,Alasmodontini,SSUB,0,0,0,0,0,0,0,0,0,0,0,0,0,0,0,0,0,0,0,0,0,0,0,0,0,0,0,NA
SIPSEY,MUSSEL_MANIA,2019,S6,33.077933,-87.97775,1753.42195,60-80_2,Opportunistic,Lampsilini,TPAR,0,0,0,0,0,0,0,0,0,0,0,0,0,0,0,0,0,0,0,0,0,0,0,0,0,0,0,NA
SIPSEY,MUSSEL_MANIA,2019,S6,33.077933,-87.97775,1753.42195,60-80_2,Opportunistic,Lampsilini,PPUR,0,0,0,0,0,0,0,0,0,0,0,0,0,0,0,0,0,0,0,0,0,0,0,0,0,0,0,NA
SIPSEY,MUSSEL_MANIA,2019,S6,33.077933,-87.97775,1753.42195,60-80_2,Periodic,Lampsilini,HPER,0,0,0,0,0,0,0,0,0,0,0,0,0,0,0,0,0,0,0,0,0,0,0,0,0,0,0,NA
SIPSEY,MUSSEL_MANIA,2019,S6,33.077933,-87.97775,1753.42195,60-80_2,Periodic,Lampsilini,VVIB,0,0,0,0,0,0,0,0,0,0,0,0,0,0,0,0,0,0,0,0,0,0,0,0,0,0,0,NA
SIPSEY,MUSSEL_MANIA,2019,S6,33.077933,-87.97775,1753.42195,60-80_2,Periodic,Pleurobemini,ECRA,0,0,0,0,0,0,0,0,0,0,0,0,0,0,0,0,0,0,0,0,0,0,0,0,0,0,0,NA
SIPSEY,MUSSEL_MANIA,2019,S6,33.077933,-87.97775,1753.42195,60-80_2,Opportunistic,Lampsilini,TTRU,0,0,0,0,0,0,0,0,0,0,0,0,0,0,0,0,0,0,0,0,0,0,0,0,0,0,0,NA
SIPSEY,MUSSEL_MANIA,2019,S6,33.077933,-87.97775,1753.42195,60-80_2,NA,Lampsilini,LAMP,0,0,0,0,0,0,0,0,0,0,0,0,0,0,0,0,0,0,0,0,0,0,0,0,0,0,0,NA
SIPSEY,MUSSEL_MANIA,2019,S6,33.077933,-87.97775,1753.42195,60-80_2,Periodic,Anodontini,LCOM,0,0,0,0,0,0,0,0,0,0,0,0,0,0,0,0,0,0,0,0,0,0,0,0,0,0,0,NA
SIPSEY,MUSSEL_MANIA,2019,S6,33.077933,-87.97775,1753.42195,60-80_6,NA,Corbicula,CFLU,0.767828593,0.5781098,27.83174863,0.809903885,27.02184474,0.490059155,0.377245846,18.76138621,0.545956339,18.21542987,1.388013685,0.923202185,27.21156353,18.32824318,0.255942864,0.192703267,9.277249542,0.269967962,9.00728158,0.163353052,0.125748615,6.253795404,0.181985446,6.071809958,0.462671228,0.307734062,9.070521178,6.109414394
SIPSEY,MUSSEL_MANIA,2019,S6,33.077933,-87.97775,1753.42195,60-80_6,Equilibrium,Pleurobemini,FCER,3.877978055,3.300678513,150.8222476,7.872921325,142.9493263,0.262741881,0.225496194,10.46537856,0.546292761,9.919085795,11.17359984,0.771788954,143.5266258,9.956331482,1.292659352,1.100226171,50.27408254,2.624307108,47.64977543,0.087580627,0.075165398,3.488459518,0.182097587,3.306361932,3.724533279,0.257262985,47.84220861,3.318777161
SIPSEY,MUSSEL_MANIA,2019,S6,33.077933,-87.97775,1753.42195,60-80_6,Opportunistic,Lampsilini,LORN,5.529528355,3.953540975,93.85108758,10.85857083,82.99251675,0,0,0,0,0,14.81211181,0,84.56850413,0,1.843176118,1.317846992,31.28369586,3.619523611,27.66417225,0,0,0,0,0,4.937370603,0,28.18950138,0
SIPSEY,MUSSEL_MANIA,2019,S6,33.077933,-87.97775,1753.42195,60-80_6,Periodic,Lampsilini,OREF,0,0,0,0,0,0,0,0,0,0,0,0,0,0,0,0,0,0,0,0,0,0,0,0,0,0,0,NA
SIPSEY,MUSSEL_MANIA,2019,S6,33.077933,-87.97775,1753.42195,60-80_6,Equilibrium,Pleurobemini,PDEC,9.67945639,8.036248205,532.3319813,29.11855938,503.213422,1.562209416,1.29432496,85.83982327,4.695438333,81.14438494,37.15480758,5.989763293,504.8566301,81.4122694,3.226485463,2.678749402,177.4439938,9.70618646,167.7378073,0.520736472,0.431441653,28.61327442,1.565146111,27.04812831,12.38493586,1.996587764,168.2855434,27.13742313
SIPSEY,MUSSEL_MANIA,2019,S6,33.077933,-87.97775,1753.42195,60-80_6,Equilibrium,Quadrulini,PKIE,1.431432873,1.264931546,55.64811835,4.151349629,51.49676872,0.27197556,0.242133933,9.523511495,0.710453958,8.813057538,5.416281175,0.952587891,51.66327005,8.842899164,0.477144291,0.421643849,18.54937278,1.38378321,17.16558957,0.09065852,0.080711311,3.174503832,0.236817986,2.937685846,1.805427058,0.317529297,17.22109002,2.947633055
SIPSEY,MUSSEL_MANIA,2019,S6,33.077933,-87.97775,1753.42195,60-80_6,Periodic,Lampsilini,LSTR,0,0,0,0,0,0,0,0,0,0,0,0,0,0,0,0,0,0,0,0,0,0,0,0,0,0,0,NA
SIPSEY,MUSSEL_MANIA,2019,S6,33.077933,-87.97775,1753.42195,60-80_6,Periodic,Lampsilini,MACU,0.01813948,0.014184913,0.225853041,0.013302744,0.212550297,0.017671468,0.013901251,0.219720263,0.012941524,0.20677874,0.027487657,0.026842774,0.216504864,0.210548957,0.006046493,0.004728304,0.075284347,0.004434248,0.070850099,0.005890489,0.00463375,0.073240088,0.004313841,0.068926247,0.009162552,0.008947591,0.072168288,0.070182986
SIPSEY,MUSSEL_MANIA,2019,S6,33.077933,-87.97775,1753.42195,60-80_6,Periodic,Lampsilini,OUNI,1.465486092,1.123588246,57.59198952,3.438241774,54.15374775,0.299154192,0.233577024,12.38904649,0.739626075,11.64942041,4.56183002,0.973203099,54.49564559,11.71499758,0.488495364,0.374529415,19.19732984,1.146080591,18.05124925,0.099718064,0.077859008,4.129682162,0.246542025,3.883140137,1.520610007,0.324401033,18.1652152,3.904999193
SIPSEY,MUSSEL_MANIA,2019,S6,33.077933,-87.97775,1753.42195,60-80_6,Equilibrium,Quadrulini,QVER,15.6899486,12.48093794,482.0299499,29.59663892,452.433311,1.799335541,1.574915038,54.72776795,3.360284952,51.367483,42.07757686,4.93519999,455.6423216,51.5919035,5.229982867,4.160312646,160.67665,9.865546308,150.8111037,0.599778514,0.524971679,18.24258932,1.120094984,17.12249433,14.02585895,1.645066663,151.8807739,17.19730117
SIPSEY,MUSSEL_MANIA,2019,S6,33.077933,-87.97775,1753.42195,60-80_6,Periodic,Pleurobemini,EARC,1.135117806,0.943992113,33.26759111,1.643419001,31.62417211,0.338000907,0.281316141,10.4238964,0.514940482,9.908955918,2.587411114,0.796256623,31.8152978,9.965640684,0.378372602,0.314664038,11.08919704,0.547806334,10.5413907,0.112666969,0.093772047,3.474632133,0.171646827,3.302985306,0.862470371,0.265418874,10.60509927,3.321880228
SIPSEY,MUSSEL_MANIA,2019,S6,33.077933,-87.97775,1753.42195,60-80_6,Equilibrium,Amblemini,APLI,0,0,0,0,0,0,0,0,0,0,0,0,0,0,0,0,0,0,0,0,0,0,0,0,0,0,0,NA
SIPSEY,MUSSEL_MANIA,2019,S6,33.077933,-87.97775,1753.42195,60-80_6,Equilibrium,Pleurobemini,REBE,0,0,0,0,0,0,0,0,0,0,0,0,0,0,0,0,0,0,0,0,0,0,0,0,0,0,0,NA
SIPSEY,MUSSEL_MANIA,2019,S6,33.077933,-87.97775,1753.42195,60-80_6,Equilibrium,Quadrulini,QQUA,0,0,0,0,0,0,0,0,0,0,0,0,0,0,0,0,0,0,0,0,0,0,0,0,0,0,0,NA
SIPSEY,MUSSEL_MANIA,2019,S6,33.077933,-87.97775,1753.42195,60-80_6,Opportunistic,Lampsilini,TDON,0,0,0,0,0,0,0,0,0,0,0,0,0,0,0,0,0,0,0,0,0,0,0,0,0,0,0,NA
SIPSEY,MUSSEL_MANIA,2019,S6,33.077933,-87.97775,1753.42195,60-80_6,Equilibrium,Quadrulini,MNER,0,0,0,0,0,0,0,0,0,0,0,0,0,0,0,0,0,0,0,0,0,0,0,0,0,0,0,NA
SIPSEY,MUSSEL_MANIA,2019,S6,33.077933,-87.97775,1753.42195,60-80_6,Periodic,Lampsilini,LLIE,0,0,0,0,0,0,0,0,0,0,0,0,0,0,0,0,0,0,0,0,0,0,0,0,0,0,0,NA
SIPSEY,MUSSEL_MANIA,2019,S6,33.077933,-87.97775,1753.42195,60-80_6,Periodic,Lampsilini,ELIN,0,0,0,0,0,0,0,0,0,0,0,0,0,0,0,0,0,0,0,0,0,0,0,0,0,0,0,NA
SIPSEY,MUSSEL_MANIA,2019,S6,33.077933,-87.97775,1753.42195,60-80_6,Opportunistic,Lampsilini,PFRA,0,0,0,0,0,0,0,0,0,0,0,0,0,0,0,0,0,0,0,0,0,0,0,0,0,0,0,NA
SIPSEY,MUSSEL_MANIA,2019,S6,33.077933,-87.97775,1753.42195,60-80_6,Opportunistic,Lampsilini,LREC,0,0,0,0,0,0,0,0,0,0,0,0,0,0,0,0,0,0,0,0,0,0,0,0,0,0,0,NA
SIPSEY,MUSSEL_MANIA,2019,S6,33.077933,-87.97775,1753.42195,60-80_6,Periodic,Lampsilini,OARK,0,0,0,0,0,0,0,0,0,0,0,0,0,0,0,0,0,0,0,0,0,0,0,0,0,0,0,NA
SIPSEY,MUSSEL_MANIA,2019,S6,33.077933,-87.97775,1753.42195,60-80_6,Opportunistic,Lampsilini,PINF,0,0,0,0,0,0,0,0,0,0,0,0,0,0,0,0,0,0,0,0,0,0,0,0,0,0,0,NA
SIPSEY,MUSSEL_MANIA,2019,S6,33.077933,-87.97775,1753.42195,60-80_6,Equilibrium,Pleurobemini,PPER,0,0,0,0,0,0,0,0,0,0,0,0,0,0,0,0,0,0,0,0,0,0,0,0,0,0,0,NA
SIPSEY,MUSSEL_MANIA,2019,S6,33.077933,-87.97775,1753.42195,60-80_6,Opportunistic,Lampsilini,LTER,0,0,0,0,0,0,0,0,0,0,0,0,0,0,0,0,0,0,0,0,0,0,0,0,0,0,0,NA
SIPSEY,MUSSEL_MANIA,2019,S6,33.077933,-87.97775,1753.42195,60-80_6,Periodic,Alasmodontini,SSUB,0,0,0,0,0,0,0,0,0,0,0,0,0,0,0,0,0,0,0,0,0,0,0,0,0,0,0,NA
SIPSEY,MUSSEL_MANIA,2019,S6,33.077933,-87.97775,1753.42195,60-80_6,Opportunistic,Lampsilini,TPAR,0,0,0,0,0,0,0,0,0,0,0,0,0,0,0,0,0,0,0,0,0,0,0,0,0,0,0,NA
SIPSEY,MUSSEL_MANIA,2019,S6,33.077933,-87.97775,1753.42195,60-80_6,Opportunistic,Lampsilini,PPUR,0.067468177,0.046011901,0.412160569,0.025100579,0.38705999,0.067468177,0.046011901,0.412160569,0.025100579,0.38705999,0.071112479,0.071112479,0.408516266,0.408516266,0.022489392,0.0153373,0.137386856,0.00836686,0.129019997,0.022489392,0.0153373,0.137386856,0.00836686,0.129019997,0.02370416,0.02370416,0.136172089,0.136172089
SIPSEY,MUSSEL_MANIA,2019,S6,33.077933,-87.97775,1753.42195,60-80_6,Periodic,Lampsilini,HPER,0,0,0,0,0,0,0,0,0,0,0,0,0,0,0,0,0,0,0,0,0,0,0,0,0,0,0,NA
SIPSEY,MUSSEL_MANIA,2019,S6,33.077933,-87.97775,1753.42195,60-80_6,Periodic,Lampsilini,VVIB,0,0,0,0,0,0,0,0,0,0,0,0,0,0,0,0,0,0,0,0,0,0,0,0,0,0,0,NA
SIPSEY,MUSSEL_MANIA,2019,S6,33.077933,-87.97775,1753.42195,60-80_6,Periodic,Pleurobemini,ECRA,0,0,0,0,0,0,0,0,0,0,0,0,0,0,0,0,0,0,0,0,0,0,0,0,0,0,0,NA
SIPSEY,MUSSEL_MANIA,2019,S6,33.077933,-87.97775,1753.42195,60-80_6,Opportunistic,Lampsilini,TTRU,0,0,0,0,0,0,0,0,0,0,0,0,0,0,0,0,0,0,0,0,0,0,0,0,0,0,0,NA
SIPSEY,MUSSEL_MANIA,2019,S6,33.077933,-87.97775,1753.42195,60-80_6,NA,Lampsilini,LAMP,0,0,0,0,0,0,0,0,0,0,0,0,0,0,0,0,0,0,0,0,0,0,0,0,0,0,0,NA
SIPSEY,MUSSEL_MANIA,2019,S6,33.077933,-87.97775,1753.42195,60-80_6,Periodic,Anodontini,LCOM,0,0,0,0,0,0,0,0,0,0,0,0,0,0,0,0,0,0,0,0,0,0,0,0,0,0,0,NA
SIPSEY,WENDELL_2,2019,S7,33.041085,-88.035372,1882.921356,0-(-20)_13,NA,Corbicula,CFLU,0.029674457,0.022198726,1.053786829,0.030665197,1.023121632,0.017597525,0.01346551,0.659423246,0.019189216,0.640234029,0.052863923,0.032654727,1.030597363,0.644366044,0.014837229,0.011099363,0.526893414,0.015332598,0.511560816,0.008798763,0.006732755,0.329711623,0.009594608,0.320117015,0.026431961,0.016327363,0.515298682,0.322183022
SIPSEY,WENDELL_2,2019,S7,33.041085,-88.035372,1882.921356,0-(-20)_13,Equilibrium,Pleurobemini,FCER,0,0,0,0,0,0,0,0,0,0,0,0,0,0,0,0,0,0,0,0,0,0,0,0,0,0,0,NA
SIPSEY,WENDELL_2,2019,S7,33.041085,-88.035372,1882.921356,0-(-20)_13,Opportunistic,Lampsilini,LORN,2.250336276,1.762430102,19.37232346,2.241377824,17.13094563,0.437965618,0.311530775,6.122723309,0.708399087,5.414324222,4.003807926,1.019929862,17.61885181,5.540759065,1.125168138,0.881215051,9.686161729,1.120688912,8.565472817,0.218982809,0.155765387,3.061361655,0.354199543,2.707162111,2.001903963,0.509964931,8.809425904,2.770379533
SIPSEY,WENDELL_2,2019,S7,33.041085,-88.035372,1882.921356,0-(-20)_13,Periodic,Lampsilini,OREF,0.780457161,0.670687376,36.24476787,1.493284436,34.75148343,0.043556108,0.036553083,1.821469035,0.075044524,1.746424511,2.163971812,0.111597607,34.86125322,1.753427536,0.39022858,0.335343688,18.12238393,0.746642218,17.37574172,0.021778054,0.018276541,0.910734517,0.037522262,0.873212255,1.081985906,0.055798804,17.43062661,0.876713768
SIPSEY,WENDELL_2,2019,S7,33.041085,-88.035372,1882.921356,0-(-20)_13,Equilibrium,Pleurobemini,PDEC,8.665974264,7.168262762,475.8382861,26.02835425,449.8099318,0.849570017,0.698435695,46.52602669,2.54497366,43.98105303,33.19661701,3.243409355,451.3076433,44.13218735,4.332987132,3.584131381,237.919143,13.01417712,224.9049659,0.424785008,0.349217848,23.26301334,1.27248683,21.99052651,16.59830851,1.621704678,225.6538217,22.06609368
SIPSEY,WENDELL_2,2019,S7,33.041085,-88.035372,1882.921356,0-(-20)_13,Equilibrium,Quadrulini,PKIE,7.458841537,6.649555996,259.9677427,19.39359361,240.5741491,0.462577992,0.4122197,16.04370689,1.196860534,14.84684636,26.0431496,1.609080234,241.3834347,14.89720465,3.729420769,3.324777998,129.9838714,9.696796804,120.2870746,0.231288996,0.20610985,8.021853445,0.598430267,7.423423178,13.0215748,0.804540117,120.6917173,7.448602324
SIPSEY,WENDELL_2,2019,S7,33.041085,-88.035372,1882.921356,0-(-20)_13,Periodic,Lampsilini,LSTR,0,0,0,0,0,0,0,0,0,0,0,0,0,0,0,0,0,0,0,0,0,0,0,0,0,0,0,NA
SIPSEY,WENDELL_2,2019,S7,33.041085,-88.035372,1882.921356,0-(-20)_13,Periodic,Lampsilini,MACU,0.082828619,0.069004252,1.018362278,0.059981538,0.95838074,0.052145933,0.044556384,0.637675826,0.037559106,0.60011672,0.128985791,0.082115491,0.972205106,0.607706269,0.041414309,0.034502126,0.509181139,0.029990769,0.47919037,0.026072967,0.022278192,0.318837913,0.018779553,0.30005836,0.064492895,0.041057745,0.486102553,0.303853134
SIPSEY,WENDELL_2,2019,S7,33.041085,-88.035372,1882.921356,0-(-20)_13,Periodic,Lampsilini,OUNI,0.057304672,0.040850073,1.810919424,0.10811189,1.702807534,0.033972118,0.024798889,1.147581774,0.068510632,1.079071143,0.148961963,0.093309521,1.719262133,1.088244372,0.028652336,0.020425037,0.905459712,0.054055945,0.851403767,0.016986059,0.012399444,0.573790887,0.034255316,0.539535571,0.074480982,0.04665476,0.859631067,0.544122186
SIPSEY,WENDELL_2,2019,S7,33.041085,-88.035372,1882.921356,0-(-20)_13,Equilibrium,Quadrulini,QVER,0.020117458,0.005688894,0.678096429,0.041635121,0.636461308,0.020117458,0.005688894,0.678096429,0.041635121,0.636461308,0.047324015,0.047324015,0.650889872,0.650889872,0.010058729,0.002844447,0.339048214,0.02081756,0.318230654,0.010058729,0.002844447,0.339048214,0.02081756,0.318230654,0.023662007,0.023662007,0.325444936,0.325444936
SIPSEY,WENDELL_2,2019,S7,33.041085,-88.035372,1882.921356,0-(-20)_13,Periodic,Pleurobemini,EARC,1.206617667,1.005392507,39.57509619,1.955009752,37.62008643,0.055345649,0.046206436,2.027589118,0.100162902,1.927426216,2.960402259,0.146369339,37.82131159,1.936565428,0.603308833,0.502696254,19.78754809,0.977504876,18.81004322,0.027672824,0.023103218,1.013794559,0.050081451,0.963713108,1.480201129,0.073184669,18.9106558,0.968282714
SIPSEY,WENDELL_2,2019,S7,33.041085,-88.035372,1882.921356,0-(-20)_13,Equilibrium,Amblemini,APLI,0,0,0,0,0,0,0,0,0,0,0,0,0,0,0,0,0,0,0,0,0,0,0,0,0,0,0,NA
SIPSEY,WENDELL_2,2019,S7,33.041085,-88.035372,1882.921356,0-(-20)_13,Equilibrium,Pleurobemini,REBE,0,0,0,0,0,0,0,0,0,0,0,0,0,0,0,0,0,0,0,0,0,0,0,0,0,0,0,NA
SIPSEY,WENDELL_2,2019,S7,33.041085,-88.035372,1882.921356,0-(-20)_13,Equilibrium,Quadrulini,QQUA,0,0,0,0,0,0,0,0,0,0,0,0,0,0,0,0,0,0,0,0,0,0,0,0,0,0,0,NA
SIPSEY,WENDELL_2,2019,S7,33.041085,-88.035372,1882.921356,0-(-20)_13,Opportunistic,Lampsilini,TDON,0,0,0,0,0,0,0,0,0,0,0,0,0,0,0,0,0,0,0,0,0,0,0,0,0,0,0,NA
SIPSEY,WENDELL_2,2019,S7,33.041085,-88.035372,1882.921356,0-(-20)_13,Equilibrium,Quadrulini,MNER,0,0,0,0,0,0,0,0,0,0,0,0,0,0,0,0,0,0,0,0,0,0,0,0,0,0,0,NA
SIPSEY,WENDELL_2,2019,S7,33.041085,-88.035372,1882.921356,0-(-20)_13,Periodic,Lampsilini,LLIE,0,0,0,0,0,0,0,0,0,0,0,0,0,0,0,0,0,0,0,0,0,0,0,0,0,0,0,NA
SIPSEY,WENDELL_2,2019,S7,33.041085,-88.035372,1882.921356,0-(-20)_13,Periodic,Lampsilini,ELIN,0,0,0,0,0,0,0,0,0,0,0,0,0,0,0,0,0,0,0,0,0,0,0,0,0,0,0,NA
SIPSEY,WENDELL_2,2019,S7,33.041085,-88.035372,1882.921356,0-(-20)_13,Opportunistic,Lampsilini,PFRA,0,0,0,0,0,0,0,0,0,0,0,0,0,0,0,0,0,0,0,0,0,0,0,0,0,0,0,NA
SIPSEY,WENDELL_2,2019,S7,33.041085,-88.035372,1882.921356,0-(-20)_13,Opportunistic,Lampsilini,LREC,0,0,0,0,0,0,0,0,0,0,0,0,0,0,0,0,0,0,0,0,0,0,0,0,0,0,0,NA
SIPSEY,WENDELL_2,2019,S7,33.041085,-88.035372,1882.921356,0-(-20)_13,Periodic,Lampsilini,OARK,0,0,0,0,0,0,0,0,0,0,0,0,0,0,0,0,0,0,0,0,0,0,0,0,0,0,0,NA
SIPSEY,WENDELL_2,2019,S7,33.041085,-88.035372,1882.921356,0-(-20)_13,Opportunistic,Lampsilini,PINF,0,0,0,0,0,0,0,0,0,0,0,0,0,0,0,0,0,0,0,0,0,0,0,0,0,0,0,NA
SIPSEY,WENDELL_2,2019,S7,33.041085,-88.035372,1882.921356,0-(-20)_13,Equilibrium,Pleurobemini,PPER,0,0,0,0,0,0,0,0,0,0,0,0,0,0,0,0,0,0,0,0,0,0,0,0,0,0,0,NA
SIPSEY,WENDELL_2,2019,S7,33.041085,-88.035372,1882.921356,0-(-20)_13,Opportunistic,Lampsilini,LTER,0,0,0,0,0,0,0,0,0,0,0,0,0,0,0,0,0,0,0,0,0,0,0,0,0,0,0,NA
SIPSEY,WENDELL_2,2019,S7,33.041085,-88.035372,1882.921356,0-(-20)_13,Periodic,Alasmodontini,SSUB,0,0,0,0,0,0,0,0,0,0,0,0,0,0,0,0,0,0,0,0,0,0,0,0,0,0,0,NA
SIPSEY,WENDELL_2,2019,S7,33.041085,-88.035372,1882.921356,0-(-20)_13,Opportunistic,Lampsilini,TPAR,0,0,0,0,0,0,0,0,0,0,0,0,0,0,0,0,0,0,0,0,0,0,0,0,0,0,0,NA
SIPSEY,WENDELL_2,2019,S7,33.041085,-88.035372,1882.921356,0-(-20)_13,Opportunistic,Lampsilini,PPUR,0,0,0,0,0,0,0,0,0,0,0,0,0,0,0,0,0,0,0,0,0,0,0,0,0,0,0,NA
SIPSEY,WENDELL_2,2019,S7,33.041085,-88.035372,1882.921356,0-(-20)_13,Periodic,Lampsilini,HPER,0,0,0,0,0,0,0,0,0,0,0,0,0,0,0,0,0,0,0,0,0,0,0,0,0,0,0,NA
SIPSEY,WENDELL_2,2019,S7,33.041085,-88.035372,1882.921356,0-(-20)_13,Periodic,Lampsilini,VVIB,0,0,0,0,0,0,0,0,0,0,0,0,0,0,0,0,0,0,0,0,0,0,0,0,0,0,0,NA
SIPSEY,WENDELL_2,2019,S7,33.041085,-88.035372,1882.921356,0-(-20)_13,Periodic,Pleurobemini,ECRA,0,0,0,0,0,0,0,0,0,0,0,0,0,0,0,0,0,0,0,0,0,0,0,0,0,0,0,NA
SIPSEY,WENDELL_2,2019,S7,33.041085,-88.035372,1882.921356,0-(-20)_13,Opportunistic,Lampsilini,TTRU,0,0,0,0,0,0,0,0,0,0,0,0,0,0,0,0,0,0,0,0,0,0,0,0,0,0,0,NA
SIPSEY,WENDELL_2,2019,S7,33.041085,-88.035372,1882.921356,0-(-20)_13,NA,Lampsilini,LAMP,0,0,0,0,0,0,0,0,0,0,0,0,0,0,0,0,0,0,0,0,0,0,0,0,0,0,0,NA
SIPSEY,WENDELL_2,2019,S7,33.041085,-88.035372,1882.921356,0-(-20)_13,Periodic,Anodontini,LCOM,0,0,0,0,0,0,0,0,0,0,0,0,0,0,0,0,0,0,0,0,0,0,0,0,0,0,0,NA
SIPSEY,WENDELL_2,2019,S7,33.041085,-88.035372,1882.921356,0-(-20)_19,NA,Corbicula,CFLU,0.216883738,0.164854582,8.031719546,0.233723039,7.797996507,0.144422146,0.11245529,5.665538047,0.164867157,5.500670889,0.398577621,0.277322447,7.850025663,5.532637745,0.108441869,0.082427291,4.015859773,0.116861519,3.898998254,0.072211073,0.056227645,2.832769023,0.082433579,2.750335445,0.19928881,0.138661223,3.925012832,2.766318873
SIPSEY,WENDELL_2,2019,S7,33.041085,-88.035372,1882.921356,0-(-20)_19,Equilibrium,Pleurobemini,FCER,0.244344478,0.219403184,11.26586262,0.588078029,10.67778459,0.086051228,0.075001367,3.58590925,0.187184463,3.398724788,0.807481212,0.26218583,10.70272588,3.409774648,0.122172239,0.109701592,5.632931309,0.294039014,5.338892295,0.043025614,0.037500684,1.792954625,0.093592231,1.699362394,0.403740606,0.131092915,5.351362942,1.704887324
SIPSEY,WENDELL_2,2019,S7,33.041085,-88.035372,1882.921356,0-(-20)_19,Opportunistic,Lampsilini,LORN,0.052945296,0.065659251,0.016571494,0.001917322,0.014654172,0.052945296,0.065659251,0.016571494,0.001917322,0.014654172,0.067576573,0.067576573,0.001940218,0.001940218,0.026472648,0.032829625,0.008285747,0.000958661,0.007327086,0.026472648,0.032829625,0.008285747,0.000958661,0.007327086,0.033788286,0.033788286,0.000970109,0.000970109
SIPSEY,WENDELL_2,2019,S7,33.041085,-88.035372,1882.921356,0-(-20)_19,Periodic,Lampsilini,OREF,0,0,0,0,0,0,0,0,0,0,0,0,0,0,0,0,0,0,0,0,0,0,0,0,0,0,0,NA
SIPSEY,WENDELL_2,2019,S7,33.041085,-88.035372,1882.921356,0-(-20)_19,Equilibrium,Pleurobemini,PDEC,3.680236548,3.049373905,202.2252544,11.06172142,191.163533,0.459806173,0.378879186,25.20593859,1.378764841,23.82717375,14.11109532,1.757644027,191.7943957,23.90810074,1.840118274,1.524686953,101.1126272,5.530860709,95.58176651,0.229903087,0.189439593,12.6029693,0.689382421,11.91358688,7.055547662,0.878822013,95.89719784,11.95405037
SIPSEY,WENDELL_2,2019,S7,33.041085,-88.035372,1882.921356,0-(-20)_19,Equilibrium,Quadrulini,PKIE,2.997308539,2.680306447,100.1930193,7.474399241,92.71862008,0.057061296,0.051352167,1.739271723,0.129749671,1.609522053,10.15470569,0.181101837,93.03562217,1.615231182,1.49865427,1.340153223,50.09650966,3.737199621,46.35931004,0.028530648,0.025676083,0.869635862,0.064874835,0.804761026,5.077352844,0.090550919,46.51781109,0.807615591
SIPSEY,WENDELL_2,2019,S7,33.041085,-88.035372,1882.921356,0-(-20)_19,Periodic,Lampsilini,LSTR,0,0,0,0,0,0,0,0,0,0,0,0,0,0,0,0,0,0,0,0,0,0,0,0,0,0,0,NA
SIPSEY,WENDELL_2,2019,S7,33.041085,-88.035372,1882.921356,0-(-20)_19,Periodic,Lampsilini,MACU,0.148948388,0.1227102,1.835305931,0.108099519,1.727206412,0.109199153,0.092405047,1.337751455,0.078793561,1.258957894,0.230809719,0.171198607,1.7534446,1.275752,0.074474194,0.0613551,0.917652966,0.05404976,0.863603206,0.054599576,0.046202523,0.668875728,0.03939678,0.629478947,0.11540486,0.085599304,0.8767223,0.637876
SIPSEY,WENDELL_2,2019,S7,33.041085,-88.035372,1882.921356,0-(-20)_19,Periodic,Lampsilini,OUNI,0.203608449,0.150656466,7.201163808,0.429909479,6.771254329,0.079199573,0.059739636,2.962148051,0.176840239,2.785307812,0.580565946,0.236579874,6.824206312,2.804767749,0.101804225,0.075328233,3.600581904,0.21495474,3.385627164,0.039599786,0.029869818,1.481074025,0.088420119,1.392653906,0.290282973,0.118289937,3.412103156,1.402383874
SIPSEY,WENDELL_2,2019,S7,33.041085,-88.035372,1882.921356,0-(-20)_19,Equilibrium,Quadrulini,QVER,0,0,0,0,0,0,0,0,0,0,0,0,0,0,0,0,0,0,0,0,0,0,0,0,0,0,0,NA
SIPSEY,WENDELL_2,2019,S7,33.041085,-88.035372,1882.921356,0-(-20)_19,Periodic,Pleurobemini,EARC,0.941995569,0.784443755,29.87868578,1.476007078,28.40267871,0.10940262,0.091218602,3.761177622,0.185802175,3.575375447,2.260450833,0.277020777,28.56023052,3.593559465,0.470997784,0.392221877,14.93934289,0.738003539,14.20133935,0.05470131,0.045609301,1.880588811,0.092901087,1.787687724,1.130225416,0.138510388,14.28011526,1.796779733
SIPSEY,WENDELL_2,2019,S7,33.041085,-88.035372,1882.921356,0-(-20)_19,Equilibrium,Amblemini,APLI,0,0,0,0,0,0,0,0,0,0,0,0,0,0,0,0,0,0,0,0,0,0,0,0,0,0,0,NA
SIPSEY,WENDELL_2,2019,S7,33.041085,-88.035372,1882.921356,0-(-20)_19,Equilibrium,Pleurobemini,REBE,0,0,0,0,0,0,0,0,0,0,0,0,0,0,0,0,0,0,0,0,0,0,0,0,0,0,0,NA
SIPSEY,WENDELL_2,2019,S7,33.041085,-88.035372,1882.921356,0-(-20)_19,Equilibrium,Quadrulini,QQUA,0,0,0,0,0,0,0,0,0,0,0,0,0,0,0,0,0,0,0,0,0,0,0,0,0,0,0,NA
SIPSEY,WENDELL_2,2019,S7,33.041085,-88.035372,1882.921356,0-(-20)_19,Opportunistic,Lampsilini,TDON,0,0,0,0,0,0,0,0,0,0,0,0,0,0,0,0,0,0,0,0,0,0,0,0,0,0,0,NA
SIPSEY,WENDELL_2,2019,S7,33.041085,-88.035372,1882.921356,0-(-20)_19,Equilibrium,Quadrulini,MNER,0,0,0,0,0,0,0,0,0,0,0,0,0,0,0,0,0,0,0,0,0,0,0,0,0,0,0,NA
SIPSEY,WENDELL_2,2019,S7,33.041085,-88.035372,1882.921356,0-(-20)_19,Periodic,Lampsilini,LLIE,0,0,0,0,0,0,0,0,0,0,0,0,0,0,0,0,0,0,0,0,0,0,0,0,0,0,0,NA
SIPSEY,WENDELL_2,2019,S7,33.041085,-88.035372,1882.921356,0-(-20)_19,Periodic,Lampsilini,ELIN,0,0,0,0,0,0,0,0,0,0,0,0,0,0,0,0,0,0,0,0,0,0,0,0,0,0,0,NA
SIPSEY,WENDELL_2,2019,S7,33.041085,-88.035372,1882.921356,0-(-20)_19,Opportunistic,Lampsilini,PFRA,0,0,0,0,0,0,0,0,0,0,0,0,0,0,0,0,0,0,0,0,0,0,0,0,0,0,0,NA
SIPSEY,WENDELL_2,2019,S7,33.041085,-88.035372,1882.921356,0-(-20)_19,Opportunistic,Lampsilini,LREC,0,0,0,0,0,0,0,0,0,0,0,0,0,0,0,0,0,0,0,0,0,0,0,0,0,0,0,NA
SIPSEY,WENDELL_2,2019,S7,33.041085,-88.035372,1882.921356,0-(-20)_19,Periodic,Lampsilini,OARK,0,0,0,0,0,0,0,0,0,0,0,0,0,0,0,0,0,0,0,0,0,0,0,0,0,0,0,NA
SIPSEY,WENDELL_2,2019,S7,33.041085,-88.035372,1882.921356,0-(-20)_19,Opportunistic,Lampsilini,PINF,0,0,0,0,0,0,0,0,0,0,0,0,0,0,0,0,0,0,0,0,0,0,0,0,0,0,0,NA
SIPSEY,WENDELL_2,2019,S7,33.041085,-88.035372,1882.921356,0-(-20)_19,Equilibrium,Pleurobemini,PPER,0,0,0,0,0,0,0,0,0,0,0,0,0,0,0,0,0,0,0,0,0,0,0,0,0,0,0,NA
SIPSEY,WENDELL_2,2019,S7,33.041085,-88.035372,1882.921356,0-(-20)_19,Opportunistic,Lampsilini,LTER,0,0,0,0,0,0,0,0,0,0,0,0,0,0,0,0,0,0,0,0,0,0,0,0,0,0,0,NA
SIPSEY,WENDELL_2,2019,S7,33.041085,-88.035372,1882.921356,0-(-20)_19,Periodic,Alasmodontini,SSUB,0,0,0,0,0,0,0,0,0,0,0,0,0,0,0,0,0,0,0,0,0,0,0,0,0,0,0,NA
SIPSEY,WENDELL_2,2019,S7,33.041085,-88.035372,1882.921356,0-(-20)_19,Opportunistic,Lampsilini,TPAR,0,0,0,0,0,0,0,0,0,0,0,0,0,0,0,0,0,0,0,0,0,0,0,0,0,0,0,NA
SIPSEY,WENDELL_2,2019,S7,33.041085,-88.035372,1882.921356,0-(-20)_19,Opportunistic,Lampsilini,PPUR,0,0,0,0,0,0,0,0,0,0,0,0,0,0,0,0,0,0,0,0,0,0,0,0,0,0,0,NA
SIPSEY,WENDELL_2,2019,S7,33.041085,-88.035372,1882.921356,0-(-20)_19,Periodic,Lampsilini,HPER,0,0,0,0,0,0,0,0,0,0,0,0,0,0,0,0,0,0,0,0,0,0,0,0,0,0,0,NA
SIPSEY,WENDELL_2,2019,S7,33.041085,-88.035372,1882.921356,0-(-20)_19,Periodic,Lampsilini,VVIB,0,0,0,0,0,0,0,0,0,0,0,0,0,0,0,0,0,0,0,0,0,0,0,0,0,0,0,NA
SIPSEY,WENDELL_2,2019,S7,33.041085,-88.035372,1882.921356,0-(-20)_19,Periodic,Pleurobemini,ECRA,0,0,0,0,0,0,0,0,0,0,0,0,0,0,0,0,0,0,0,0,0,0,0,0,0,0,0,NA
SIPSEY,WENDELL_2,2019,S7,33.041085,-88.035372,1882.921356,0-(-20)_19,Opportunistic,Lampsilini,TTRU,0,0,0,0,0,0,0,0,0,0,0,0,0,0,0,0,0,0,0,0,0,0,0,0,0,0,0,NA
SIPSEY,WENDELL_2,2019,S7,33.041085,-88.035372,1882.921356,0-(-20)_19,NA,Lampsilini,LAMP,0,0,0,0,0,0,0,0,0,0,0,0,0,0,0,0,0,0,0,0,0,0,0,0,0,0,0,NA
SIPSEY,WENDELL_2,2019,S7,33.041085,-88.035372,1882.921356,0-(-20)_19,Periodic,Anodontini,LCOM,0,0,0,0,0,0,0,0,0,0,0,0,0,0,0,0,0,0,0,0,0,0,0,0,0,0,0,NA
SIPSEY,WENDELL_2,2019,S7,33.041085,-88.035372,1882.921356,0-(-20)_3,NA,Corbicula,CFLU,0.054877396,0.040795651,1.941541802,0.056498866,1.885042936,0.042800464,0.032062436,1.547178219,0.045022886,1.502155333,0.097294518,0.077085322,1.89912468,1.51289336,0.024389954,0.018131401,0.862907468,0.025110607,0.83779686,0.019022428,0.014249972,0.687634764,0.020010172,0.667624592,0.043242008,0.034260143,0.844055413,0.672397049
SIPSEY,WENDELL_2,2019,S7,33.041085,-88.035372,1882.921356,0-(-20)_3,Equilibrium,Pleurobemini,FCER,0.887192215,0.760068551,35.15886842,1.835292931,33.32357549,0.047973971,0.039642096,1.683419932,0.08787452,1.595545412,2.595361483,0.127516616,33.45069915,1.603877287,0.394307651,0.337808245,15.62616374,0.815685747,14.81047799,0.021321765,0.017618709,0.748186637,0.039055342,0.709131294,1.153493992,0.056674052,14.8669774,0.71283435
SIPSEY,WENDELL_2,2019,S7,33.041085,-88.035372,1882.921356,0-(-20)_3,Opportunistic,Lampsilini,LORN,4.21234895,3.095971314,58.21723472,6.735734058,51.48150067,0,0,0,0,0,9.831705371,0,52.5978783,0,1.872155089,1.37598725,25.87432654,2.993659581,22.88066696,0,0,0,0,0,4.369646832,0,23.3768348,0
SIPSEY,WENDELL_2,2019,S7,33.041085,-88.035372,1882.921356,0-(-20)_3,Periodic,Lampsilini,OREF,0.389836432,0.34065771,19.43420652,0.800689309,18.63351721,0.083704716,0.071582437,3.791442491,0.156207431,3.63523506,1.141347018,0.227789868,18.68269594,3.647357339,0.173260637,0.151403427,8.637425121,0.355861915,8.281563206,0.037202096,0.031814417,1.685085552,0.069425525,1.615660027,0.507265342,0.101239941,8.303420416,1.621047706
SIPSEY,WENDELL_2,2019,S7,33.041085,-88.035372,1882.921356,0-(-20)_3,Equilibrium,Pleurobemini,PDEC,5.05351177,4.17450452,277.3217643,15.16950051,262.1522638,0.386502292,0.316665265,21.13545062,1.156109149,19.97934147,19.34400503,1.472774414,263.0312711,20.0491785,2.246005231,1.855335342,123.2541175,6.742000226,116.5121172,0.171778796,0.140740118,9.393533608,0.513826288,8.87970732,8.597335568,0.654566406,116.9027871,8.910745998
SIPSEY,WENDELL_2,2019,S7,33.041085,-88.035372,1882.921356,0-(-20)_3,Equilibrium,Quadrulini,PKIE,2.64141758,2.340472136,99.10242432,7.393040855,91.70938347,0.367937937,0.329135402,12.10681845,0.903168657,11.2036498,9.733512991,1.232304058,92.01032891,11.24245233,1.173963369,1.040209838,44.04552192,3.285795935,40.75972599,0.163527972,0.146282401,5.380808202,0.401408292,4.97939991,4.326005774,0.547690693,40.89347952,4.996645481
SIPSEY,WENDELL_2,2019,S7,33.041085,-88.035372,1882.921356,0-(-20)_3,Periodic,Lampsilini,LSTR,0,0,0,0,0,0,0,0,0,0,0,0,0,0,0,0,0,0,0,0,0,0,0,0,0,0,0,NA
SIPSEY,WENDELL_2,2019,S7,33.041085,-88.035372,1882.921356,0-(-20)_3,Periodic,Lampsilini,MACU,0.060175723,0.048474581,0.744954304,0.043877809,0.701076496,0.049321888,0.04037877,0.608496797,0.035840461,0.572656336,0.09235239,0.076219232,0.712777638,0.581599453,0.026744766,0.021544258,0.331090802,0.019501248,0.311589554,0.021920839,0.01794612,0.270443021,0.015929094,0.254513927,0.041045507,0.033875214,0.316790061,0.258488646
SIPSEY,WENDELL_2,2019,S7,33.041085,-88.035372,1882.921356,0-(-20)_3,Periodic,Lampsilini,OUNI,0.464413951,0.35002332,17.31899787,1.033944173,16.28505369,0.134455013,0.104637039,5.492538336,0.327904539,5.164633797,1.383967493,0.432541577,16.39944432,5.194451772,0.2064062,0.15556592,7.697332385,0.459530743,7.237801641,0.059757784,0.046505351,2.441128149,0.145735351,2.295392799,0.615096663,0.192240701,7.288641922,2.308645232
SIPSEY,WENDELL_2,2019,S7,33.041085,-88.035372,1882.921356,0-(-20)_3,Equilibrium,Quadrulini,QVER,0.464154861,0.257483269,14.72367191,0.904033455,13.81963846,0.231928241,0.146455352,7.25776782,0.445626944,6.812140876,1.161516725,0.592082297,14.02631005,6.897613765,0.206291049,0.114437009,6.543854184,0.401792647,6.142061537,0.103079218,0.065091268,3.225674587,0.19805642,3.027618167,0.516229655,0.263147687,6.233915578,3.065606118
SIPSEY,WENDELL_2,2019,S7,33.041085,-88.035372,1882.921356,0-(-20)_3,Periodic,Pleurobemini,EARC,0,0,0,0,0,0,0,0,0,0,0,0,0,0,0,0,0,0,0,0,0,0,0,0,0,0,0,NA
SIPSEY,WENDELL_2,2019,S7,33.041085,-88.035372,1882.921356,0-(-20)_3,Equilibrium,Amblemini,APLI,0,0,0,0,0,0,0,0,0,0,0,0,0,0,0,0,0,0,0,0,0,0,0,0,0,0,0,NA
SIPSEY,WENDELL_2,2019,S7,33.041085,-88.035372,1882.921356,0-(-20)_3,Equilibrium,Pleurobemini,REBE,0,0,0,0,0,0,0,0,0,0,0,0,0,0,0,0,0,0,0,0,0,0,0,0,0,0,0,NA
SIPSEY,WENDELL_2,2019,S7,33.041085,-88.035372,1882.921356,0-(-20)_3,Equilibrium,Quadrulini,QQUA,0,0,0,0,0,0,0,0,0,0,0,0,0,0,0,0,0,0,0,0,0,0,0,0,0,0,0,NA
SIPSEY,WENDELL_2,2019,S7,33.041085,-88.035372,1882.921356,0-(-20)_3,Opportunistic,Lampsilini,TDON,0,0,0,0,0,0,0,0,0,0,0,0,0,0,0,0,0,0,0,0,0,0,0,0,0,0,0,NA
SIPSEY,WENDELL_2,2019,S7,33.041085,-88.035372,1882.921356,0-(-20)_3,Equilibrium,Quadrulini,MNER,0,0,0,0,0,0,0,0,0,0,0,0,0,0,0,0,0,0,0,0,0,0,0,0,0,0,0,NA
SIPSEY,WENDELL_2,2019,S7,33.041085,-88.035372,1882.921356,0-(-20)_3,Periodic,Lampsilini,LLIE,0,0,0,0,0,0,0,0,0,0,0,0,0,0,0,0,0,0,0,0,0,0,0,0,0,0,0,NA
SIPSEY,WENDELL_2,2019,S7,33.041085,-88.035372,1882.921356,0-(-20)_3,Periodic,Lampsilini,ELIN,0,0,0,0,0,0,0,0,0,0,0,0,0,0,0,0,0,0,0,0,0,0,0,0,0,0,0,NA
SIPSEY,WENDELL_2,2019,S7,33.041085,-88.035372,1882.921356,0-(-20)_3,Opportunistic,Lampsilini,PFRA,0,0,0,0,0,0,0,0,0,0,0,0,0,0,0,0,0,0,0,0,0,0,0,0,0,0,0,NA
SIPSEY,WENDELL_2,2019,S7,33.041085,-88.035372,1882.921356,0-(-20)_3,Opportunistic,Lampsilini,LREC,0,0,0,0,0,0,0,0,0,0,0,0,0,0,0,0,0,0,0,0,0,0,0,0,0,0,0,NA
SIPSEY,WENDELL_2,2019,S7,33.041085,-88.035372,1882.921356,0-(-20)_3,Periodic,Lampsilini,OARK,0,0,0,0,0,0,0,0,0,0,0,0,0,0,0,0,0,0,0,0,0,0,0,0,0,0,0,NA
SIPSEY,WENDELL_2,2019,S7,33.041085,-88.035372,1882.921356,0-(-20)_3,Opportunistic,Lampsilini,PINF,0.002047777,0.001720542,0.020592361,0.001254075,0.019338286,0.002047777,0.001720542,0.020592361,0.001254075,0.019338286,0.002974617,0.002974617,0.019665521,0.019665521,0.000910123,0.000764685,0.00915216,0.000557367,0.008594794,0.000910123,0.000764685,0.00915216,0.000557367,0.008594794,0.001322052,0.001322052,0.008740231,0.008740231
SIPSEY,WENDELL_2,2019,S7,33.041085,-88.035372,1882.921356,0-(-20)_3,Equilibrium,Pleurobemini,PPER,0,0,0,0,0,0,0,0,0,0,0,0,0,0,0,0,0,0,0,0,0,0,0,0,0,0,0,NA
SIPSEY,WENDELL_2,2019,S7,33.041085,-88.035372,1882.921356,0-(-20)_3,Opportunistic,Lampsilini,LTER,0,0,0,0,0,0,0,0,0,0,0,0,0,0,0,0,0,0,0,0,0,0,0,0,0,0,0,NA
SIPSEY,WENDELL_2,2019,S7,33.041085,-88.035372,1882.921356,0-(-20)_3,Periodic,Alasmodontini,SSUB,0,0,0,0,0,0,0,0,0,0,0,0,0,0,0,0,0,0,0,0,0,0,0,0,0,0,0,NA
SIPSEY,WENDELL_2,2019,S7,33.041085,-88.035372,1882.921356,0-(-20)_3,Opportunistic,Lampsilini,TPAR,0,0,0,0,0,0,0,0,0,0,0,0,0,0,0,0,0,0,0,0,0,0,0,0,0,0,0,NA
SIPSEY,WENDELL_2,2019,S7,33.041085,-88.035372,1882.921356,0-(-20)_3,Opportunistic,Lampsilini,PPUR,0,0,0,0,0,0,0,0,0,0,0,0,0,0,0,0,0,0,0,0,0,0,0,0,0,0,0,NA
SIPSEY,WENDELL_2,2019,S7,33.041085,-88.035372,1882.921356,0-(-20)_3,Periodic,Lampsilini,HPER,0,0,0,0,0,0,0,0,0,0,0,0,0,0,0,0,0,0,0,0,0,0,0,0,0,0,0,NA
SIPSEY,WENDELL_2,2019,S7,33.041085,-88.035372,1882.921356,0-(-20)_3,Periodic,Lampsilini,VVIB,0,0,0,0,0,0,0,0,0,0,0,0,0,0,0,0,0,0,0,0,0,0,0,0,0,0,0,NA
SIPSEY,WENDELL_2,2019,S7,33.041085,-88.035372,1882.921356,0-(-20)_3,Periodic,Pleurobemini,ECRA,0,0,0,0,0,0,0,0,0,0,0,0,0,0,0,0,0,0,0,0,0,0,0,0,0,0,0,NA
SIPSEY,WENDELL_2,2019,S7,33.041085,-88.035372,1882.921356,0-(-20)_3,Opportunistic,Lampsilini,TTRU,0,0,0,0,0,0,0,0,0,0,0,0,0,0,0,0,0,0,0,0,0,0,0,0,0,0,0,NA
SIPSEY,WENDELL_2,2019,S7,33.041085,-88.035372,1882.921356,0-(-20)_3,NA,Lampsilini,LAMP,0,0,0,0,0,0,0,0,0,0,0,0,0,0,0,0,0,0,0,0,0,0,0,0,0,0,0,NA
SIPSEY,WENDELL_2,2019,S7,33.041085,-88.035372,1882.921356,0-(-20)_3,Periodic,Anodontini,LCOM,0,0,0,0,0,0,0,0,0,0,0,0,0,0,0,0,0,0,0,0,0,0,0,0,0,0,0,NA
SIPSEY,WENDELL_2,2019,S7,33.041085,-88.035372,1882.921356,0-(-20)_9,NA,Corbicula,CFLU,0.011627774,0.007795478,0.31717773,0.009229872,0.307947858,0.011627774,0.007795478,0.31717773,0.009229872,0.307947858,0.01702535,0.01702535,0.311780154,0.311780154,0.004651109,0.003118191,0.126871092,0.003691949,0.123179143,0.004651109,0.003118191,0.126871092,0.003691949,0.123179143,0.00681014,0.00681014,0.124712061,0.124712061
SIPSEY,WENDELL_2,2019,S7,33.041085,-88.035372,1882.921356,0-(-20)_9,Equilibrium,Pleurobemini,FCER,0,0,0,0,0,0,0,0,0,0,0,0,0,0,0,0,0,0,0,0,0,0,0,0,0,0,0,NA
SIPSEY,WENDELL_2,2019,S7,33.041085,-88.035372,1882.921356,0-(-20)_9,Opportunistic,Lampsilini,LORN,4.681450998,3.413295273,69.70694985,8.065094098,61.64185575,0.013940359,0.018276339,0.002582229,0.000298764,0.002283465,11.47838937,0.018575103,62.91001148,-0.002052515,1.872580399,1.365318109,27.88277994,3.226037639,24.6567423,0.005576144,0.007310536,0.001032892,0.000119506,0.000913386,4.591355748,0.007430041,25.16400459,-0.000821006
SIPSEY,WENDELL_2,2019,S7,33.041085,-88.035372,1882.921356,0-(-20)_9,Periodic,Lampsilini,OREF,1.058519316,0.902984903,47.6517056,1.963250271,45.68845533,0,0,0,0,0,2.866235174,0,45.84398974,0,0.423407726,0.361193961,19.06068224,0.785300108,18.27538213,0,0,0,0,0,1.146494069,0,18.3375959,0
SIPSEY,WENDELL_2,2019,S7,33.041085,-88.035372,1882.921356,0-(-20)_9,Equilibrium,Pleurobemini,PDEC,1.815322522,1.503927664,99.74394186,5.45599362,94.28794824,0.222943572,0.183962091,12.22866233,0.66890783,11.5597545,6.959921284,0.852869921,94.5993431,11.59873599,0.726129009,0.601571066,39.89757674,2.182397448,37.7151793,0.089177429,0.073584836,4.891464934,0.267563132,4.623901802,2.783968514,0.341147968,37.83973724,4.639494394
SIPSEY,WENDELL_2,2019,S7,33.041085,-88.035372,1882.921356,0-(-20)_9,Equilibrium,Quadrulini,PKIE,2.136387068,1.889912688,81.9058166,6.110173919,75.79564269,0.363018317,0.323663237,12.47762451,0.930830789,11.54679372,8.000086606,1.254494026,76.04211707,11.5861488,0.854554827,0.755965075,32.76232664,2.444069567,30.31825707,0.145207327,0.129465295,4.991049805,0.372332315,4.618717489,3.200034643,0.50179761,30.41684683,4.634459521
SIPSEY,WENDELL_2,2019,S7,33.041085,-88.035372,1882.921356,0-(-20)_9,Periodic,Lampsilini,LSTR,0,0,0,0,0,0,0,0,0,0,0,0,0,0,0,0,0,0,0,0,0,0,0,0,0,0,0,NA
SIPSEY,WENDELL_2,2019,S7,33.041085,-88.035372,1882.921356,0-(-20)_9,Periodic,Lampsilini,MACU,0.193826922,0.167582357,2.365866443,0.139349533,2.226516909,0.054675855,0.045661472,0.671770163,0.039567263,0.632202901,0.306931891,0.085228735,2.252761475,0.641217284,0.077530769,0.067032943,0.946346577,0.055739813,0.890606764,0.021870342,0.018264589,0.268708065,0.015826905,0.25288116,0.122772756,0.034091494,0.90110459,0.256486913
SIPSEY,WENDELL_2,2019,S7,33.041085,-88.035372,1882.921356,0-(-20)_9,Periodic,Lampsilini,OUNI,1.795242655,1.382020436,71.37806496,4.261270478,67.11679448,0.327473593,0.257751018,13.87762374,0.828494137,13.0491296,5.643290914,1.086245155,67.5300167,13.11885218,0.718097062,0.552808175,28.55122598,1.704508191,26.84671779,0.130989437,0.103100407,5.551049497,0.331397655,5.219651842,2.257316366,0.434498062,27.01200668,5.247540872
SIPSEY,WENDELL_2,2019,S7,33.041085,-88.035372,1882.921356,0-(-20)_9,Equilibrium,Quadrulini,QVER,0,0,0,0,0,0,0,0,0,0,0,0,0,0,0,0,0,0,0,0,0,0,0,0,0,0,0,NA
SIPSEY,WENDELL_2,2019,S7,33.041085,-88.035372,1882.921356,0-(-20)_9,Periodic,Pleurobemini,EARC,0,0,0,0,0,0,0,0,0,0,0,0,0,0,0,0,0,0,0,0,0,0,0,0,0,0,0,NA
SIPSEY,WENDELL_2,2019,S7,33.041085,-88.035372,1882.921356,0-(-20)_9,Equilibrium,Amblemini,APLI,0,0,0,0,0,0,0,0,0,0,0,0,0,0,0,0,0,0,0,0,0,0,0,0,0,0,0,NA
SIPSEY,WENDELL_2,2019,S7,33.041085,-88.035372,1882.921356,0-(-20)_9,Equilibrium,Pleurobemini,REBE,0,0,0,0,0,0,0,0,0,0,0,0,0,0,0,0,0,0,0,0,0,0,0,0,0,0,0,NA
SIPSEY,WENDELL_2,2019,S7,33.041085,-88.035372,1882.921356,0-(-20)_9,Equilibrium,Quadrulini,QQUA,0,0,0,0,0,0,0,0,0,0,0,0,0,0,0,0,0,0,0,0,0,0,0,0,0,0,0,NA
SIPSEY,WENDELL_2,2019,S7,33.041085,-88.035372,1882.921356,0-(-20)_9,Opportunistic,Lampsilini,TDON,0,0,0,0,0,0,0,0,0,0,0,0,0,0,0,0,0,0,0,0,0,0,0,0,0,0,0,NA
SIPSEY,WENDELL_2,2019,S7,33.041085,-88.035372,1882.921356,0-(-20)_9,Equilibrium,Quadrulini,MNER,0,0,0,0,0,0,0,0,0,0,0,0,0,0,0,0,0,0,0,0,0,0,0,0,0,0,0,NA
SIPSEY,WENDELL_2,2019,S7,33.041085,-88.035372,1882.921356,0-(-20)_9,Periodic,Lampsilini,LLIE,0,0,0,0,0,0,0,0,0,0,0,0,0,0,0,0,0,0,0,0,0,0,0,0,0,0,0,NA
SIPSEY,WENDELL_2,2019,S7,33.041085,-88.035372,1882.921356,0-(-20)_9,Periodic,Lampsilini,ELIN,0,0,0,0,0,0,0,0,0,0,0,0,0,0,0,0,0,0,0,0,0,0,0,0,0,0,0,NA
SIPSEY,WENDELL_2,2019,S7,33.041085,-88.035372,1882.921356,0-(-20)_9,Opportunistic,Lampsilini,PFRA,0,0,0,0,0,0,0,0,0,0,0,0,0,0,0,0,0,0,0,0,0,0,0,0,0,0,0,NA
SIPSEY,WENDELL_2,2019,S7,33.041085,-88.035372,1882.921356,0-(-20)_9,Opportunistic,Lampsilini,LREC,0,0,0,0,0,0,0,0,0,0,0,0,0,0,0,0,0,0,0,0,0,0,0,0,0,0,0,NA
SIPSEY,WENDELL_2,2019,S7,33.041085,-88.035372,1882.921356,0-(-20)_9,Periodic,Lampsilini,OARK,0,0,0,0,0,0,0,0,0,0,0,0,0,0,0,0,0,0,0,0,0,0,0,0,0,0,0,NA
SIPSEY,WENDELL_2,2019,S7,33.041085,-88.035372,1882.921356,0-(-20)_9,Opportunistic,Lampsilini,PINF,0,0,0,0,0,0,0,0,0,0,0,0,0,0,0,0,0,0,0,0,0,0,0,0,0,0,0,NA
SIPSEY,WENDELL_2,2019,S7,33.041085,-88.035372,1882.921356,0-(-20)_9,Equilibrium,Pleurobemini,PPER,0,0,0,0,0,0,0,0,0,0,0,0,0,0,0,0,0,0,0,0,0,0,0,0,0,0,0,NA
SIPSEY,WENDELL_2,2019,S7,33.041085,-88.035372,1882.921356,0-(-20)_9,Opportunistic,Lampsilini,LTER,0,0,0,0,0,0,0,0,0,0,0,0,0,0,0,0,0,0,0,0,0,0,0,0,0,0,0,NA
SIPSEY,WENDELL_2,2019,S7,33.041085,-88.035372,1882.921356,0-(-20)_9,Periodic,Alasmodontini,SSUB,0,0,0,0,0,0,0,0,0,0,0,0,0,0,0,0,0,0,0,0,0,0,0,0,0,0,0,NA
SIPSEY,WENDELL_2,2019,S7,33.041085,-88.035372,1882.921356,0-(-20)_9,Opportunistic,Lampsilini,TPAR,0,0,0,0,0,0,0,0,0,0,0,0,0,0,0,0,0,0,0,0,0,0,0,0,0,0,0,NA
SIPSEY,WENDELL_2,2019,S7,33.041085,-88.035372,1882.921356,0-(-20)_9,Opportunistic,Lampsilini,PPUR,0.137581798,0.100141702,1.00777259,0.061373351,0.946399239,0.137581798,0.100141702,1.00777259,0.061373351,0.946399239,0.161515053,0.161515053,0.983839335,0.983839335,0.055032719,0.040056681,0.403109036,0.02454934,0.378559696,0.055032719,0.040056681,0.403109036,0.02454934,0.378559696,0.064606021,0.064606021,0.393535734,0.393535734
SIPSEY,WENDELL_2,2019,S7,33.041085,-88.035372,1882.921356,0-(-20)_9,Periodic,Lampsilini,HPER,0,0,0,0,0,0,0,0,0,0,0,0,0,0,0,0,0,0,0,0,0,0,0,0,0,0,0,NA
SIPSEY,WENDELL_2,2019,S7,33.041085,-88.035372,1882.921356,0-(-20)_9,Periodic,Lampsilini,VVIB,0,0,0,0,0,0,0,0,0,0,0,0,0,0,0,0,0,0,0,0,0,0,0,0,0,0,0,NA
SIPSEY,WENDELL_2,2019,S7,33.041085,-88.035372,1882.921356,0-(-20)_9,Periodic,Pleurobemini,ECRA,0,0,0,0,0,0,0,0,0,0,0,0,0,0,0,0,0,0,0,0,0,0,0,0,0,0,0,NA
SIPSEY,WENDELL_2,2019,S7,33.041085,-88.035372,1882.921356,0-(-20)_9,Opportunistic,Lampsilini,TTRU,0,0,0,0,0,0,0,0,0,0,0,0,0,0,0,0,0,0,0,0,0,0,0,0,0,0,0,NA
SIPSEY,WENDELL_2,2019,S7,33.041085,-88.035372,1882.921356,0-(-20)_9,NA,Lampsilini,LAMP,0,0,0,0,0,0,0,0,0,0,0,0,0,0,0,0,0,0,0,0,0,0,0,0,0,0,0,NA
SIPSEY,WENDELL_2,2019,S7,33.041085,-88.035372,1882.921356,0-(-20)_9,Periodic,Anodontini,LCOM,0,0,0,0,0,0,0,0,0,0,0,0,0,0,0,0,0,0,0,0,0,0,0,0,0,0,0,NA
SIPSEY,WENDELL_2,2019,S7,33.041085,-88.035372,1882.921356,0-20_13,NA,Corbicula,CFLU,0.004091762,0.002645219,0.102369969,0.002978966,0.099391003,0.004091762,0.002645219,0.102369969,0.002978966,0.099391003,0.005624185,0.005624185,0.100837546,0.100837546,0.001636705,0.001058088,0.040947987,0.001191586,0.039756401,0.001636705,0.001058088,0.040947987,0.001191586,0.039756401,0.002249674,0.002249674,0.040335018,0.040335018
SIPSEY,WENDELL_2,2019,S7,33.041085,-88.035372,1882.921356,0-20_13,Equilibrium,Pleurobemini,FCER,0,0,0,0,0,0,0,0,0,0,0,0,0,0,0,0,0,0,0,0,0,0,0,0,0,0,0,NA
SIPSEY,WENDELL_2,2019,S7,33.041085,-88.035372,1882.921356,0-20_13,Opportunistic,Lampsilini,LORN,5.026651541,3.628885416,79.38936747,9.185349816,70.20401765,0,0,0,0,0,12.81423523,0,71.60178378,0,2.010660616,1.451554166,31.75574699,3.674139927,28.08160706,0,0,0,0,0,5.125694093,0,28.64071351,0
SIPSEY,WENDELL_2,2019,S7,33.041085,-88.035372,1882.921356,0-20_13,Periodic,Lampsilini,OREF,0,0,0,0,0,0,0,0,0,0,0,0,0,0,0,0,0,0,0,0,0,0,0,0,0,0,0,NA
SIPSEY,WENDELL_2,2019,S7,33.041085,-88.035372,1882.921356,0-20_13,Equilibrium,Pleurobemini,PDEC,1.78717957,1.480109179,98.18352265,5.370638689,92.81288396,0.205061119,0.168540419,11.22878539,0.614214561,10.61457083,6.850747868,0.78275498,93.11995435,10.65109153,0.714871828,0.592043672,39.27340906,2.148255476,37.12515358,0.082024448,0.067416168,4.491514156,0.245685824,4.245828331,2.740299147,0.313101992,37.24798174,4.260436611
SIPSEY,WENDELL_2,2019,S7,33.041085,-88.035372,1882.921356,0-20_13,Equilibrium,Quadrulini,PKIE,0,0,0,0,0,0,0,0,0,0,0,0,0,0,0,0,0,0,0,0,0,0,0,0,0,0,0,NA
SIPSEY,WENDELL_2,2019,S7,33.041085,-88.035372,1882.921356,0-20_13,Periodic,Lampsilini,LSTR,0,0,0,0,0,0,0,0,0,0,0,0,0,0,0,0,0,0,0,0,0,0,0,0,0,0,0,NA
SIPSEY,WENDELL_2,2019,S7,33.041085,-88.035372,1882.921356,0-20_13,Periodic,Lampsilini,MACU,0.17437993,0.159651235,2.103589147,0.123901401,1.979687746,0,0,0,0,0,0.283552635,0,1.994416442,0,0.069751972,0.063860494,0.841435659,0.04956056,0.791875098,0,0,0,0,0,0.113421054,0,0.797766577,0
SIPSEY,WENDELL_2,2019,S7,33.041085,-88.035372,1882.921356,0-20_13,Periodic,Lampsilini,OUNI,0,0,0,0,0,0,0,0,0,0,0,0,0,0,0,0,0,0,0,0,0,0,0,0,0,0,0,NA
SIPSEY,WENDELL_2,2019,S7,33.041085,-88.035372,1882.921356,0-20_13,Equilibrium,Quadrulini,QVER,0,0,0,0,0,0,0,0,0,0,0,0,0,0,0,0,0,0,0,0,0,0,0,0,0,0,0,NA
SIPSEY,WENDELL_2,2019,S7,33.041085,-88.035372,1882.921356,0-20_13,Periodic,Pleurobemini,EARC,0.05884894,0.048737561,1.342870096,0.066337783,1.276532313,0.05000592,0.041441832,1.182163648,0.058398884,1.123764764,0.115075344,0.099840716,1.286643692,1.132328852,0.023539576,0.019495024,0.537148039,0.026535113,0.510612925,0.020002368,0.016576733,0.472865459,0.023359554,0.449505906,0.046030138,0.039936286,0.514657477,0.452931541
SIPSEY,WENDELL_2,2019,S7,33.041085,-88.035372,1882.921356,0-20_13,Equilibrium,Amblemini,APLI,0,0,0,0,0,0,0,0,0,0,0,0,0,0,0,0,0,0,0,0,0,0,0,0,0,0,0,NA
SIPSEY,WENDELL_2,2019,S7,33.041085,-88.035372,1882.921356,0-20_13,Equilibrium,Pleurobemini,REBE,0,0,0,0,0,0,0,0,0,0,0,0,0,0,0,0,0,0,0,0,0,0,0,0,0,0,0,NA
SIPSEY,WENDELL_2,2019,S7,33.041085,-88.035372,1882.921356,0-20_13,Equilibrium,Quadrulini,QQUA,0,0,0,0,0,0,0,0,0,0,0,0,0,0,0,0,0,0,0,0,0,0,0,0,0,0,0,NA
SIPSEY,WENDELL_2,2019,S7,33.041085,-88.035372,1882.921356,0-20_13,Opportunistic,Lampsilini,TDON,0,0,0,0,0,0,0,0,0,0,0,0,0,0,0,0,0,0,0,0,0,0,0,0,0,0,0,NA
SIPSEY,WENDELL_2,2019,S7,33.041085,-88.035372,1882.921356,0-20_13,Equilibrium,Quadrulini,MNER,0,0,0,0,0,0,0,0,0,0,0,0,0,0,0,0,0,0,0,0,0,0,0,0,0,0,0,NA
SIPSEY,WENDELL_2,2019,S7,33.041085,-88.035372,1882.921356,0-20_13,Periodic,Lampsilini,LLIE,0,0,0,0,0,0,0,0,0,0,0,0,0,0,0,0,0,0,0,0,0,0,0,0,0,0,0,NA
SIPSEY,WENDELL_2,2019,S7,33.041085,-88.035372,1882.921356,0-20_13,Periodic,Lampsilini,ELIN,0,0,0,0,0,0,0,0,0,0,0,0,0,0,0,0,0,0,0,0,0,0,0,0,0,0,0,NA
SIPSEY,WENDELL_2,2019,S7,33.041085,-88.035372,1882.921356,0-20_13,Opportunistic,Lampsilini,PFRA,0,0,0,0,0,0,0,0,0,0,0,0,0,0,0,0,0,0,0,0,0,0,0,0,0,0,0,NA
SIPSEY,WENDELL_2,2019,S7,33.041085,-88.035372,1882.921356,0-20_13,Opportunistic,Lampsilini,LREC,0,0,0,0,0,0,0,0,0,0,0,0,0,0,0,0,0,0,0,0,0,0,0,0,0,0,0,NA
SIPSEY,WENDELL_2,2019,S7,33.041085,-88.035372,1882.921356,0-20_13,Periodic,Lampsilini,OARK,0,0,0,0,0,0,0,0,0,0,0,0,0,0,0,0,0,0,0,0,0,0,0,0,0,0,0,NA
SIPSEY,WENDELL_2,2019,S7,33.041085,-88.035372,1882.921356,0-20_13,Opportunistic,Lampsilini,PINF,0,0,0,0,0,0,0,0,0,0,0,0,0,0,0,0,0,0,0,0,0,0,0,0,0,0,0,NA
SIPSEY,WENDELL_2,2019,S7,33.041085,-88.035372,1882.921356,0-20_13,Equilibrium,Pleurobemini,PPER,0,0,0,0,0,0,0,0,0,0,0,0,0,0,0,0,0,0,0,0,0,0,0,0,0,0,0,NA
SIPSEY,WENDELL_2,2019,S7,33.041085,-88.035372,1882.921356,0-20_13,Opportunistic,Lampsilini,LTER,0,0,0,0,0,0,0,0,0,0,0,0,0,0,0,0,0,0,0,0,0,0,0,0,0,0,0,NA
SIPSEY,WENDELL_2,2019,S7,33.041085,-88.035372,1882.921356,0-20_13,Periodic,Alasmodontini,SSUB,0,0,0,0,0,0,0,0,0,0,0,0,0,0,0,0,0,0,0,0,0,0,0,0,0,0,0,NA
SIPSEY,WENDELL_2,2019,S7,33.041085,-88.035372,1882.921356,0-20_13,Opportunistic,Lampsilini,TPAR,0,0,0,0,0,0,0,0,0,0,0,0,0,0,0,0,0,0,0,0,0,0,0,0,0,0,0,NA
SIPSEY,WENDELL_2,2019,S7,33.041085,-88.035372,1882.921356,0-20_13,Opportunistic,Lampsilini,PPUR,0,0,0,0,0,0,0,0,0,0,0,0,0,0,0,0,0,0,0,0,0,0,0,0,0,0,0,NA
SIPSEY,WENDELL_2,2019,S7,33.041085,-88.035372,1882.921356,0-20_13,Periodic,Lampsilini,HPER,0,0,0,0,0,0,0,0,0,0,0,0,0,0,0,0,0,0,0,0,0,0,0,0,0,0,0,NA
SIPSEY,WENDELL_2,2019,S7,33.041085,-88.035372,1882.921356,0-20_13,Periodic,Lampsilini,VVIB,0,0,0,0,0,0,0,0,0,0,0,0,0,0,0,0,0,0,0,0,0,0,0,0,0,0,0,NA
SIPSEY,WENDELL_2,2019,S7,33.041085,-88.035372,1882.921356,0-20_13,Periodic,Pleurobemini,ECRA,0,0,0,0,0,0,0,0,0,0,0,0,0,0,0,0,0,0,0,0,0,0,0,0,0,0,0,NA
SIPSEY,WENDELL_2,2019,S7,33.041085,-88.035372,1882.921356,0-20_13,Opportunistic,Lampsilini,TTRU,0,0,0,0,0,0,0,0,0,0,0,0,0,0,0,0,0,0,0,0,0,0,0,0,0,0,0,NA
SIPSEY,WENDELL_2,2019,S7,33.041085,-88.035372,1882.921356,0-20_13,NA,Lampsilini,LAMP,0,0,0,0,0,0,0,0,0,0,0,0,0,0,0,0,0,0,0,0,0,0,0,0,0,0,0,NA
SIPSEY,WENDELL_2,2019,S7,33.041085,-88.035372,1882.921356,0-20_13,Periodic,Anodontini,LCOM,0,0,0,0,0,0,0,0,0,0,0,0,0,0,0,0,0,0,0,0,0,0,0,0,0,0,0,NA
SIPSEY,WENDELL_2,2019,S7,33.041085,-88.035372,1882.921356,0-20_19,NA,Corbicula,CFLU,0.157990512,0.124515856,6.404860641,0.186381445,6.218479196,0.109682784,0.089582994,4.827406308,0.140477524,4.686928784,0.3108973,0.230060518,6.251953852,4.707028573,0.078995256,0.062257928,3.20243032,0.093190722,3.109239598,0.054841392,0.044791497,2.413703154,0.070238762,2.343464392,0.15544865,0.115030259,3.125976926,2.353514287
SIPSEY,WENDELL_2,2019,S7,33.041085,-88.035372,1882.921356,0-20_19,Equilibrium,Pleurobemini,FCER,0,0,0,0,0,0,0,0,0,0,0,0,0,0,0,0,0,0,0,0,0,0,0,0,0,0,0,NA
SIPSEY,WENDELL_2,2019,S7,33.041085,-88.035372,1882.921356,0-20_19,Opportunistic,Lampsilini,LORN,0,0,0,0,0,0,0,0,0,0,0,0,0,0,0,0,0,0,0,0,0,0,0,0,0,0,0,NA
SIPSEY,WENDELL_2,2019,S7,33.041085,-88.035372,1882.921356,0-20_19,Periodic,Lampsilini,OREF,0,0,0,0,0,0,0,0,0,0,0,0,0,0,0,0,0,0,0,0,0,0,0,0,0,0,0,NA
SIPSEY,WENDELL_2,2019,S7,33.041085,-88.035372,1882.921356,0-20_19,Equilibrium,Pleurobemini,PDEC,0.975566473,0.806023848,53.54049199,2.928664912,50.61182708,0.075669312,0.061827691,4.133068716,0.226078859,3.906989857,3.73468876,0.28790655,50.7813697,3.920831478,0.487783237,0.403011924,26.770246,1.464332456,25.30591354,0.037834656,0.030913845,2.066534358,0.113039429,1.953494929,1.86734438,0.143953275,25.39068485,1.960415739
SIPSEY,WENDELL_2,2019,S7,33.041085,-88.035372,1882.921356,0-20_19,Equilibrium,Quadrulini,PKIE,0.516001171,0.455919843,20.05843909,1.496359556,18.56207954,0.097867543,0.087313067,3.329633106,0.24839063,3.081242477,1.952279399,0.335703697,18.62216087,3.091796952,0.258000586,0.227959921,10.02921955,0.748179778,9.281039769,0.048933771,0.043656534,1.664816553,0.124195315,1.540621238,0.9761397,0.167851849,9.311080433,1.545898476
SIPSEY,WENDELL_2,2019,S7,33.041085,-88.035372,1882.921356,0-20_19,Periodic,Lampsilini,LSTR,0,0,0,0,0,0,0,0,0,0,0,0,0,0,0,0,0,0,0,0,0,0,0,0,0,0,0,NA
SIPSEY,WENDELL_2,2019,S7,33.041085,-88.035372,1882.921356,0-20_19,Periodic,Lampsilini,MACU,0,0,0,0,0,0,0,0,0,0,0,0,0,0,0,0,0,0,0,0,0,0,0,0,0,0,0,NA
SIPSEY,WENDELL_2,2019,S7,33.041085,-88.035372,1882.921356,0-20_19,Periodic,Lampsilini,OUNI,1.678767358,1.299689957,67.84978794,4.05063234,63.7991556,0.258498346,0.20544721,11.25148184,0.671713466,10.57976837,5.350322297,0.877160676,64.178233,10.63281951,0.839383679,0.649844978,33.92489397,2.02531617,31.8995778,0.129249173,0.102723605,5.625740918,0.335856733,5.289884185,2.675161148,0.438580338,32.0891165,5.316409753
SIPSEY,WENDELL_2,2019,S7,33.041085,-88.035372,1882.921356,0-20_19,Equilibrium,Quadrulini,QVER,0.749414467,0.460760056,23.55325768,1.446170021,22.10708765,0.281698509,0.200875249,8.718815711,0.535335285,8.183480426,1.906930078,0.736210534,22.39574206,8.264303686,0.374707233,0.230380028,11.77662884,0.723085011,11.05354383,0.140849255,0.100437625,4.359407856,0.267667642,4.091740213,0.953465039,0.368105267,11.19787103,4.132151843
SIPSEY,WENDELL_2,2019,S7,33.041085,-88.035372,1882.921356,0-20_19,Periodic,Pleurobemini,EARC,0,0,0,0,0,0,0,0,0,0,0,0,0,0,0,0,0,0,0,0,0,0,0,0,0,0,0,NA
SIPSEY,WENDELL_2,2019,S7,33.041085,-88.035372,1882.921356,0-20_19,Equilibrium,Amblemini,APLI,0,0,0,0,0,0,0,0,0,0,0,0,0,0,0,0,0,0,0,0,0,0,0,0,0,0,0,NA
SIPSEY,WENDELL_2,2019,S7,33.041085,-88.035372,1882.921356,0-20_19,Equilibrium,Pleurobemini,REBE,0,0,0,0,0,0,0,0,0,0,0,0,0,0,0,0,0,0,0,0,0,0,0,0,0,0,0,NA
SIPSEY,WENDELL_2,2019,S7,33.041085,-88.035372,1882.921356,0-20_19,Equilibrium,Quadrulini,QQUA,0,0,0,0,0,0,0,0,0,0,0,0,0,0,0,0,0,0,0,0,0,0,0,0,0,0,0,NA
SIPSEY,WENDELL_2,2019,S7,33.041085,-88.035372,1882.921356,0-20_19,Opportunistic,Lampsilini,TDON,0,0,0,0,0,0,0,0,0,0,0,0,0,0,0,0,0,0,0,0,0,0,0,0,0,0,0,NA
SIPSEY,WENDELL_2,2019,S7,33.041085,-88.035372,1882.921356,0-20_19,Equilibrium,Quadrulini,MNER,0,0,0,0,0,0,0,0,0,0,0,0,0,0,0,0,0,0,0,0,0,0,0,0,0,0,0,NA
SIPSEY,WENDELL_2,2019,S7,33.041085,-88.035372,1882.921356,0-20_19,Periodic,Lampsilini,LLIE,0,0,0,0,0,0,0,0,0,0,0,0,0,0,0,0,0,0,0,0,0,0,0,0,0,0,0,NA
SIPSEY,WENDELL_2,2019,S7,33.041085,-88.035372,1882.921356,0-20_19,Periodic,Lampsilini,ELIN,0,0,0,0,0,0,0,0,0,0,0,0,0,0,0,0,0,0,0,0,0,0,0,0,0,0,0,NA
SIPSEY,WENDELL_2,2019,S7,33.041085,-88.035372,1882.921356,0-20_19,Opportunistic,Lampsilini,PFRA,0,0,0,0,0,0,0,0,0,0,0,0,0,0,0,0,0,0,0,0,0,0,0,0,0,0,0,NA
SIPSEY,WENDELL_2,2019,S7,33.041085,-88.035372,1882.921356,0-20_19,Opportunistic,Lampsilini,LREC,0,0,0,0,0,0,0,0,0,0,0,0,0,0,0,0,0,0,0,0,0,0,0,0,0,0,0,NA
SIPSEY,WENDELL_2,2019,S7,33.041085,-88.035372,1882.921356,0-20_19,Periodic,Lampsilini,OARK,0,0,0,0,0,0,0,0,0,0,0,0,0,0,0,0,0,0,0,0,0,0,0,0,0,0,0,NA
SIPSEY,WENDELL_2,2019,S7,33.041085,-88.035372,1882.921356,0-20_19,Opportunistic,Lampsilini,PINF,0,0,0,0,0,0,0,0,0,0,0,0,0,0,0,0,0,0,0,0,0,0,0,0,0,0,0,NA
SIPSEY,WENDELL_2,2019,S7,33.041085,-88.035372,1882.921356,0-20_19,Equilibrium,Pleurobemini,PPER,0,0,0,0,0,0,0,0,0,0,0,0,0,0,0,0,0,0,0,0,0,0,0,0,0,0,0,NA
SIPSEY,WENDELL_2,2019,S7,33.041085,-88.035372,1882.921356,0-20_19,Opportunistic,Lampsilini,LTER,0,0,0,0,0,0,0,0,0,0,0,0,0,0,0,0,0,0,0,0,0,0,0,0,0,0,0,NA
SIPSEY,WENDELL_2,2019,S7,33.041085,-88.035372,1882.921356,0-20_19,Periodic,Alasmodontini,SSUB,0,0,0,0,0,0,0,0,0,0,0,0,0,0,0,0,0,0,0,0,0,0,0,0,0,0,0,NA
SIPSEY,WENDELL_2,2019,S7,33.041085,-88.035372,1882.921356,0-20_19,Opportunistic,Lampsilini,TPAR,0,0,0,0,0,0,0,0,0,0,0,0,0,0,0,0,0,0,0,0,0,0,0,0,0,0,0,NA
SIPSEY,WENDELL_2,2019,S7,33.041085,-88.035372,1882.921356,0-20_19,Opportunistic,Lampsilini,PPUR,0,0,0,0,0,0,0,0,0,0,0,0,0,0,0,0,0,0,0,0,0,0,0,0,0,0,0,NA
SIPSEY,WENDELL_2,2019,S7,33.041085,-88.035372,1882.921356,0-20_19,Periodic,Lampsilini,HPER,0,0,0,0,0,0,0,0,0,0,0,0,0,0,0,0,0,0,0,0,0,0,0,0,0,0,0,NA
SIPSEY,WENDELL_2,2019,S7,33.041085,-88.035372,1882.921356,0-20_19,Periodic,Lampsilini,VVIB,0,0,0,0,0,0,0,0,0,0,0,0,0,0,0,0,0,0,0,0,0,0,0,0,0,0,0,NA
SIPSEY,WENDELL_2,2019,S7,33.041085,-88.035372,1882.921356,0-20_19,Periodic,Pleurobemini,ECRA,0,0,0,0,0,0,0,0,0,0,0,0,0,0,0,0,0,0,0,0,0,0,0,0,0,0,0,NA
SIPSEY,WENDELL_2,2019,S7,33.041085,-88.035372,1882.921356,0-20_19,Opportunistic,Lampsilini,TTRU,0,0,0,0,0,0,0,0,0,0,0,0,0,0,0,0,0,0,0,0,0,0,0,0,0,0,0,NA
SIPSEY,WENDELL_2,2019,S7,33.041085,-88.035372,1882.921356,0-20_19,NA,Lampsilini,LAMP,0,0,0,0,0,0,0,0,0,0,0,0,0,0,0,0,0,0,0,0,0,0,0,0,0,0,0,NA
SIPSEY,WENDELL_2,2019,S7,33.041085,-88.035372,1882.921356,0-20_19,Periodic,Anodontini,LCOM,0,0,0,0,0,0,0,0,0,0,0,0,0,0,0,0,0,0,0,0,0,0,0,0,0,0,0,NA
SIPSEY,WENDELL_2,2019,S7,33.041085,-88.035372,1882.921356,0-20_3,NA,Corbicula,CFLU,0.268254912,0.245767645,15.72479641,0.457591575,15.26720483,0.244101048,0.228301214,14.93606924,0.434639615,14.50142963,0.70335922,0.662940829,15.2896921,14.51722946,0.107301965,0.098307058,6.289918564,0.18303663,6.106881933,0.097640419,0.091320486,5.974427697,0.173855846,5.800571851,0.281343688,0.265176332,6.11587684,5.806891785
SIPSEY,WENDELL_2,2019,S7,33.041085,-88.035372,1882.921356,0-20_3,Equilibrium,Pleurobemini,FCER,0,0,0,0,0,0,0,0,0,0,0,0,0,0,0,0,0,0,0,0,0,0,0,0,0,0,0,NA
SIPSEY,WENDELL_2,2019,S7,33.041085,-88.035372,1882.921356,0-20_3,Opportunistic,Lampsilini,LORN,0,0,0,0,0,0,0,0,0,0,0,0,0,0,0,0,0,0,0,0,0,0,0,0,0,0,0,NA
SIPSEY,WENDELL_2,2019,S7,33.041085,-88.035372,1882.921356,0-20_3,Periodic,Lampsilini,OREF,0,0,0,0,0,0,0,0,0,0,0,0,0,0,0,0,0,0,0,0,0,0,0,0,0,0,0,NA
SIPSEY,WENDELL_2,2019,S7,33.041085,-88.035372,1882.921356,0-20_3,Equilibrium,Pleurobemini,PDEC,2.134812694,1.771034336,117.3676761,6.42001188,110.9476642,0.306520386,0.253185602,16.82032818,0.920071951,15.90025623,8.191046216,1.173257554,111.3114425,15.95359101,0.853925078,0.708413735,46.94707042,2.568004752,44.37906567,0.122608154,0.101274241,6.728131272,0.368028781,6.360102491,3.276418487,0.469303022,44.52457701,6.381436405
SIPSEY,WENDELL_2,2019,S7,33.041085,-88.035372,1882.921356,0-20_3,Equilibrium,Quadrulini,PKIE,1.139925898,1.015883715,39.75577297,2.965780664,36.78999231,0.048109515,0.04332891,1.452417087,0.108350315,1.344066772,3.981664379,0.151679225,36.91403449,1.348847377,0.455970359,0.406353486,15.90230919,1.186312265,14.71599692,0.019243806,0.017331564,0.580966835,0.043340126,0.537626709,1.592665751,0.06067169,14.7656138,0.539538951
SIPSEY,WENDELL_2,2019,S7,33.041085,-88.035372,1882.921356,0-20_3,Periodic,Lampsilini,LSTR,0,0,0,0,0,0,0,0,0,0,0,0,0,0,0,0,0,0,0,0,0,0,0,0,0,0,0,NA
SIPSEY,WENDELL_2,2019,S7,33.041085,-88.035372,1882.921356,0-20_3,Periodic,Lampsilini,MACU,0.111082332,0.089640704,1.374412458,0.080952894,1.293459564,0.095414305,0.078458181,1.17569753,0.069248584,1.106448945,0.170593598,0.147706766,1.314901192,1.123405068,0.044432933,0.035856282,0.549764983,0.032381158,0.517383826,0.038165722,0.031383273,0.470279012,0.027699434,0.442579578,0.068237439,0.059082706,0.525960477,0.449362027
SIPSEY,WENDELL_2,2019,S7,33.041085,-88.035372,1882.921356,0-20_3,Periodic,Lampsilini,OUNI,0,0,0,0,0,0,0,0,0,0,0,0,0,0,0,0,0,0,0,0,0,0,0,0,0,0,0,NA
SIPSEY,WENDELL_2,2019,S7,33.041085,-88.035372,1882.921356,0-20_3,Equilibrium,Quadrulini,QVER,1.122197447,0.752429791,34.99504773,2.148695931,32.8463518,0.311634103,0.245610846,9.558569515,0.586896168,8.971673347,2.901125722,0.832507014,33.21611945,9.037696604,0.448878979,0.300971917,13.99801909,0.859478372,13.13854072,0.124653641,0.098244338,3.823427806,0.234758467,3.588669339,1.160450289,0.333002806,13.28644778,3.615078642
SIPSEY,WENDELL_2,2019,S7,33.041085,-88.035372,1882.921356,0-20_3,Periodic,Pleurobemini,EARC,0,0,0,0,0,0,0,0,0,0,0,0,0,0,0,0,0,0,0,0,0,0,0,0,0,0,0,NA
SIPSEY,WENDELL_2,2019,S7,33.041085,-88.035372,1882.921356,0-20_3,Equilibrium,Amblemini,APLI,0,0,0,0,0,0,0,0,0,0,0,0,0,0,0,0,0,0,0,0,0,0,0,0,0,0,0,NA
SIPSEY,WENDELL_2,2019,S7,33.041085,-88.035372,1882.921356,0-20_3,Equilibrium,Pleurobemini,REBE,0,0,0,0,0,0,0,0,0,0,0,0,0,0,0,0,0,0,0,0,0,0,0,0,0,0,0,NA
SIPSEY,WENDELL_2,2019,S7,33.041085,-88.035372,1882.921356,0-20_3,Equilibrium,Quadrulini,QQUA,0,0,0,0,0,0,0,0,0,0,0,0,0,0,0,0,0,0,0,0,0,0,0,0,0,0,0,NA
SIPSEY,WENDELL_2,2019,S7,33.041085,-88.035372,1882.921356,0-20_3,Opportunistic,Lampsilini,TDON,0,0,0,0,0,0,0,0,0,0,0,0,0,0,0,0,0,0,0,0,0,0,0,0,0,0,0,NA
SIPSEY,WENDELL_2,2019,S7,33.041085,-88.035372,1882.921356,0-20_3,Equilibrium,Quadrulini,MNER,0,0,0,0,0,0,0,0,0,0,0,0,0,0,0,0,0,0,0,0,0,0,0,0,0,0,0,NA
SIPSEY,WENDELL_2,2019,S7,33.041085,-88.035372,1882.921356,0-20_3,Periodic,Lampsilini,LLIE,0,0,0,0,0,0,0,0,0,0,0,0,0,0,0,0,0,0,0,0,0,0,0,0,0,0,0,NA
SIPSEY,WENDELL_2,2019,S7,33.041085,-88.035372,1882.921356,0-20_3,Periodic,Lampsilini,ELIN,0,0,0,0,0,0,0,0,0,0,0,0,0,0,0,0,0,0,0,0,0,0,0,0,0,0,0,NA
SIPSEY,WENDELL_2,2019,S7,33.041085,-88.035372,1882.921356,0-20_3,Opportunistic,Lampsilini,PFRA,0,0,0,0,0,0,0,0,0,0,0,0,0,0,0,0,0,0,0,0,0,0,0,0,0,0,0,NA
SIPSEY,WENDELL_2,2019,S7,33.041085,-88.035372,1882.921356,0-20_3,Opportunistic,Lampsilini,LREC,0,0,0,0,0,0,0,0,0,0,0,0,0,0,0,0,0,0,0,0,0,0,0,0,0,0,0,NA
SIPSEY,WENDELL_2,2019,S7,33.041085,-88.035372,1882.921356,0-20_3,Periodic,Lampsilini,OARK,0,0,0,0,0,0,0,0,0,0,0,0,0,0,0,0,0,0,0,0,0,0,0,0,0,0,0,NA
SIPSEY,WENDELL_2,2019,S7,33.041085,-88.035372,1882.921356,0-20_3,Opportunistic,Lampsilini,PINF,0,0,0,0,0,0,0,0,0,0,0,0,0,0,0,0,0,0,0,0,0,0,0,0,0,0,0,NA
SIPSEY,WENDELL_2,2019,S7,33.041085,-88.035372,1882.921356,0-20_3,Equilibrium,Pleurobemini,PPER,0,0,0,0,0,0,0,0,0,0,0,0,0,0,0,0,0,0,0,0,0,0,0,0,0,0,0,NA
SIPSEY,WENDELL_2,2019,S7,33.041085,-88.035372,1882.921356,0-20_3,Opportunistic,Lampsilini,LTER,0,0,0,0,0,0,0,0,0,0,0,0,0,0,0,0,0,0,0,0,0,0,0,0,0,0,0,NA
SIPSEY,WENDELL_2,2019,S7,33.041085,-88.035372,1882.921356,0-20_3,Periodic,Alasmodontini,SSUB,0,0,0,0,0,0,0,0,0,0,0,0,0,0,0,0,0,0,0,0,0,0,0,0,0,0,0,NA
SIPSEY,WENDELL_2,2019,S7,33.041085,-88.035372,1882.921356,0-20_3,Opportunistic,Lampsilini,TPAR,0,0,0,0,0,0,0,0,0,0,0,0,0,0,0,0,0,0,0,0,0,0,0,0,0,0,0,NA
SIPSEY,WENDELL_2,2019,S7,33.041085,-88.035372,1882.921356,0-20_3,Opportunistic,Lampsilini,PPUR,0,0,0,0,0,0,0,0,0,0,0,0,0,0,0,0,0,0,0,0,0,0,0,0,0,0,0,NA
SIPSEY,WENDELL_2,2019,S7,33.041085,-88.035372,1882.921356,0-20_3,Periodic,Lampsilini,HPER,0,0,0,0,0,0,0,0,0,0,0,0,0,0,0,0,0,0,0,0,0,0,0,0,0,0,0,NA
SIPSEY,WENDELL_2,2019,S7,33.041085,-88.035372,1882.921356,0-20_3,Periodic,Lampsilini,VVIB,0,0,0,0,0,0,0,0,0,0,0,0,0,0,0,0,0,0,0,0,0,0,0,0,0,0,0,NA
SIPSEY,WENDELL_2,2019,S7,33.041085,-88.035372,1882.921356,0-20_3,Periodic,Pleurobemini,ECRA,0,0,0,0,0,0,0,0,0,0,0,0,0,0,0,0,0,0,0,0,0,0,0,0,0,0,0,NA
SIPSEY,WENDELL_2,2019,S7,33.041085,-88.035372,1882.921356,0-20_3,Opportunistic,Lampsilini,TTRU,0,0,0,0,0,0,0,0,0,0,0,0,0,0,0,0,0,0,0,0,0,0,0,0,0,0,0,NA
SIPSEY,WENDELL_2,2019,S7,33.041085,-88.035372,1882.921356,0-20_3,NA,Lampsilini,LAMP,0,0,0,0,0,0,0,0,0,0,0,0,0,0,0,0,0,0,0,0,0,0,0,0,0,0,0,NA
SIPSEY,WENDELL_2,2019,S7,33.041085,-88.035372,1882.921356,0-20_3,Periodic,Anodontini,LCOM,0,0,0,0,0,0,0,0,0,0,0,0,0,0,0,0,0,0,0,0,0,0,0,0,0,0,0,NA
SIPSEY,WENDELL_2,2019,S7,33.041085,-88.035372,1882.921356,0-20_9,NA,Corbicula,CFLU,0,0,0,0,0,0,0,0,0,0,0,0,0,0,0,0,0,0,0,0,0,0,0,0,0,0,0,NA
SIPSEY,WENDELL_2,2019,S7,33.041085,-88.035372,1882.921356,0-20_9,Equilibrium,Pleurobemini,FCER,0,0,0,0,0,0,0,0,0,0,0,0,0,0,0,0,0,0,0,0,0,0,0,0,0,0,0,NA
SIPSEY,WENDELL_2,2019,S7,33.041085,-88.035372,1882.921356,0-20_9,Opportunistic,Lampsilini,LORN,0,0,0,0,0,0,0,0,0,0,0,0,0,0,0,0,0,0,0,0,0,0,0,0,0,0,0,NA
SIPSEY,WENDELL_2,2019,S7,33.041085,-88.035372,1882.921356,0-20_9,Periodic,Lampsilini,OREF,0,0,0,0,0,0,0,0,0,0,0,0,0,0,0,0,0,0,0,0,0,0,0,0,0,0,0,NA
SIPSEY,WENDELL_2,2019,S7,33.041085,-88.035372,1882.921356,0-20_9,Equilibrium,Pleurobemini,PDEC,4.562640289,3.772408315,250.4811546,13.70131916,236.7798355,0.411362395,0.337652907,22.51264172,1.231441502,21.28120022,17.47372747,1.569094409,237.5700675,21.35490971,1.825056116,1.508963326,100.1924619,5.480527664,94.7119342,0.164544958,0.135061163,9.005056689,0.492576601,8.512480088,6.98949099,0.627637764,95.02802699,8.541963884
SIPSEY,WENDELL_2,2019,S7,33.041085,-88.035372,1882.921356,0-20_9,Equilibrium,Quadrulini,PKIE,2.747170769,2.441724698,99.55810622,7.427034724,92.1310715,0.27021576,0.240164917,9.668475057,0.721268239,8.947206818,9.868759422,0.961433157,92.43651757,8.977257661,1.098868308,0.976689879,39.82324249,2.97081389,36.8524286,0.108086304,0.096065967,3.867390023,0.288507296,3.578882727,3.947503769,0.384573263,36.97460703,3.590903064
SIPSEY,WENDELL_2,2019,S7,33.041085,-88.035372,1882.921356,0-20_9,Periodic,Lampsilini,LSTR,0,0,0,0,0,0,0,0,0,0,0,0,0,0,0,0,0,0,0,0,0,0,0,0,0,0,0,NA
SIPSEY,WENDELL_2,2019,S7,33.041085,-88.035372,1882.921356,0-20_9,Periodic,Lampsilini,MACU,0,0,0,0,0,0,0,0,0,0,0,0,0,0,0,0,0,0,0,0,0,0,0,0,0,0,0,NA
SIPSEY,WENDELL_2,2019,S7,33.041085,-88.035372,1882.921356,0-20_9,Periodic,Lampsilini,OUNI,0,0,0,0,0,0,0,0,0,0,0,0,0,0,0,0,0,0,0,0,0,0,0,0,0,0,0,NA
SIPSEY,WENDELL_2,2019,S7,33.041085,-88.035372,1882.921356,0-20_9,Equilibrium,Quadrulini,QVER,0,0,0,0,0,0,0,0,0,0,0,0,0,0,0,0,0,0,0,0,0,0,0,0,0,0,0,NA
SIPSEY,WENDELL_2,2019,S7,33.041085,-88.035372,1882.921356,0-20_9,Periodic,Pleurobemini,EARC,0,0,0,0,0,0,0,0,0,0,0,0,0,0,0,0,0,0,0,0,0,0,0,0,0,0,0,NA
SIPSEY,WENDELL_2,2019,S7,33.041085,-88.035372,1882.921356,0-20_9,Equilibrium,Amblemini,APLI,0,0,0,0,0,0,0,0,0,0,0,0,0,0,0,0,0,0,0,0,0,0,0,0,0,0,0,NA
SIPSEY,WENDELL_2,2019,S7,33.041085,-88.035372,1882.921356,0-20_9,Equilibrium,Pleurobemini,REBE,0,0,0,0,0,0,0,0,0,0,0,0,0,0,0,0,0,0,0,0,0,0,0,0,0,0,0,NA
SIPSEY,WENDELL_2,2019,S7,33.041085,-88.035372,1882.921356,0-20_9,Equilibrium,Quadrulini,QQUA,0,0,0,0,0,0,0,0,0,0,0,0,0,0,0,0,0,0,0,0,0,0,0,0,0,0,0,NA
SIPSEY,WENDELL_2,2019,S7,33.041085,-88.035372,1882.921356,0-20_9,Opportunistic,Lampsilini,TDON,0,0,0,0,0,0,0,0,0,0,0,0,0,0,0,0,0,0,0,0,0,0,0,0,0,0,0,NA
SIPSEY,WENDELL_2,2019,S7,33.041085,-88.035372,1882.921356,0-20_9,Equilibrium,Quadrulini,MNER,0,0,0,0,0,0,0,0,0,0,0,0,0,0,0,0,0,0,0,0,0,0,0,0,0,0,0,NA
SIPSEY,WENDELL_2,2019,S7,33.041085,-88.035372,1882.921356,0-20_9,Periodic,Lampsilini,LLIE,0,0,0,0,0,0,0,0,0,0,0,0,0,0,0,0,0,0,0,0,0,0,0,0,0,0,0,NA
SIPSEY,WENDELL_2,2019,S7,33.041085,-88.035372,1882.921356,0-20_9,Periodic,Lampsilini,ELIN,0,0,0,0,0,0,0,0,0,0,0,0,0,0,0,0,0,0,0,0,0,0,0,0,0,0,0,NA
SIPSEY,WENDELL_2,2019,S7,33.041085,-88.035372,1882.921356,0-20_9,Opportunistic,Lampsilini,PFRA,0,0,0,0,0,0,0,0,0,0,0,0,0,0,0,0,0,0,0,0,0,0,0,0,0,0,0,NA
SIPSEY,WENDELL_2,2019,S7,33.041085,-88.035372,1882.921356,0-20_9,Opportunistic,Lampsilini,LREC,0,0,0,0,0,0,0,0,0,0,0,0,0,0,0,0,0,0,0,0,0,0,0,0,0,0,0,NA
SIPSEY,WENDELL_2,2019,S7,33.041085,-88.035372,1882.921356,0-20_9,Periodic,Lampsilini,OARK,0,0,0,0,0,0,0,0,0,0,0,0,0,0,0,0,0,0,0,0,0,0,0,0,0,0,0,NA
SIPSEY,WENDELL_2,2019,S7,33.041085,-88.035372,1882.921356,0-20_9,Opportunistic,Lampsilini,PINF,0,0,0,0,0,0,0,0,0,0,0,0,0,0,0,0,0,0,0,0,0,0,0,0,0,0,0,NA
SIPSEY,WENDELL_2,2019,S7,33.041085,-88.035372,1882.921356,0-20_9,Equilibrium,Pleurobemini,PPER,0,0,0,0,0,0,0,0,0,0,0,0,0,0,0,0,0,0,0,0,0,0,0,0,0,0,0,NA
SIPSEY,WENDELL_2,2019,S7,33.041085,-88.035372,1882.921356,0-20_9,Opportunistic,Lampsilini,LTER,0,0,0,0,0,0,0,0,0,0,0,0,0,0,0,0,0,0,0,0,0,0,0,0,0,0,0,NA
SIPSEY,WENDELL_2,2019,S7,33.041085,-88.035372,1882.921356,0-20_9,Periodic,Alasmodontini,SSUB,0,0,0,0,0,0,0,0,0,0,0,0,0,0,0,0,0,0,0,0,0,0,0,0,0,0,0,NA
SIPSEY,WENDELL_2,2019,S7,33.041085,-88.035372,1882.921356,0-20_9,Opportunistic,Lampsilini,TPAR,0,0,0,0,0,0,0,0,0,0,0,0,0,0,0,0,0,0,0,0,0,0,0,0,0,0,0,NA
SIPSEY,WENDELL_2,2019,S7,33.041085,-88.035372,1882.921356,0-20_9,Opportunistic,Lampsilini,PPUR,0,0,0,0,0,0,0,0,0,0,0,0,0,0,0,0,0,0,0,0,0,0,0,0,0,0,0,NA
SIPSEY,WENDELL_2,2019,S7,33.041085,-88.035372,1882.921356,0-20_9,Periodic,Lampsilini,HPER,0,0,0,0,0,0,0,0,0,0,0,0,0,0,0,0,0,0,0,0,0,0,0,0,0,0,0,NA
SIPSEY,WENDELL_2,2019,S7,33.041085,-88.035372,1882.921356,0-20_9,Periodic,Lampsilini,VVIB,0,0,0,0,0,0,0,0,0,0,0,0,0,0,0,0,0,0,0,0,0,0,0,0,0,0,0,NA
SIPSEY,WENDELL_2,2019,S7,33.041085,-88.035372,1882.921356,0-20_9,Periodic,Pleurobemini,ECRA,0,0,0,0,0,0,0,0,0,0,0,0,0,0,0,0,0,0,0,0,0,0,0,0,0,0,0,NA
SIPSEY,WENDELL_2,2019,S7,33.041085,-88.035372,1882.921356,0-20_9,Opportunistic,Lampsilini,TTRU,0,0,0,0,0,0,0,0,0,0,0,0,0,0,0,0,0,0,0,0,0,0,0,0,0,0,0,NA
SIPSEY,WENDELL_2,2019,S7,33.041085,-88.035372,1882.921356,0-20_9,NA,Lampsilini,LAMP,0,0,0,0,0,0,0,0,0,0,0,0,0,0,0,0,0,0,0,0,0,0,0,0,0,0,0,NA
SIPSEY,WENDELL_2,2019,S7,33.041085,-88.035372,1882.921356,0-20_9,Periodic,Anodontini,LCOM,0,0,0,0,0,0,0,0,0,0,0,0,0,0,0,0,0,0,0,0,0,0,0,0,0,0,0,NA
SIPSEY,WENDELL_2,2019,S7,33.041085,-88.035372,1882.921356,20-40_13,NA,Corbicula,CFLU,0.019525266,0.013944036,0.62053082,0.018057447,0.602473373,0.007448334,0.00521082,0.226167237,0.006581467,0.21958577,0.032001483,0.011792287,0.608054603,0.221823283,0.007100097,0.005070558,0.225647571,0.006566344,0.219081227,0.002708485,0.001894844,0.082242632,0.002393261,0.079849371,0.011636903,0.004288104,0.221110765,0.080663012
SIPSEY,WENDELL_2,2019,S7,33.041085,-88.035372,1882.921356,20-40_13,Equilibrium,Pleurobemini,FCER,0,0,0,0,0,0,0,0,0,0,0,0,0,0,0,0,0,0,0,0,0,0,0,0,0,0,0,NA
SIPSEY,WENDELL_2,2019,S7,33.041085,-88.035372,1882.921356,20-40_13,Opportunistic,Lampsilini,LORN,4.635983253,3.488934027,59.25069391,6.855305285,52.39538862,0.389658951,0.352264747,1.021127548,0.118144457,0.902983091,10.34423931,0.470409204,53.54243785,0.940377295,1.685812092,1.268703282,21.54570687,2.492838285,19.05286859,0.141694164,0.128096272,0.371319108,0.042961621,0.328357488,3.761541568,0.171057893,19.4699774,0.34195538
SIPSEY,WENDELL_2,2019,S7,33.041085,-88.035372,1882.921356,20-40_13,Periodic,Lampsilini,OREF,0,0,0,0,0,0,0,0,0,0,0,0,0,0,0,0,0,0,0,0,0,0,0,0,0,0,0,NA
SIPSEY,WENDELL_2,2019,S7,33.041085,-88.035372,1882.921356,20-40_13,Equilibrium,Pleurobemini,PDEC,2.896378027,2.39445201,158.997488,8.697162593,150.3003254,0.267835817,0.221128573,14.69458531,0.803793816,13.89079149,11.0916146,1.024922389,150.8022514,13.93749874,1.053228374,0.870709822,57.81726836,3.162604579,54.65466378,0.097394843,0.08041039,5.343485566,0.29228866,5.051196906,4.033314401,0.37269905,54.83718233,5.068181359
SIPSEY,WENDELL_2,2019,S7,33.041085,-88.035372,1882.921356,20-40_13,Equilibrium,Quadrulini,PKIE,0.469107251,0.410966767,20.31052261,1.515164987,18.79535763,0.166435076,0.147060021,6.397685957,0.477267372,5.920418584,1.926131754,0.624327394,18.85349811,5.939793639,0.170584455,0.149442461,7.385644587,0.550969086,6.834675501,0.060521846,0.053476371,2.326431257,0.173551772,2.152879485,0.700411547,0.227028143,6.855817495,2.15992496
SIPSEY,WENDELL_2,2019,S7,33.041085,-88.035372,1882.921356,20-40_13,Periodic,Lampsilini,LSTR,0,0,0,0,0,0,0,0,0,0,0,0,0,0,0,0,0,0,0,0,0,0,0,0,0,0,0,NA
SIPSEY,WENDELL_2,2019,S7,33.041085,-88.035372,1882.921356,20-40_13,Periodic,Lampsilini,MACU,0,0,0,0,0,0,0,0,0,0,0,0,0,0,0,0,0,0,0,0,0,0,0,0,0,0,0,NA
SIPSEY,WENDELL_2,2019,S7,33.041085,-88.035372,1882.921356,20-40_13,Periodic,Lampsilini,OUNI,0,0,0,0,0,0,0,0,0,0,0,0,0,0,0,0,0,0,0,0,0,0,0,0,0,0,0,NA
SIPSEY,WENDELL_2,2019,S7,33.041085,-88.035372,1882.921356,20-40_13,Equilibrium,Quadrulini,QVER,0.23900906,0.114979017,7.679676862,0.471532159,7.208144702,0.161571206,0.085732182,5.136660615,0.315390962,4.821269654,0.586511176,0.401123144,7.332174745,4.897108677,0.086912385,0.041810552,2.792609768,0.17146624,2.621143528,0.058753166,0.031175339,1.867876587,0.114687622,1.753188965,0.213276791,0.145862961,2.666245362,1.780766792
SIPSEY,WENDELL_2,2019,S7,33.041085,-88.035372,1882.921356,20-40_13,Periodic,Pleurobemini,EARC,0,0,0,0,0,0,0,0,0,0,0,0,0,0,0,0,0,0,0,0,0,0,0,0,0,0,0,NA
SIPSEY,WENDELL_2,2019,S7,33.041085,-88.035372,1882.921356,20-40_13,Equilibrium,Amblemini,APLI,0,0,0,0,0,0,0,0,0,0,0,0,0,0,0,0,0,0,0,0,0,0,0,0,0,0,0,NA
SIPSEY,WENDELL_2,2019,S7,33.041085,-88.035372,1882.921356,20-40_13,Equilibrium,Pleurobemini,REBE,0,0,0,0,0,0,0,0,0,0,0,0,0,0,0,0,0,0,0,0,0,0,0,0,0,0,0,NA
SIPSEY,WENDELL_2,2019,S7,33.041085,-88.035372,1882.921356,20-40_13,Equilibrium,Quadrulini,QQUA,0,0,0,0,0,0,0,0,0,0,0,0,0,0,0,0,0,0,0,0,0,0,0,0,0,0,0,NA
SIPSEY,WENDELL_2,2019,S7,33.041085,-88.035372,1882.921356,20-40_13,Opportunistic,Lampsilini,TDON,0,0,0,0,0,0,0,0,0,0,0,0,0,0,0,0,0,0,0,0,0,0,0,0,0,0,0,NA
SIPSEY,WENDELL_2,2019,S7,33.041085,-88.035372,1882.921356,20-40_13,Equilibrium,Quadrulini,MNER,0,0,0,0,0,0,0,0,0,0,0,0,0,0,0,0,0,0,0,0,0,0,0,0,0,0,0,NA
SIPSEY,WENDELL_2,2019,S7,33.041085,-88.035372,1882.921356,20-40_13,Periodic,Lampsilini,LLIE,0,0,0,0,0,0,0,0,0,0,0,0,0,0,0,0,0,0,0,0,0,0,0,0,0,0,0,NA
SIPSEY,WENDELL_2,2019,S7,33.041085,-88.035372,1882.921356,20-40_13,Periodic,Lampsilini,ELIN,0,0,0,0,0,0,0,0,0,0,0,0,0,0,0,0,0,0,0,0,0,0,0,0,0,0,0,NA
SIPSEY,WENDELL_2,2019,S7,33.041085,-88.035372,1882.921356,20-40_13,Opportunistic,Lampsilini,PFRA,0,0,0,0,0,0,0,0,0,0,0,0,0,0,0,0,0,0,0,0,0,0,0,0,0,0,0,NA
SIPSEY,WENDELL_2,2019,S7,33.041085,-88.035372,1882.921356,20-40_13,Opportunistic,Lampsilini,LREC,0,0,0,0,0,0,0,0,0,0,0,0,0,0,0,0,0,0,0,0,0,0,0,0,0,0,0,NA
SIPSEY,WENDELL_2,2019,S7,33.041085,-88.035372,1882.921356,20-40_13,Periodic,Lampsilini,OARK,0.475473592,0.368579183,19.27571976,1.15076047,18.12495929,0.024011776,0.019331184,1.08474609,0.064759342,1.019986748,1.519339653,0.084090525,18.2318537,1.02466734,0.172899488,0.134028794,7.00935264,0.418458353,6.590894287,0.008731555,0.007029521,0.394453124,0.023548851,0.370904272,0.552487147,0.030578373,6.629764981,0.372606305
SIPSEY,WENDELL_2,2019,S7,33.041085,-88.035372,1882.921356,20-40_13,Opportunistic,Lampsilini,PINF,0,0,0,0,0,0,0,0,0,0,0,0,0,0,0,0,0,0,0,0,0,0,0,0,0,0,0,NA
SIPSEY,WENDELL_2,2019,S7,33.041085,-88.035372,1882.921356,20-40_13,Equilibrium,Pleurobemini,PPER,0,0,0,0,0,0,0,0,0,0,0,0,0,0,0,0,0,0,0,0,0,0,0,0,0,0,0,NA
SIPSEY,WENDELL_2,2019,S7,33.041085,-88.035372,1882.921356,20-40_13,Opportunistic,Lampsilini,LTER,0,0,0,0,0,0,0,0,0,0,0,0,0,0,0,0,0,0,0,0,0,0,0,0,0,0,0,NA
SIPSEY,WENDELL_2,2019,S7,33.041085,-88.035372,1882.921356,20-40_13,Periodic,Alasmodontini,SSUB,0,0,0,0,0,0,0,0,0,0,0,0,0,0,0,0,0,0,0,0,0,0,0,0,0,0,0,NA
SIPSEY,WENDELL_2,2019,S7,33.041085,-88.035372,1882.921356,20-40_13,Opportunistic,Lampsilini,TPAR,0,0,0,0,0,0,0,0,0,0,0,0,0,0,0,0,0,0,0,0,0,0,0,0,0,0,0,NA
SIPSEY,WENDELL_2,2019,S7,33.041085,-88.035372,1882.921356,20-40_13,Opportunistic,Lampsilini,PPUR,0,0,0,0,0,0,0,0,0,0,0,0,0,0,0,0,0,0,0,0,0,0,0,0,0,0,0,NA
SIPSEY,WENDELL_2,2019,S7,33.041085,-88.035372,1882.921356,20-40_13,Periodic,Lampsilini,HPER,0,0,0,0,0,0,0,0,0,0,0,0,0,0,0,0,0,0,0,0,0,0,0,0,0,0,0,NA
SIPSEY,WENDELL_2,2019,S7,33.041085,-88.035372,1882.921356,20-40_13,Periodic,Lampsilini,VVIB,0,0,0,0,0,0,0,0,0,0,0,0,0,0,0,0,0,0,0,0,0,0,0,0,0,0,0,NA
SIPSEY,WENDELL_2,2019,S7,33.041085,-88.035372,1882.921356,20-40_13,Periodic,Pleurobemini,ECRA,0,0,0,0,0,0,0,0,0,0,0,0,0,0,0,0,0,0,0,0,0,0,0,0,0,0,0,NA
SIPSEY,WENDELL_2,2019,S7,33.041085,-88.035372,1882.921356,20-40_13,Opportunistic,Lampsilini,TTRU,0,0,0,0,0,0,0,0,0,0,0,0,0,0,0,0,0,0,0,0,0,0,0,0,0,0,0,NA
SIPSEY,WENDELL_2,2019,S7,33.041085,-88.035372,1882.921356,20-40_13,NA,Lampsilini,LAMP,0,0,0,0,0,0,0,0,0,0,0,0,0,0,0,0,0,0,0,0,0,0,0,0,0,0,0,NA
SIPSEY,WENDELL_2,2019,S7,33.041085,-88.035372,1882.921356,20-40_13,Periodic,Anodontini,LCOM,0,0,0,0,0,0,0,0,0,0,0,0,0,0,0,0,0,0,0,0,0,0,0,0,0,0,0,NA
SIPSEY,WENDELL_2,2019,S7,33.041085,-88.035372,1882.921356,20-40_19,NA,Corbicula,CFLU,0.032291556,0.024230101,1.153501767,0.033566901,1.119934866,0.020214624,0.015496885,0.759138184,0.022090921,0.737047263,0.057797002,0.037587807,1.127996321,0.741765002,0.012916622,0.00969204,0.461400707,0.013426761,0.447973946,0.00808585,0.006198754,0.303655274,0.008836368,0.294818905,0.023118801,0.015035123,0.451198529,0.296706001
SIPSEY,WENDELL_2,2019,S7,33.041085,-88.035372,1882.921356,20-40_19,Equilibrium,Pleurobemini,FCER,0,0,0,0,0,0,0,0,0,0,0,0,0,0,0,0,0,0,0,0,0,0,0,0,0,0,0,NA
SIPSEY,WENDELL_2,2019,S7,33.041085,-88.035372,1882.921356,20-40_19,Opportunistic,Lampsilini,LORN,0.018406493,0.023461466,0.004205607,0.000486589,0.003719019,0.018406493,0.023461466,0.004205607,0.000486589,0.003719019,0.023948055,0.023948055,-0.001335954,-0.001335954,0.007362597,0.009384586,0.001682243,0.000194636,0.001487607,0.007362597,0.009384586,0.001682243,0.000194636,0.001487607,0.009579222,0.009579222,-0.000534382,-0.000534382
SIPSEY,WENDELL_2,2019,S7,33.041085,-88.035372,1882.921356,20-40_19,Periodic,Lampsilini,OREF,0,0,0,0,0,0,0,0,0,0,0,0,0,0,0,0,0,0,0,0,0,0,0,0,0,0,0,NA
SIPSEY,WENDELL_2,2019,S7,33.041085,-88.035372,1882.921356,20-40_19,Equilibrium,Pleurobemini,PDEC,1.661176823,1.374621487,91.2288698,4.990219178,86.23865062,0.168750649,0.138333251,9.230147069,0.504889045,8.725258025,6.364840665,0.643222295,86.52520595,8.755675423,0.664470729,0.549848595,36.49154792,1.996087671,34.49546025,0.06750026,0.0553333,3.692058828,0.201955618,3.49010321,2.545936266,0.257288918,34.61008238,3.502270169
SIPSEY,WENDELL_2,2019,S7,33.041085,-88.035372,1882.921356,20-40_19,Equilibrium,Quadrulini,PKIE,1.89724416,1.684860772,69.36439841,5.174584121,64.18981429,0.196431715,0.175134658,6.839978984,0.510262432,6.329716551,6.859444893,0.685397091,64.40219768,6.351013608,0.758897664,0.673944309,27.74575936,2.069833649,25.67592572,0.078572686,0.070053863,2.735991593,0.204104973,2.531886621,2.743777957,0.274158836,25.76087907,2.540405443
SIPSEY,WENDELL_2,2019,S7,33.041085,-88.035372,1882.921356,20-40_19,Periodic,Lampsilini,LSTR,0,0,0,0,0,0,0,0,0,0,0,0,0,0,0,0,0,0,0,0,0,0,0,0,0,0,0,NA
SIPSEY,WENDELL_2,2019,S7,33.041085,-88.035372,1882.921356,20-40_19,Periodic,Lampsilini,MACU,0.034068473,0.027837125,0.420463344,0.024765291,0.395698053,0.027251546,0.022857697,0.334417464,0.019697189,0.314720275,0.052602416,0.042554886,0.401929401,0.319114124,0.013627389,0.01113485,0.168185338,0.009906116,0.158279221,0.010900618,0.009143079,0.133766986,0.007878875,0.12588811,0.021040966,0.017021954,0.16077176,0.12764565
SIPSEY,WENDELL_2,2019,S7,33.041085,-88.035372,1882.921356,20-40_19,Periodic,Lampsilini,OUNI,0,0,0,0,0,0,0,0,0,0,0,0,0,0,0,0,0,0,0,0,0,0,0,0,0,0,0,NA
SIPSEY,WENDELL_2,2019,S7,33.041085,-88.035372,1882.921356,20-40_19,Equilibrium,Quadrulini,QVER,0,0,0,0,0,0,0,0,0,0,0,0,0,0,0,0,0,0,0,0,0,0,0,0,0,0,0,NA
SIPSEY,WENDELL_2,2019,S7,33.041085,-88.035372,1882.921356,20-40_19,Periodic,Pleurobemini,EARC,0,0,0,0,0,0,0,0,0,0,0,0,0,0,0,0,0,0,0,0,0,0,0,0,0,0,0,NA
SIPSEY,WENDELL_2,2019,S7,33.041085,-88.035372,1882.921356,20-40_19,Equilibrium,Amblemini,APLI,0,0,0,0,0,0,0,0,0,0,0,0,0,0,0,0,0,0,0,0,0,0,0,0,0,0,0,NA
SIPSEY,WENDELL_2,2019,S7,33.041085,-88.035372,1882.921356,20-40_19,Equilibrium,Pleurobemini,REBE,0,0,0,0,0,0,0,0,0,0,0,0,0,0,0,0,0,0,0,0,0,0,0,0,0,0,0,NA
SIPSEY,WENDELL_2,2019,S7,33.041085,-88.035372,1882.921356,20-40_19,Equilibrium,Quadrulini,QQUA,0,0,0,0,0,0,0,0,0,0,0,0,0,0,0,0,0,0,0,0,0,0,0,0,0,0,0,NA
SIPSEY,WENDELL_2,2019,S7,33.041085,-88.035372,1882.921356,20-40_19,Opportunistic,Lampsilini,TDON,0,0,0,0,0,0,0,0,0,0,0,0,0,0,0,0,0,0,0,0,0,0,0,0,0,0,0,NA
SIPSEY,WENDELL_2,2019,S7,33.041085,-88.035372,1882.921356,20-40_19,Equilibrium,Quadrulini,MNER,0,0,0,0,0,0,0,0,0,0,0,0,0,0,0,0,0,0,0,0,0,0,0,0,0,0,0,NA
SIPSEY,WENDELL_2,2019,S7,33.041085,-88.035372,1882.921356,20-40_19,Periodic,Lampsilini,LLIE,0,0,0,0,0,0,0,0,0,0,0,0,0,0,0,0,0,0,0,0,0,0,0,0,0,0,0,NA
SIPSEY,WENDELL_2,2019,S7,33.041085,-88.035372,1882.921356,20-40_19,Periodic,Lampsilini,ELIN,0,0,0,0,0,0,0,0,0,0,0,0,0,0,0,0,0,0,0,0,0,0,0,0,0,0,0,NA
SIPSEY,WENDELL_2,2019,S7,33.041085,-88.035372,1882.921356,20-40_19,Opportunistic,Lampsilini,PFRA,0,0,0,0,0,0,0,0,0,0,0,0,0,0,0,0,0,0,0,0,0,0,0,0,0,0,0,NA
SIPSEY,WENDELL_2,2019,S7,33.041085,-88.035372,1882.921356,20-40_19,Opportunistic,Lampsilini,LREC,0,0,0,0,0,0,0,0,0,0,0,0,0,0,0,0,0,0,0,0,0,0,0,0,0,0,0,NA
SIPSEY,WENDELL_2,2019,S7,33.041085,-88.035372,1882.921356,20-40_19,Periodic,Lampsilini,OARK,0,0,0,0,0,0,0,0,0,0,0,0,0,0,0,0,0,0,0,0,0,0,0,0,0,0,0,NA
SIPSEY,WENDELL_2,2019,S7,33.041085,-88.035372,1882.921356,20-40_19,Opportunistic,Lampsilini,PINF,0,0,0,0,0,0,0,0,0,0,0,0,0,0,0,0,0,0,0,0,0,0,0,0,0,0,0,NA
SIPSEY,WENDELL_2,2019,S7,33.041085,-88.035372,1882.921356,20-40_19,Equilibrium,Pleurobemini,PPER,0,0,0,0,0,0,0,0,0,0,0,0,0,0,0,0,0,0,0,0,0,0,0,0,0,0,0,NA
SIPSEY,WENDELL_2,2019,S7,33.041085,-88.035372,1882.921356,20-40_19,Opportunistic,Lampsilini,LTER,0,0,0,0,0,0,0,0,0,0,0,0,0,0,0,0,0,0,0,0,0,0,0,0,0,0,0,NA
SIPSEY,WENDELL_2,2019,S7,33.041085,-88.035372,1882.921356,20-40_19,Periodic,Alasmodontini,SSUB,0,0,0,0,0,0,0,0,0,0,0,0,0,0,0,0,0,0,0,0,0,0,0,0,0,0,0,NA
SIPSEY,WENDELL_2,2019,S7,33.041085,-88.035372,1882.921356,20-40_19,Opportunistic,Lampsilini,TPAR,0,0,0,0,0,0,0,0,0,0,0,0,0,0,0,0,0,0,0,0,0,0,0,0,0,0,0,NA
SIPSEY,WENDELL_2,2019,S7,33.041085,-88.035372,1882.921356,20-40_19,Opportunistic,Lampsilini,PPUR,0,0,0,0,0,0,0,0,0,0,0,0,0,0,0,0,0,0,0,0,0,0,0,0,0,0,0,NA
SIPSEY,WENDELL_2,2019,S7,33.041085,-88.035372,1882.921356,20-40_19,Periodic,Lampsilini,HPER,0,0,0,0,0,0,0,0,0,0,0,0,0,0,0,0,0,0,0,0,0,0,0,0,0,0,0,NA
SIPSEY,WENDELL_2,2019,S7,33.041085,-88.035372,1882.921356,20-40_19,Periodic,Lampsilini,VVIB,0,0,0,0,0,0,0,0,0,0,0,0,0,0,0,0,0,0,0,0,0,0,0,0,0,0,0,NA
SIPSEY,WENDELL_2,2019,S7,33.041085,-88.035372,1882.921356,20-40_19,Periodic,Pleurobemini,ECRA,0,0,0,0,0,0,0,0,0,0,0,0,0,0,0,0,0,0,0,0,0,0,0,0,0,0,0,NA
SIPSEY,WENDELL_2,2019,S7,33.041085,-88.035372,1882.921356,20-40_19,Opportunistic,Lampsilini,TTRU,0,0,0,0,0,0,0,0,0,0,0,0,0,0,0,0,0,0,0,0,0,0,0,0,0,0,0,NA
SIPSEY,WENDELL_2,2019,S7,33.041085,-88.035372,1882.921356,20-40_19,NA,Lampsilini,LAMP,0,0,0,0,0,0,0,0,0,0,0,0,0,0,0,0,0,0,0,0,0,0,0,0,0,0,0,NA
SIPSEY,WENDELL_2,2019,S7,33.041085,-88.035372,1882.921356,20-40_19,Periodic,Anodontini,LCOM,0,0,0,0,0,0,0,0,0,0,0,0,0,0,0,0,0,0,0,0,0,0,0,0,0,0,0,NA
SIPSEY,WENDELL_2,2019,S7,33.041085,-88.035372,1882.921356,20-40_3,NA,Corbicula,CFLU,0.050963777,0.038529747,1.854868819,0.053976683,1.800892137,0.026809913,0.021063316,1.066141653,0.031024722,1.035116931,0.092506429,0.052088038,1.813326167,1.040863528,0.022650568,0.017124332,0.824386142,0.023989637,0.800396505,0.011915517,0.009361474,0.473840735,0.013788765,0.460051969,0.041113969,0.023150239,0.805922741,0.462606012
SIPSEY,WENDELL_2,2019,S7,33.041085,-88.035372,1882.921356,20-40_3,Equilibrium,Pleurobemini,FCER,0,0,0,0,0,0,0,0,0,0,0,0,0,0,0,0,0,0,0,0,0,0,0,0,0,0,0,NA
SIPSEY,WENDELL_2,2019,S7,33.041085,-88.035372,1882.921356,20-40_3,Opportunistic,Lampsilini,LORN,3.888517268,2.881224633,50.59170146,5.853459859,44.7382416,0,0,0,0,0,8.734684492,0,45.74553424,0,1.728229897,1.280544281,22.48520065,2.601537715,19.88366293,0,0,0,0,0,3.882081996,0,20.33134855,0
SIPSEY,WENDELL_2,2019,S7,33.041085,-88.035372,1882.921356,20-40_3,Periodic,Lampsilini,OREF,0.166692887,0.148677136,9.0632319,0.373405154,8.689826746,0.069166254,0.060560033,3.462252354,0.142644797,3.319607557,0.52208229,0.20320483,8.707842497,3.328213778,0.074085728,0.066078727,4.028103067,0.165957846,3.86214522,0.030740557,0.02691557,1.538778824,0.063397688,1.475381136,0.232036573,0.090313258,3.870152221,1.479206124
SIPSEY,WENDELL_2,2019,S7,33.041085,-88.035372,1882.921356,20-40_3,Equilibrium,Pleurobemini,PDEC,1.056808109,0.880049117,58.19601745,3.183322154,55.01269529,0.216387792,0.179140798,11.8859944,0.650163894,11.2358305,4.063371272,0.829304692,55.18945429,11.2730775,0.469692493,0.391132941,25.86489664,1.414809846,24.4500868,0.096172352,0.079618133,5.282664177,0.28896173,4.993702446,1.805942788,0.368579863,24.52864635,5.010256665
SIPSEY,WENDELL_2,2019,S7,33.041085,-88.035372,1882.921356,20-40_3,Equilibrium,Quadrulini,PKIE,3.442066047,3.063952228,122.0689522,9.106343835,112.9626084,0.220071099,0.196536188,7.476900849,0.557776803,6.919124046,12.17029606,0.754312992,113.3407222,6.942658957,1.529807132,1.361756546,54.25286765,4.047263927,50.20560372,0.097809377,0.087349417,3.323067044,0.247900801,3.075166243,5.409020472,0.335250218,50.37365431,3.085626203
SIPSEY,WENDELL_2,2019,S7,33.041085,-88.035372,1882.921356,20-40_3,Periodic,Lampsilini,LSTR,0,0,0,0,0,0,0,0,0,0,0,0,0,0,0,0,0,0,0,0,0,0,0,0,0,0,0,NA
SIPSEY,WENDELL_2,2019,S7,33.041085,-88.035372,1882.921356,20-40_3,Periodic,Lampsilini,MACU,0.034068473,0.027837125,0.420463344,0.024765291,0.395698053,0.027251546,0.022857697,0.334417464,0.019697189,0.314720275,0.052602416,0.042554886,0.401929401,0.319114124,0.015141543,0.012372055,0.186872597,0.011006796,0.175865801,0.012111798,0.010158977,0.148629984,0.008754306,0.139875678,0.023378851,0.018913283,0.178635289,0.1418285
SIPSEY,WENDELL_2,2019,S7,33.041085,-88.035372,1882.921356,20-40_3,Periodic,Lampsilini,OUNI,0,0,0,0,0,0,0,0,0,0,0,0,0,0,0,0,0,0,0,0,0,0,0,0,0,0,0,NA
SIPSEY,WENDELL_2,2019,S7,33.041085,-88.035372,1882.921356,20-40_3,Equilibrium,Quadrulini,QVER,0,0,0,0,0,0,0,0,0,0,0,0,0,0,0,0,0,0,0,0,0,0,0,0,0,0,0,NA
SIPSEY,WENDELL_2,2019,S7,33.041085,-88.035372,1882.921356,20-40_3,Periodic,Pleurobemini,EARC,0,0,0,0,0,0,0,0,0,0,0,0,0,0,0,0,0,0,0,0,0,0,0,0,0,0,0,NA
SIPSEY,WENDELL_2,2019,S7,33.041085,-88.035372,1882.921356,20-40_3,Equilibrium,Amblemini,APLI,0,0,0,0,0,0,0,0,0,0,0,0,0,0,0,0,0,0,0,0,0,0,0,0,0,0,0,NA
SIPSEY,WENDELL_2,2019,S7,33.041085,-88.035372,1882.921356,20-40_3,Equilibrium,Pleurobemini,REBE,0,0,0,0,0,0,0,0,0,0,0,0,0,0,0,0,0,0,0,0,0,0,0,0,0,0,0,NA
SIPSEY,WENDELL_2,2019,S7,33.041085,-88.035372,1882.921356,20-40_3,Equilibrium,Quadrulini,QQUA,0,0,0,0,0,0,0,0,0,0,0,0,0,0,0,0,0,0,0,0,0,0,0,0,0,0,0,NA
SIPSEY,WENDELL_2,2019,S7,33.041085,-88.035372,1882.921356,20-40_3,Opportunistic,Lampsilini,TDON,0,0,0,0,0,0,0,0,0,0,0,0,0,0,0,0,0,0,0,0,0,0,0,0,0,0,0,NA
SIPSEY,WENDELL_2,2019,S7,33.041085,-88.035372,1882.921356,20-40_3,Equilibrium,Quadrulini,MNER,0,0,0,0,0,0,0,0,0,0,0,0,0,0,0,0,0,0,0,0,0,0,0,0,0,0,0,NA
SIPSEY,WENDELL_2,2019,S7,33.041085,-88.035372,1882.921356,20-40_3,Periodic,Lampsilini,LLIE,0,0,0,0,0,0,0,0,0,0,0,0,0,0,0,0,0,0,0,0,0,0,0,0,0,0,0,NA
SIPSEY,WENDELL_2,2019,S7,33.041085,-88.035372,1882.921356,20-40_3,Periodic,Lampsilini,ELIN,0,0,0,0,0,0,0,0,0,0,0,0,0,0,0,0,0,0,0,0,0,0,0,0,0,0,0,NA
SIPSEY,WENDELL_2,2019,S7,33.041085,-88.035372,1882.921356,20-40_3,Opportunistic,Lampsilini,PFRA,0,0,0,0,0,0,0,0,0,0,0,0,0,0,0,0,0,0,0,0,0,0,0,0,0,0,0,NA
SIPSEY,WENDELL_2,2019,S7,33.041085,-88.035372,1882.921356,20-40_3,Opportunistic,Lampsilini,LREC,0,0,0,0,0,0,0,0,0,0,0,0,0,0,0,0,0,0,0,0,0,0,0,0,0,0,0,NA
SIPSEY,WENDELL_2,2019,S7,33.041085,-88.035372,1882.921356,20-40_3,Periodic,Lampsilini,OARK,0,0,0,0,0,0,0,0,0,0,0,0,0,0,0,0,0,0,0,0,0,0,0,0,0,0,0,NA
SIPSEY,WENDELL_2,2019,S7,33.041085,-88.035372,1882.921356,20-40_3,Opportunistic,Lampsilini,PINF,0,0,0,0,0,0,0,0,0,0,0,0,0,0,0,0,0,0,0,0,0,0,0,0,0,0,0,NA
SIPSEY,WENDELL_2,2019,S7,33.041085,-88.035372,1882.921356,20-40_3,Equilibrium,Pleurobemini,PPER,0,0,0,0,0,0,0,0,0,0,0,0,0,0,0,0,0,0,0,0,0,0,0,0,0,0,0,NA
SIPSEY,WENDELL_2,2019,S7,33.041085,-88.035372,1882.921356,20-40_3,Opportunistic,Lampsilini,LTER,0,0,0,0,0,0,0,0,0,0,0,0,0,0,0,0,0,0,0,0,0,0,0,0,0,0,0,NA
SIPSEY,WENDELL_2,2019,S7,33.041085,-88.035372,1882.921356,20-40_3,Periodic,Alasmodontini,SSUB,0,0,0,0,0,0,0,0,0,0,0,0,0,0,0,0,0,0,0,0,0,0,0,0,0,0,0,NA
SIPSEY,WENDELL_2,2019,S7,33.041085,-88.035372,1882.921356,20-40_3,Opportunistic,Lampsilini,TPAR,0,0,0,0,0,0,0,0,0,0,0,0,0,0,0,0,0,0,0,0,0,0,0,0,0,0,0,NA
SIPSEY,WENDELL_2,2019,S7,33.041085,-88.035372,1882.921356,20-40_3,Opportunistic,Lampsilini,PPUR,0,0,0,0,0,0,0,0,0,0,0,0,0,0,0,0,0,0,0,0,0,0,0,0,0,0,0,NA
SIPSEY,WENDELL_2,2019,S7,33.041085,-88.035372,1882.921356,20-40_3,Periodic,Lampsilini,HPER,0,0,0,0,0,0,0,0,0,0,0,0,0,0,0,0,0,0,0,0,0,0,0,0,0,0,0,NA
SIPSEY,WENDELL_2,2019,S7,33.041085,-88.035372,1882.921356,20-40_3,Periodic,Lampsilini,VVIB,0,0,0,0,0,0,0,0,0,0,0,0,0,0,0,0,0,0,0,0,0,0,0,0,0,0,0,NA
SIPSEY,WENDELL_2,2019,S7,33.041085,-88.035372,1882.921356,20-40_3,Periodic,Pleurobemini,ECRA,0,0,0,0,0,0,0,0,0,0,0,0,0,0,0,0,0,0,0,0,0,0,0,0,0,0,0,NA
SIPSEY,WENDELL_2,2019,S7,33.041085,-88.035372,1882.921356,20-40_3,Opportunistic,Lampsilini,TTRU,0,0,0,0,0,0,0,0,0,0,0,0,0,0,0,0,0,0,0,0,0,0,0,0,0,0,0,NA
SIPSEY,WENDELL_2,2019,S7,33.041085,-88.035372,1882.921356,20-40_3,NA,Lampsilini,LAMP,0,0,0,0,0,0,0,0,0,0,0,0,0,0,0,0,0,0,0,0,0,0,0,0,0,0,0,NA
SIPSEY,WENDELL_2,2019,S7,33.041085,-88.035372,1882.921356,20-40_3,Periodic,Anodontini,LCOM,0,0,0,0,0,0,0,0,0,0,0,0,0,0,0,0,0,0,0,0,0,0,0,0,0,0,0,NA
SIPSEY,WENDELL_2,2019,S7,33.041085,-88.035372,1882.921356,20-40_9,NA,Corbicula,CFLU,0,0,0,0,0,0,0,0,0,0,0,0,0,0,0,0,0,0,0,0,0,0,0,0,0,0,0,NA
SIPSEY,WENDELL_2,2019,S7,33.041085,-88.035372,1882.921356,20-40_9,Equilibrium,Pleurobemini,FCER,0,0,0,0,0,0,0,0,0,0,0,0,0,0,0,0,0,0,0,0,0,0,0,0,0,0,0,NA
SIPSEY,WENDELL_2,2019,S7,33.041085,-88.035372,1882.921356,20-40_9,Opportunistic,Lampsilini,LORN,3.783878506,2.811452834,48.22664255,5.579822543,42.64682,0,0,0,0,0,8.391275377,0,43.61924568,0,1.375955821,1.022346485,17.53696093,2.029026379,15.50793455,0,0,0,0,0,3.051372864,0,15.86154388,0
SIPSEY,WENDELL_2,2019,S7,33.041085,-88.035372,1882.921356,20-40_9,Periodic,Lampsilini,OREF,0,0,0,0,0,0,0,0,0,0,0,0,0,0,0,0,0,0,0,0,0,0,0,0,0,0,0,NA
SIPSEY,WENDELL_2,2019,S7,33.041085,-88.035372,1882.921356,20-40_9,Equilibrium,Pleurobemini,PDEC,1.032549303,0.854395563,56.70449898,3.101736094,53.60276288,0.107878633,0.088949197,5.915314986,0.32356773,5.591747257,3.956131657,0.412516926,53.78091662,5.610676693,0.375472474,0.310689296,20.61981781,1.127904034,19.49191378,0.039228594,0.032345162,2.151023631,0.117660993,2.033362639,1.43859333,0.150006155,19.55669695,2.04024607
SIPSEY,WENDELL_2,2019,S7,33.041085,-88.035372,1882.921356,20-40_9,Equilibrium,Quadrulini,PKIE,0,0,0,0,0,0,0,0,0,0,0,0,0,0,0,0,0,0,0,0,0,0,0,0,0,0,0,NA
SIPSEY,WENDELL_2,2019,S7,33.041085,-88.035372,1882.921356,20-40_9,Periodic,Lampsilini,LSTR,0,0,0,0,0,0,0,0,0,0,0,0,0,0,0,0,0,0,0,0,0,0,0,0,0,0,0,NA
SIPSEY,WENDELL_2,2019,S7,33.041085,-88.035372,1882.921356,20-40_9,Periodic,Lampsilini,MACU,0,0,0,0,0,0,0,0,0,0,0,0,0,0,0,0,0,0,0,0,0,0,0,0,0,0,0,NA
SIPSEY,WENDELL_2,2019,S7,33.041085,-88.035372,1882.921356,20-40_9,Periodic,Lampsilini,OUNI,0.320793393,0.244827366,12.41628121,0.741251988,11.67502922,0.071767718,0.05666966,3.060856637,0.182733141,2.878123496,0.986079354,0.239402801,11.75099525,2.893221554,0.116652143,0.089028133,4.515011348,0.269546177,4.24546517,0.026097352,0.020607149,1.113038777,0.066448415,1.046590362,0.35857431,0.087055564,4.27308918,1.052080565
SIPSEY,WENDELL_2,2019,S7,33.041085,-88.035372,1882.921356,20-40_9,Equilibrium,Quadrulini,QVER,0,0,0,0,0,0,0,0,0,0,0,0,0,0,0,0,0,0,0,0,0,0,0,0,0,0,0,NA
SIPSEY,WENDELL_2,2019,S7,33.041085,-88.035372,1882.921356,20-40_9,Periodic,Pleurobemini,EARC,0,0,0,0,0,0,0,0,0,0,0,0,0,0,0,0,0,0,0,0,0,0,0,0,0,0,0,NA
SIPSEY,WENDELL_2,2019,S7,33.041085,-88.035372,1882.921356,20-40_9,Equilibrium,Amblemini,APLI,0,0,0,0,0,0,0,0,0,0,0,0,0,0,0,0,0,0,0,0,0,0,0,0,0,0,0,NA
SIPSEY,WENDELL_2,2019,S7,33.041085,-88.035372,1882.921356,20-40_9,Equilibrium,Pleurobemini,REBE,0,0,0,0,0,0,0,0,0,0,0,0,0,0,0,0,0,0,0,0,0,0,0,0,0,0,0,NA
SIPSEY,WENDELL_2,2019,S7,33.041085,-88.035372,1882.921356,20-40_9,Equilibrium,Quadrulini,QQUA,0,0,0,0,0,0,0,0,0,0,0,0,0,0,0,0,0,0,0,0,0,0,0,0,0,0,0,NA
SIPSEY,WENDELL_2,2019,S7,33.041085,-88.035372,1882.921356,20-40_9,Opportunistic,Lampsilini,TDON,0,0,0,0,0,0,0,0,0,0,0,0,0,0,0,0,0,0,0,0,0,0,0,0,0,0,0,NA
SIPSEY,WENDELL_2,2019,S7,33.041085,-88.035372,1882.921356,20-40_9,Equilibrium,Quadrulini,MNER,0,0,0,0,0,0,0,0,0,0,0,0,0,0,0,0,0,0,0,0,0,0,0,0,0,0,0,NA
SIPSEY,WENDELL_2,2019,S7,33.041085,-88.035372,1882.921356,20-40_9,Periodic,Lampsilini,LLIE,0,0,0,0,0,0,0,0,0,0,0,0,0,0,0,0,0,0,0,0,0,0,0,0,0,0,0,NA
SIPSEY,WENDELL_2,2019,S7,33.041085,-88.035372,1882.921356,20-40_9,Periodic,Lampsilini,ELIN,0,0,0,0,0,0,0,0,0,0,0,0,0,0,0,0,0,0,0,0,0,0,0,0,0,0,0,NA
SIPSEY,WENDELL_2,2019,S7,33.041085,-88.035372,1882.921356,20-40_9,Opportunistic,Lampsilini,PFRA,0,0,0,0,0,0,0,0,0,0,0,0,0,0,0,0,0,0,0,0,0,0,0,0,0,0,0,NA
SIPSEY,WENDELL_2,2019,S7,33.041085,-88.035372,1882.921356,20-40_9,Opportunistic,Lampsilini,LREC,0,0,0,0,0,0,0,0,0,0,0,0,0,0,0,0,0,0,0,0,0,0,0,0,0,0,0,NA
SIPSEY,WENDELL_2,2019,S7,33.041085,-88.035372,1882.921356,20-40_9,Periodic,Lampsilini,OARK,0,0,0,0,0,0,0,0,0,0,0,0,0,0,0,0,0,0,0,0,0,0,0,0,0,0,0,NA
SIPSEY,WENDELL_2,2019,S7,33.041085,-88.035372,1882.921356,20-40_9,Opportunistic,Lampsilini,PINF,0,0,0,0,0,0,0,0,0,0,0,0,0,0,0,0,0,0,0,0,0,0,0,0,0,0,0,NA
SIPSEY,WENDELL_2,2019,S7,33.041085,-88.035372,1882.921356,20-40_9,Equilibrium,Pleurobemini,PPER,0,0,0,0,0,0,0,0,0,0,0,0,0,0,0,0,0,0,0,0,0,0,0,0,0,0,0,NA
SIPSEY,WENDELL_2,2019,S7,33.041085,-88.035372,1882.921356,20-40_9,Opportunistic,Lampsilini,LTER,0,0,0,0,0,0,0,0,0,0,0,0,0,0,0,0,0,0,0,0,0,0,0,0,0,0,0,NA
SIPSEY,WENDELL_2,2019,S7,33.041085,-88.035372,1882.921356,20-40_9,Periodic,Alasmodontini,SSUB,0,0,0,0,0,0,0,0,0,0,0,0,0,0,0,0,0,0,0,0,0,0,0,0,0,0,0,NA
SIPSEY,WENDELL_2,2019,S7,33.041085,-88.035372,1882.921356,20-40_9,Opportunistic,Lampsilini,TPAR,0,0,0,0,0,0,0,0,0,0,0,0,0,0,0,0,0,0,0,0,0,0,0,0,0,0,0,NA
SIPSEY,WENDELL_2,2019,S7,33.041085,-88.035372,1882.921356,20-40_9,Opportunistic,Lampsilini,PPUR,0,0,0,0,0,0,0,0,0,0,0,0,0,0,0,0,0,0,0,0,0,0,0,0,0,0,0,NA
SIPSEY,WENDELL_2,2019,S7,33.041085,-88.035372,1882.921356,20-40_9,Periodic,Lampsilini,HPER,0,0,0,0,0,0,0,0,0,0,0,0,0,0,0,0,0,0,0,0,0,0,0,0,0,0,0,NA
SIPSEY,WENDELL_2,2019,S7,33.041085,-88.035372,1882.921356,20-40_9,Periodic,Lampsilini,VVIB,0,0,0,0,0,0,0,0,0,0,0,0,0,0,0,0,0,0,0,0,0,0,0,0,0,0,0,NA
SIPSEY,WENDELL_2,2019,S7,33.041085,-88.035372,1882.921356,20-40_9,Periodic,Pleurobemini,ECRA,0,0,0,0,0,0,0,0,0,0,0,0,0,0,0,0,0,0,0,0,0,0,0,0,0,0,0,NA
SIPSEY,WENDELL_2,2019,S7,33.041085,-88.035372,1882.921356,20-40_9,Opportunistic,Lampsilini,TTRU,0,0,0,0,0,0,0,0,0,0,0,0,0,0,0,0,0,0,0,0,0,0,0,0,0,0,0,NA
SIPSEY,WENDELL_2,2019,S7,33.041085,-88.035372,1882.921356,20-40_9,NA,Lampsilini,LAMP,0,0,0,0,0,0,0,0,0,0,0,0,0,0,0,0,0,0,0,0,0,0,0,0,0,0,0,NA
SIPSEY,WENDELL_2,2019,S7,33.041085,-88.035372,1882.921356,20-40_9,Periodic,Anodontini,LCOM,0,0,0,0,0,0,0,0,0,0,0,0,0,0,0,0,0,0,0,0,0,0,0,0,0,0,0,NA
SIPSEY,WENDELL_2,2019,S7,33.041085,-88.035372,1882.921356,40-60_13,NA,Corbicula,CFLU,0.176298222,0.136550233,6.810091088,0.198173651,6.611917437,0.103836629,0.08415094,4.443909588,0.129317769,4.314591819,0.334723883,0.213468709,6.651665426,4.334277508,0.100741841,0.078028704,3.891480622,0.113242086,3.778238536,0.059335217,0.048086252,2.539376908,0.073895868,2.46548104,0.191270791,0.12198212,3.800951672,2.476730005
SIPSEY,WENDELL_2,2019,S7,33.041085,-88.035372,1882.921356,40-60_13,Equilibrium,Pleurobemini,FCER,0.065237997,0.061466402,3.512291992,0.183341642,3.32895035,0.045814669,0.042340003,2.306740283,0.120411843,2.18632844,0.244808044,0.162751846,3.332721946,2.189803106,0.037278855,0.035123658,2.007023996,0.104766653,1.902257343,0.026179811,0.024194288,1.318137304,0.068806767,1.249330537,0.139890311,0.093001055,1.90441254,1.251316061
SIPSEY,WENDELL_2,2019,S7,33.041085,-88.035372,1882.921356,40-60_13,Opportunistic,Lampsilini,LORN,3.603119166,2.703952021,43.75541115,5.06250107,38.69291008,0.023601429,0.029334672,0.006506099,0.000752756,0.005753344,7.76645309,0.030087428,39.59207722,2.0100265842463e-05,2.058925238,1.54511544,25.00309208,2.892857754,22.11023433,0.013486531,0.01676267,0.003717771,0.000430146,0.003287625,4.437973195,0.017192816,22.62404413,1.148586619573e-05
SIPSEY,WENDELL_2,2019,S7,33.041085,-88.035372,1882.921356,40-60_13,Periodic,Lampsilini,OREF,0,0,0,0,0,0,0,0,0,0,0,0,0,0,0,0,0,0,0,0,0,0,0,0,0,0,0,NA
SIPSEY,WENDELL_2,2019,S7,33.041085,-88.035372,1882.921356,40-60_13,Equilibrium,Pleurobemini,PDEC,5.265633151,4.371988643,289.5982415,15.84102381,273.7572177,0.816818411,0.673170695,44.78013766,2.44947353,42.33066413,20.21301245,3.122644226,274.6508622,42.47431185,3.008933229,2.498279225,165.4847094,9.052013605,156.4326958,0.466753378,0.384668969,25.58865009,1.39969916,24.18895093,11.55029283,1.784368129,156.9433498,24.27103534
SIPSEY,WENDELL_2,2019,S7,33.041085,-88.035372,1882.921356,40-60_13,Equilibrium,Quadrulini,PKIE,2.838677872,2.523055363,102.7104206,7.662197376,95.04822321,0.256750009,0.228778512,8.951927787,0.667813813,8.284113974,10.18525274,0.896592324,95.36384572,8.312085471,1.622101641,1.441745921,58.69166891,4.378398501,54.31327041,0.146714291,0.130730578,5.115387307,0.381607893,4.733779414,5.820144422,0.512338471,54.49362613,4.749763126
SIPSEY,WENDELL_2,2019,S7,33.041085,-88.035372,1882.921356,40-60_13,Periodic,Lampsilini,LSTR,0,0,0,0,0,0,0,0,0,0,0,0,0,0,0,0,0,0,0,0,0,0,0,0,0,0,0,NA
SIPSEY,WENDELL_2,2019,S7,33.041085,-88.035372,1882.921356,40-60_13,Periodic,Lampsilini,MACU,0.218486951,0.189817355,2.663863656,0.156901569,2.506962087,0.058035395,0.050454423,0.707073187,0.041646611,0.665426576,0.346718924,0.092101034,2.535631683,0.673007548,0.124849686,0.10846706,1.522207803,0.08965804,1.432549764,0.033163083,0.028831099,0.404041821,0.023798063,0.380243758,0.1981251,0.052629162,1.44893239,0.384575742
SIPSEY,WENDELL_2,2019,S7,33.041085,-88.035372,1882.921356,40-60_13,Periodic,Lampsilini,OUNI,0.288575933,0.21931778,11.0310106,0.658551333,10.37245927,0.070833509,0.05566949,2.979092308,0.177851811,2.801240497,0.877869113,0.233521301,10.44171742,2.816404516,0.164900533,0.125324446,6.303434631,0.376315047,5.927119584,0.040476291,0.031811137,1.702338462,0.101629606,1.600708856,0.501639493,0.133440743,5.966695671,1.609374009
SIPSEY,WENDELL_2,2019,S7,33.041085,-88.035372,1882.921356,40-60_13,Equilibrium,Quadrulini,QVER,3.099459181,2.584663851,94.7739854,5.819122704,88.9548627,0.198101258,0.199262972,5.94404843,0.364964574,5.579083856,8.403786555,0.564227545,89.46965803,5.577922143,1.771119532,1.476950772,54.15656309,3.325212973,50.83135011,0.113200719,0.113864555,3.396599103,0.208551185,3.188047918,4.802163746,0.32241574,51.12551887,3.187384081
SIPSEY,WENDELL_2,2019,S7,33.041085,-88.035372,1882.921356,40-60_13,Periodic,Pleurobemini,EARC,0,0,0,0,0,0,0,0,0,0,0,0,0,0,0,0,0,0,0,0,0,0,0,0,0,0,0,NA
SIPSEY,WENDELL_2,2019,S7,33.041085,-88.035372,1882.921356,40-60_13,Equilibrium,Amblemini,APLI,0,0,0,0,0,0,0,0,0,0,0,0,0,0,0,0,0,0,0,0,0,0,0,0,0,0,0,NA
SIPSEY,WENDELL_2,2019,S7,33.041085,-88.035372,1882.921356,40-60_13,Equilibrium,Pleurobemini,REBE,0,0,0,0,0,0,0,0,0,0,0,0,0,0,0,0,0,0,0,0,0,0,0,0,0,0,0,NA
SIPSEY,WENDELL_2,2019,S7,33.041085,-88.035372,1882.921356,40-60_13,Equilibrium,Quadrulini,QQUA,0,0,0,0,0,0,0,0,0,0,0,0,0,0,0,0,0,0,0,0,0,0,0,0,0,0,0,NA
SIPSEY,WENDELL_2,2019,S7,33.041085,-88.035372,1882.921356,40-60_13,Opportunistic,Lampsilini,TDON,0,0,0,0,0,0,0,0,0,0,0,0,0,0,0,0,0,0,0,0,0,0,0,0,0,0,0,NA
SIPSEY,WENDELL_2,2019,S7,33.041085,-88.035372,1882.921356,40-60_13,Equilibrium,Quadrulini,MNER,0,0,0,0,0,0,0,0,0,0,0,0,0,0,0,0,0,0,0,0,0,0,0,0,0,0,0,NA
SIPSEY,WENDELL_2,2019,S7,33.041085,-88.035372,1882.921356,40-60_13,Periodic,Lampsilini,LLIE,0,0,0,0,0,0,0,0,0,0,0,0,0,0,0,0,0,0,0,0,0,0,0,0,0,0,0,NA
SIPSEY,WENDELL_2,2019,S7,33.041085,-88.035372,1882.921356,40-60_13,Periodic,Lampsilini,ELIN,0,0,0,0,0,0,0,0,0,0,0,0,0,0,0,0,0,0,0,0,0,0,0,0,0,0,0,NA
SIPSEY,WENDELL_2,2019,S7,33.041085,-88.035372,1882.921356,40-60_13,Opportunistic,Lampsilini,PFRA,0,0,0,0,0,0,0,0,0,0,0,0,0,0,0,0,0,0,0,0,0,0,0,0,0,0,0,NA
SIPSEY,WENDELL_2,2019,S7,33.041085,-88.035372,1882.921356,40-60_13,Opportunistic,Lampsilini,LREC,0,0,0,0,0,0,0,0,0,0,0,0,0,0,0,0,0,0,0,0,0,0,0,0,0,0,0,NA
SIPSEY,WENDELL_2,2019,S7,33.041085,-88.035372,1882.921356,40-60_13,Periodic,Lampsilini,OARK,0,0,0,0,0,0,0,0,0,0,0,0,0,0,0,0,0,0,0,0,0,0,0,0,0,0,0,NA
SIPSEY,WENDELL_2,2019,S7,33.041085,-88.035372,1882.921356,40-60_13,Opportunistic,Lampsilini,PINF,0,0,0,0,0,0,0,0,0,0,0,0,0,0,0,0,0,0,0,0,0,0,0,0,0,0,0,NA
SIPSEY,WENDELL_2,2019,S7,33.041085,-88.035372,1882.921356,40-60_13,Equilibrium,Pleurobemini,PPER,0,0,0,0,0,0,0,0,0,0,0,0,0,0,0,0,0,0,0,0,0,0,0,0,0,0,0,NA
SIPSEY,WENDELL_2,2019,S7,33.041085,-88.035372,1882.921356,40-60_13,Opportunistic,Lampsilini,LTER,0,0,0,0,0,0,0,0,0,0,0,0,0,0,0,0,0,0,0,0,0,0,0,0,0,0,0,NA
SIPSEY,WENDELL_2,2019,S7,33.041085,-88.035372,1882.921356,40-60_13,Periodic,Alasmodontini,SSUB,0,0,0,0,0,0,0,0,0,0,0,0,0,0,0,0,0,0,0,0,0,0,0,0,0,0,0,NA
SIPSEY,WENDELL_2,2019,S7,33.041085,-88.035372,1882.921356,40-60_13,Opportunistic,Lampsilini,TPAR,0,0,0,0,0,0,0,0,0,0,0,0,0,0,0,0,0,0,0,0,0,0,0,0,0,0,0,NA
SIPSEY,WENDELL_2,2019,S7,33.041085,-88.035372,1882.921356,40-60_13,Opportunistic,Lampsilini,PPUR,0,0,0,0,0,0,0,0,0,0,0,0,0,0,0,0,0,0,0,0,0,0,0,0,0,0,0,NA
SIPSEY,WENDELL_2,2019,S7,33.041085,-88.035372,1882.921356,40-60_13,Periodic,Lampsilini,HPER,0,0,0,0,0,0,0,0,0,0,0,0,0,0,0,0,0,0,0,0,0,0,0,0,0,0,0,NA
SIPSEY,WENDELL_2,2019,S7,33.041085,-88.035372,1882.921356,40-60_13,Periodic,Lampsilini,VVIB,0,0,0,0,0,0,0,0,0,0,0,0,0,0,0,0,0,0,0,0,0,0,0,0,0,0,0,NA
SIPSEY,WENDELL_2,2019,S7,33.041085,-88.035372,1882.921356,40-60_13,Periodic,Pleurobemini,ECRA,0,0,0,0,0,0,0,0,0,0,0,0,0,0,0,0,0,0,0,0,0,0,0,0,0,0,0,NA
SIPSEY,WENDELL_2,2019,S7,33.041085,-88.035372,1882.921356,40-60_13,Opportunistic,Lampsilini,TTRU,0,0,0,0,0,0,0,0,0,0,0,0,0,0,0,0,0,0,0,0,0,0,0,0,0,0,0,NA
SIPSEY,WENDELL_2,2019,S7,33.041085,-88.035372,1882.921356,40-60_13,NA,Lampsilini,LAMP,0,0,0,0,0,0,0,0,0,0,0,0,0,0,0,0,0,0,0,0,0,0,0,0,0,0,0,NA
SIPSEY,WENDELL_2,2019,S7,33.041085,-88.035372,1882.921356,40-60_13,Periodic,Anodontini,LCOM,0,0,0,0,0,0,0,0,0,0,0,0,0,0,0,0,0,0,0,0,0,0,0,0,0,0,0,NA
SIPSEY,WENDELL_2,2019,S7,33.041085,-88.035372,1882.921356,40-60_19,NA,Corbicula,CFLU,0.038668492,0.028044476,1.277653589,0.037179719,1.24047387,0.014514627,0.010578045,0.488926423,0.014227759,0.474698664,0.065224196,0.024805804,1.251097885,0.478635246,0.022096281,0.016025415,0.730087765,0.021245554,0.708842211,0.008294073,0.006044597,0.279386527,0.008130148,0.271256379,0.037270969,0.014174745,0.714913077,0.273505855
SIPSEY,WENDELL_2,2019,S7,33.041085,-88.035372,1882.921356,40-60_19,Equilibrium,Pleurobemini,FCER,0,0,0,0,0,0,0,0,0,0,0,0,0,0,0,0,0,0,0,0,0,0,0,0,0,0,0,NA
SIPSEY,WENDELL_2,2019,S7,33.041085,-88.035372,1882.921356,40-60_19,Opportunistic,Lampsilini,LORN,15.23134835,11.29831042,198.0376017,22.91295052,175.1246512,0.044346426,0.030058503,0.887030291,0.102629405,0.784400887,34.21126094,0.132687907,179.0576891,0.79868881,8.703627631,6.456177383,113.1643438,13.09311458,100.0712293,0.025340815,0.017176287,0.506874452,0.058645374,0.448229078,19.54929196,0.075821661,102.3186795,0.456393606
SIPSEY,WENDELL_2,2019,S7,33.041085,-88.035372,1882.921356,40-60_19,Periodic,Lampsilini,OREF,0,0,0,0,0,0,0,0,0,0,0,0,0,0,0,0,0,0,0,0,0,0,0,0,0,0,0,NA
SIPSEY,WENDELL_2,2019,S7,33.041085,-88.035372,1882.921356,40-60_19,Equilibrium,Pleurobemini,PDEC,1.667157176,1.39741085,92.0655931,5.035987942,87.02960516,0.528868895,0.439795168,29.10657795,1.592129814,27.51444814,6.433398793,2.031924981,87.29935148,27.60352186,0.952661244,0.798520486,52.60891034,2.877707396,49.73120295,0.302210797,0.251311524,16.63233026,0.909788465,15.72254179,3.676227882,1.161099989,49.8853437,15.77344106
SIPSEY,WENDELL_2,2019,S7,33.041085,-88.035372,1882.921356,40-60_19,Equilibrium,Quadrulini,PKIE,4.064906685,3.6053683,150.7677625,11.24727509,139.5204875,0.502704875,0.449241239,16.78954506,1.252500062,15.537045,14.85264339,1.7017413,139.9800258,15.59050864,2.32280382,2.060210457,86.15300717,6.427014335,79.72599283,0.287259929,0.256709279,9.59402575,0.715714321,8.878311429,8.487224792,0.9724236,79.98858619,8.908862078
SIPSEY,WENDELL_2,2019,S7,33.041085,-88.035372,1882.921356,40-60_19,Periodic,Lampsilini,LSTR,0,0,0,0,0,0,0,0,0,0,0,0,0,0,0,0,0,0,0,0,0,0,0,0,0,0,0,NA
SIPSEY,WENDELL_2,2019,S7,33.041085,-88.035372,1882.921356,40-60_19,Periodic,Lampsilini,MACU,0.284597179,0.243902383,3.479580794,0.204947309,3.274633486,0.098350848,0.083506506,1.20422124,0.070928631,1.133292609,0.448849691,0.154435137,3.315328282,1.148136951,0.162626959,0.13937279,1.988331883,0.117112748,1.871219135,0.056200484,0.047718003,0.688126423,0.040530646,0.647595777,0.256485538,0.08824865,1.894473304,0.656078258
SIPSEY,WENDELL_2,2019,S7,33.041085,-88.035372,1882.921356,40-60_19,Periodic,Lampsilini,OUNI,0.123455868,0.090723194,4.270303139,0.254937097,4.015366041,0.0526421,0.03981801,1.976013156,0.117967985,1.85804517,0.345660292,0.157785995,4.048098715,1.870869261,0.07054621,0.051841825,2.440173222,0.145678341,2.294494881,0.0300812,0.022753148,1.129150375,0.067410277,1.061740097,0.197520167,0.090163426,2.313199266,1.069068149
SIPSEY,WENDELL_2,2019,S7,33.041085,-88.035372,1882.921356,40-60_19,Equilibrium,Quadrulini,QVER,0.046493237,0.015738001,1.541952993,0.094675914,1.44727708,0.045920309,0.015662532,1.521265339,0.093405692,1.427859647,0.110413915,0.109068224,1.478032316,1.458117425,0.026567564,0.008993143,0.881115996,0.054100522,0.827015474,0.026240177,0.008950018,0.869294479,0.053374681,0.815919798,0.063093665,0.062324699,0.844589895,0.833209957
SIPSEY,WENDELL_2,2019,S7,33.041085,-88.035372,1882.921356,40-60_19,Periodic,Pleurobemini,EARC,0,0,0,0,0,0,0,0,0,0,0,0,0,0,0,0,0,0,0,0,0,0,0,0,0,0,0,NA
SIPSEY,WENDELL_2,2019,S7,33.041085,-88.035372,1882.921356,40-60_19,Equilibrium,Amblemini,APLI,0,0,0,0,0,0,0,0,0,0,0,0,0,0,0,0,0,0,0,0,0,0,0,0,0,0,0,NA
SIPSEY,WENDELL_2,2019,S7,33.041085,-88.035372,1882.921356,40-60_19,Equilibrium,Pleurobemini,REBE,0,0,0,0,0,0,0,0,0,0,0,0,0,0,0,0,0,0,0,0,0,0,0,0,0,0,0,NA
SIPSEY,WENDELL_2,2019,S7,33.041085,-88.035372,1882.921356,40-60_19,Equilibrium,Quadrulini,QQUA,0,0,0,0,0,0,0,0,0,0,0,0,0,0,0,0,0,0,0,0,0,0,0,0,0,0,0,NA
SIPSEY,WENDELL_2,2019,S7,33.041085,-88.035372,1882.921356,40-60_19,Opportunistic,Lampsilini,TDON,0,0,0,0,0,0,0,0,0,0,0,0,0,0,0,0,0,0,0,0,0,0,0,0,0,0,0,NA
SIPSEY,WENDELL_2,2019,S7,33.041085,-88.035372,1882.921356,40-60_19,Equilibrium,Quadrulini,MNER,0,0,0,0,0,0,0,0,0,0,0,0,0,0,0,0,0,0,0,0,0,0,0,0,0,0,0,NA
SIPSEY,WENDELL_2,2019,S7,33.041085,-88.035372,1882.921356,40-60_19,Periodic,Lampsilini,LLIE,0,0,0,0,0,0,0,0,0,0,0,0,0,0,0,0,0,0,0,0,0,0,0,0,0,0,0,NA
SIPSEY,WENDELL_2,2019,S7,33.041085,-88.035372,1882.921356,40-60_19,Periodic,Lampsilini,ELIN,0,0,0,0,0,0,0,0,0,0,0,0,0,0,0,0,0,0,0,0,0,0,0,0,0,0,0,NA
SIPSEY,WENDELL_2,2019,S7,33.041085,-88.035372,1882.921356,40-60_19,Opportunistic,Lampsilini,PFRA,0,0,0,0,0,0,0,0,0,0,0,0,0,0,0,0,0,0,0,0,0,0,0,0,0,0,0,NA
SIPSEY,WENDELL_2,2019,S7,33.041085,-88.035372,1882.921356,40-60_19,Opportunistic,Lampsilini,LREC,0,0,0,0,0,0,0,0,0,0,0,0,0,0,0,0,0,0,0,0,0,0,0,0,0,0,0,NA
SIPSEY,WENDELL_2,2019,S7,33.041085,-88.035372,1882.921356,40-60_19,Periodic,Lampsilini,OARK,0,0,0,0,0,0,0,0,0,0,0,0,0,0,0,0,0,0,0,0,0,0,0,0,0,0,0,NA
SIPSEY,WENDELL_2,2019,S7,33.041085,-88.035372,1882.921356,40-60_19,Opportunistic,Lampsilini,PINF,0,0,0,0,0,0,0,0,0,0,0,0,0,0,0,0,0,0,0,0,0,0,0,0,0,0,0,NA
SIPSEY,WENDELL_2,2019,S7,33.041085,-88.035372,1882.921356,40-60_19,Equilibrium,Pleurobemini,PPER,0,0,0,0,0,0,0,0,0,0,0,0,0,0,0,0,0,0,0,0,0,0,0,0,0,0,0,NA
SIPSEY,WENDELL_2,2019,S7,33.041085,-88.035372,1882.921356,40-60_19,Opportunistic,Lampsilini,LTER,0,0,0,0,0,0,0,0,0,0,0,0,0,0,0,0,0,0,0,0,0,0,0,0,0,0,0,NA
SIPSEY,WENDELL_2,2019,S7,33.041085,-88.035372,1882.921356,40-60_19,Periodic,Alasmodontini,SSUB,0,0,0,0,0,0,0,0,0,0,0,0,0,0,0,0,0,0,0,0,0,0,0,0,0,0,0,NA
SIPSEY,WENDELL_2,2019,S7,33.041085,-88.035372,1882.921356,40-60_19,Opportunistic,Lampsilini,TPAR,0,0,0,0,0,0,0,0,0,0,0,0,0,0,0,0,0,0,0,0,0,0,0,0,0,0,0,NA
SIPSEY,WENDELL_2,2019,S7,33.041085,-88.035372,1882.921356,40-60_19,Opportunistic,Lampsilini,PPUR,0,0,0,0,0,0,0,0,0,0,0,0,0,0,0,0,0,0,0,0,0,0,0,0,0,0,0,NA
SIPSEY,WENDELL_2,2019,S7,33.041085,-88.035372,1882.921356,40-60_19,Periodic,Lampsilini,HPER,0,0,0,0,0,0,0,0,0,0,0,0,0,0,0,0,0,0,0,0,0,0,0,0,0,0,0,NA
SIPSEY,WENDELL_2,2019,S7,33.041085,-88.035372,1882.921356,40-60_19,Periodic,Lampsilini,VVIB,0,0,0,0,0,0,0,0,0,0,0,0,0,0,0,0,0,0,0,0,0,0,0,0,0,0,0,NA
SIPSEY,WENDELL_2,2019,S7,33.041085,-88.035372,1882.921356,40-60_19,Periodic,Pleurobemini,ECRA,0,0,0,0,0,0,0,0,0,0,0,0,0,0,0,0,0,0,0,0,0,0,0,0,0,0,0,NA
SIPSEY,WENDELL_2,2019,S7,33.041085,-88.035372,1882.921356,40-60_19,Opportunistic,Lampsilini,TTRU,0,0,0,0,0,0,0,0,0,0,0,0,0,0,0,0,0,0,0,0,0,0,0,0,0,0,0,NA
SIPSEY,WENDELL_2,2019,S7,33.041085,-88.035372,1882.921356,40-60_19,NA,Lampsilini,LAMP,0,0,0,0,0,0,0,0,0,0,0,0,0,0,0,0,0,0,0,0,0,0,0,0,0,0,0,NA
SIPSEY,WENDELL_2,2019,S7,33.041085,-88.035372,1882.921356,40-60_19,Periodic,Anodontini,LCOM,0,0,0,0,0,0,0,0,0,0,0,0,0,0,0,0,0,0,0,0,0,0,0,0,0,0,0,NA
SIPSEY,WENDELL_2,2019,S7,33.041085,-88.035372,1882.921356,40-60_3,NA,Corbicula,CFLU,0.125990958,0.094254374,4.477342281,0.13029066,4.34705162,0.065606298,0.050588297,2.505524364,0.072910759,2.432613605,0.224545034,0.123499056,4.378788205,2.447631606,0.062995479,0.047127187,2.23867114,0.06514533,2.17352581,0.032803149,0.025294148,1.252762182,0.03645538,1.216306803,0.112272517,0.061749528,2.189394102,1.223815803
SIPSEY,WENDELL_2,2019,S7,33.041085,-88.035372,1882.921356,40-60_3,Equilibrium,Pleurobemini,FCER,0.122511988,0.11280899,6.1254682,0.31974944,5.80571876,0.065537581,0.058862867,3.008909886,0.157065096,2.85184479,0.43255843,0.215927963,5.815421757,2.858519504,0.061255994,0.056404495,3.0627341,0.15987472,2.90285938,0.032768791,0.029431434,1.504454943,0.078532548,1.425922395,0.216279215,0.107963982,2.907710879,1.429259752
SIPSEY,WENDELL_2,2019,S7,33.041085,-88.035372,1882.921356,40-60_3,Opportunistic,Lampsilini,LORN,0,0,0,0,0,0,0,0,0,0,0,0,0,0,0,0,0,0,0,0,0,0,0,0,0,0,0,NA
SIPSEY,WENDELL_2,2019,S7,33.041085,-88.035372,1882.921356,40-60_3,Periodic,Lampsilini,OREF,0,0,0,0,0,0,0,0,0,0,0,0,0,0,0,0,0,0,0,0,0,0,0,0,0,0,0,NA
SIPSEY,WENDELL_2,2019,S7,33.041085,-88.035372,1882.921356,40-60_3,Equilibrium,Pleurobemini,PDEC,3.414749699,2.841807027,187.9909729,10.28310622,177.7078667,0.669279724,0.55390838,36.75841909,2.010685524,34.74773357,13.12491324,2.564593904,178.2808094,34.86310491,1.707374849,1.420903513,93.99548645,5.141553109,88.85393334,0.334639862,0.27695419,18.37920955,1.005342762,17.37386678,6.562456622,1.282296952,89.14040468,17.43155246
SIPSEY,WENDELL_2,2019,S7,33.041085,-88.035372,1882.921356,40-60_3,Equilibrium,Quadrulini,PKIE,0,0,0,0,0,0,0,0,0,0,0,0,0,0,0,0,0,0,0,0,0,0,0,0,0,0,0,NA
SIPSEY,WENDELL_2,2019,S7,33.041085,-88.035372,1882.921356,40-60_3,Periodic,Lampsilini,LSTR,0,0,0,0,0,0,0,0,0,0,0,0,0,0,0,0,0,0,0,0,0,0,0,0,0,0,0,NA
SIPSEY,WENDELL_2,2019,S7,33.041085,-88.035372,1882.921356,40-60_3,Periodic,Lampsilini,MACU,0.076525384,0.065301487,0.936483504,0.055158878,0.881324626,0.028595512,0.02519576,0.347762218,0.020483195,0.327279023,0.120460365,0.045678955,0.892548523,0.330678775,0.038262692,0.032650743,0.468241752,0.027579439,0.440662313,0.014297756,0.01259788,0.173881109,0.010241597,0.163639512,0.060230183,0.022839477,0.446274261,0.165339387
SIPSEY,WENDELL_2,2019,S7,33.041085,-88.035372,1882.921356,40-60_3,Periodic,Lampsilini,OUNI,0,0,0,0,0,0,0,0,0,0,0,0,0,0,0,0,0,0,0,0,0,0,0,0,0,0,0,NA
SIPSEY,WENDELL_2,2019,S7,33.041085,-88.035372,1882.921356,40-60_3,Equilibrium,Quadrulini,QVER,0,0,0,0,0,0,0,0,0,0,0,0,0,0,0,0,0,0,0,0,0,0,0,0,0,0,0,NA
SIPSEY,WENDELL_2,2019,S7,33.041085,-88.035372,1882.921356,40-60_3,Periodic,Pleurobemini,EARC,0.002189307,0.001801168,0.033645008,0.001662063,0.031982945,0.002189307,0.001801168,0.033645008,0.001662063,0.031982945,0.003463231,0.003463231,0.032371084,0.032371084,0.001094653,0.000900584,0.016822504,0.000831032,0.015991472,0.001094653,0.000900584,0.016822504,0.000831032,0.015991472,0.001731616,0.001731616,0.016185542,0.016185542
SIPSEY,WENDELL_2,2019,S7,33.041085,-88.035372,1882.921356,40-60_3,Equilibrium,Amblemini,APLI,0,0,0,0,0,0,0,0,0,0,0,0,0,0,0,0,0,0,0,0,0,0,0,0,0,0,0,NA
SIPSEY,WENDELL_2,2019,S7,33.041085,-88.035372,1882.921356,40-60_3,Equilibrium,Pleurobemini,REBE,0,0,0,0,0,0,0,0,0,0,0,0,0,0,0,0,0,0,0,0,0,0,0,0,0,0,0,NA
SIPSEY,WENDELL_2,2019,S7,33.041085,-88.035372,1882.921356,40-60_3,Equilibrium,Quadrulini,QQUA,0,0,0,0,0,0,0,0,0,0,0,0,0,0,0,0,0,0,0,0,0,0,0,0,0,0,0,NA
SIPSEY,WENDELL_2,2019,S7,33.041085,-88.035372,1882.921356,40-60_3,Opportunistic,Lampsilini,TDON,0.01479681,0.01243228,0.224676104,0.013682775,0.210993329,0.01479681,0.01243228,0.224676104,0.013682775,0.210993329,0.026115054,0.026115054,0.213357859,0.213357859,0.007398405,0.00621614,0.112338052,0.006841387,0.105496665,0.007398405,0.00621614,0.112338052,0.006841387,0.105496665,0.013057527,0.013057527,0.10667893,0.10667893
SIPSEY,WENDELL_2,2019,S7,33.041085,-88.035372,1882.921356,40-60_3,Equilibrium,Quadrulini,MNER,0,0,0,0,0,0,0,0,0,0,0,0,0,0,0,0,0,0,0,0,0,0,0,0,0,0,0,NA
SIPSEY,WENDELL_2,2019,S7,33.041085,-88.035372,1882.921356,40-60_3,Periodic,Lampsilini,LLIE,0,0,0,0,0,0,0,0,0,0,0,0,0,0,0,0,0,0,0,0,0,0,0,0,0,0,0,NA
SIPSEY,WENDELL_2,2019,S7,33.041085,-88.035372,1882.921356,40-60_3,Periodic,Lampsilini,ELIN,0,0,0,0,0,0,0,0,0,0,0,0,0,0,0,0,0,0,0,0,0,0,0,0,0,0,0,NA
SIPSEY,WENDELL_2,2019,S7,33.041085,-88.035372,1882.921356,40-60_3,Opportunistic,Lampsilini,PFRA,0,0,0,0,0,0,0,0,0,0,0,0,0,0,0,0,0,0,0,0,0,0,0,0,0,0,0,NA
SIPSEY,WENDELL_2,2019,S7,33.041085,-88.035372,1882.921356,40-60_3,Opportunistic,Lampsilini,LREC,0,0,0,0,0,0,0,0,0,0,0,0,0,0,0,0,0,0,0,0,0,0,0,0,0,0,0,NA
SIPSEY,WENDELL_2,2019,S7,33.041085,-88.035372,1882.921356,40-60_3,Periodic,Lampsilini,OARK,0,0,0,0,0,0,0,0,0,0,0,0,0,0,0,0,0,0,0,0,0,0,0,0,0,0,0,NA
SIPSEY,WENDELL_2,2019,S7,33.041085,-88.035372,1882.921356,40-60_3,Opportunistic,Lampsilini,PINF,0,0,0,0,0,0,0,0,0,0,0,0,0,0,0,0,0,0,0,0,0,0,0,0,0,0,0,NA
SIPSEY,WENDELL_2,2019,S7,33.041085,-88.035372,1882.921356,40-60_3,Equilibrium,Pleurobemini,PPER,0,0,0,0,0,0,0,0,0,0,0,0,0,0,0,0,0,0,0,0,0,0,0,0,0,0,0,NA
SIPSEY,WENDELL_2,2019,S7,33.041085,-88.035372,1882.921356,40-60_3,Opportunistic,Lampsilini,LTER,0,0,0,0,0,0,0,0,0,0,0,0,0,0,0,0,0,0,0,0,0,0,0,0,0,0,0,NA
SIPSEY,WENDELL_2,2019,S7,33.041085,-88.035372,1882.921356,40-60_3,Periodic,Alasmodontini,SSUB,0,0,0,0,0,0,0,0,0,0,0,0,0,0,0,0,0,0,0,0,0,0,0,0,0,0,0,NA
SIPSEY,WENDELL_2,2019,S7,33.041085,-88.035372,1882.921356,40-60_3,Opportunistic,Lampsilini,TPAR,0,0,0,0,0,0,0,0,0,0,0,0,0,0,0,0,0,0,0,0,0,0,0,0,0,0,0,NA
SIPSEY,WENDELL_2,2019,S7,33.041085,-88.035372,1882.921356,40-60_3,Opportunistic,Lampsilini,PPUR,0,0,0,0,0,0,0,0,0,0,0,0,0,0,0,0,0,0,0,0,0,0,0,0,0,0,0,NA
SIPSEY,WENDELL_2,2019,S7,33.041085,-88.035372,1882.921356,40-60_3,Periodic,Lampsilini,HPER,0,0,0,0,0,0,0,0,0,0,0,0,0,0,0,0,0,0,0,0,0,0,0,0,0,0,0,NA
SIPSEY,WENDELL_2,2019,S7,33.041085,-88.035372,1882.921356,40-60_3,Periodic,Lampsilini,VVIB,0,0,0,0,0,0,0,0,0,0,0,0,0,0,0,0,0,0,0,0,0,0,0,0,0,0,0,NA
SIPSEY,WENDELL_2,2019,S7,33.041085,-88.035372,1882.921356,40-60_3,Periodic,Pleurobemini,ECRA,0,0,0,0,0,0,0,0,0,0,0,0,0,0,0,0,0,0,0,0,0,0,0,0,0,0,0,NA
SIPSEY,WENDELL_2,2019,S7,33.041085,-88.035372,1882.921356,40-60_3,Opportunistic,Lampsilini,TTRU,0,0,0,0,0,0,0,0,0,0,0,0,0,0,0,0,0,0,0,0,0,0,0,0,0,0,0,NA
SIPSEY,WENDELL_2,2019,S7,33.041085,-88.035372,1882.921356,40-60_3,NA,Lampsilini,LAMP,0,0,0,0,0,0,0,0,0,0,0,0,0,0,0,0,0,0,0,0,0,0,0,0,0,0,0,NA
SIPSEY,WENDELL_2,2019,S7,33.041085,-88.035372,1882.921356,40-60_3,Periodic,Anodontini,LCOM,0,0,0,0,0,0,0,0,0,0,0,0,0,0,0,0,0,0,0,0,0,0,0,0,0,0,0,NA
SIPSEY,WENDELL_2,2019,S7,33.041085,-88.035372,1882.921356,40-60_9,NA,Corbicula,CFLU,0.157717433,0.120791227,5.937749145,0.1727885,5.764960645,0.061101977,0.050925504,2.782840479,0.080980658,2.701859821,0.293579728,0.131906162,5.801886851,2.712036294,0.090124248,0.069023559,3.392999511,0.098736286,3.294263226,0.034915415,0.029100288,1.59019456,0.046274662,1.543919898,0.167759844,0.07537495,3.315363915,1.549735025
SIPSEY,WENDELL_2,2019,S7,33.041085,-88.035372,1882.921356,40-60_9,Equilibrium,Pleurobemini,FCER,0,0,0,0,0,0,0,0,0,0,0,0,0,0,0,0,0,0,0,0,0,0,0,0,0,0,0,NA
SIPSEY,WENDELL_2,2019,S7,33.041085,-88.035372,1882.921356,40-60_9,Opportunistic,Lampsilini,LORN,0,0,0,0,0,0,0,0,0,0,0,0,0,0,0,0,0,0,0,0,0,0,0,0,0,0,0,NA
SIPSEY,WENDELL_2,2019,S7,33.041085,-88.035372,1882.921356,40-60_9,Periodic,Lampsilini,OREF,0,0,0,0,0,0,0,0,0,0,0,0,0,0,0,0,0,0,0,0,0,0,0,0,0,0,0,NA
SIPSEY,WENDELL_2,2019,S7,33.041085,-88.035372,1882.921356,40-60_9,Equilibrium,Pleurobemini,PDEC,4.6575528,3.866379089,256.1336252,14.0105093,242.1231159,0.724351243,0.598541566,39.75591088,2.174648325,37.58126256,17.87688839,2.773189891,242.9142896,37.70707223,2.661458743,2.209359479,146.3620715,8.006005312,138.3560662,0.413914996,0.342023752,22.71766336,1.242656186,21.47500718,10.21536479,1.584679938,138.8081655,21.54689842
SIPSEY,WENDELL_2,2019,S7,33.041085,-88.035372,1882.921356,40-60_9,Equilibrium,Quadrulini,PKIE,2.204105635,1.94306729,88.35706717,6.591437211,81.76562995,0.517312357,0.459266088,18.80175168,1.402610676,17.39914101,8.5345045,1.861876764,82.0266683,17.45718728,1.259488934,1.110324166,50.48975267,3.766535549,46.72321712,0.295607061,0.262437765,10.7438581,0.801491815,9.94236629,4.876859714,1.063929579,46.87238189,9.975535586
SIPSEY,WENDELL_2,2019,S7,33.041085,-88.035372,1882.921356,40-60_9,Periodic,Lampsilini,LSTR,0,0,0,0,0,0,0,0,0,0,0,0,0,0,0,0,0,0,0,0,0,0,0,0,0,0,0,NA
SIPSEY,WENDELL_2,2019,S7,33.041085,-88.035372,1882.921356,40-60_9,Periodic,Lampsilini,MACU,0.132030683,0.113191973,1.613900677,0.09505875,1.518841928,0.050528613,0.045146616,0.612239838,0.036060926,0.576178912,0.208250723,0.081207543,1.537680638,0.581560909,0.075446105,0.064681127,0.922228959,0.054319286,0.867909673,0.028873493,0.025798066,0.349851336,0.020606244,0.329245092,0.119000413,0.04640431,0.87867465,0.332320519
SIPSEY,WENDELL_2,2019,S7,33.041085,-88.035372,1882.921356,40-60_9,Periodic,Lampsilini,OUNI,1.066447966,0.81722316,41.77872503,2.494189884,39.28453514,0.216335889,0.171603462,9.352170948,0.558324606,8.793846342,3.311413044,0.729928068,39.53375995,8.838578769,0.609398837,0.466984663,23.87355716,1.425251362,22.44830579,0.123620508,0.098059121,5.344097684,0.319042632,5.025055053,1.892236025,0.417101753,22.59071997,5.05061644
SIPSEY,WENDELL_2,2019,S7,33.041085,-88.035372,1882.921356,40-60_9,Equilibrium,Quadrulini,QVER,3.841538019,3.354561872,116.9782973,7.182467452,109.7958298,0.097061513,0.102672256,2.899157074,0.178008244,2.72114883,10.53702932,0.2806805,110.282806,2.715538087,2.195164582,1.916892499,66.84474129,4.104267115,62.74047418,0.055463722,0.058669861,1.656661185,0.101718997,1.554942189,6.021159614,0.160388857,63.01874626,1.55173605
SIPSEY,WENDELL_2,2019,S7,33.041085,-88.035372,1882.921356,40-60_9,Periodic,Pleurobemini,EARC,0,0,0,0,0,0,0,0,0,0,0,0,0,0,0,0,0,0,0,0,0,0,0,0,0,0,0,NA
SIPSEY,WENDELL_2,2019,S7,33.041085,-88.035372,1882.921356,40-60_9,Equilibrium,Amblemini,APLI,0,0,0,0,0,0,0,0,0,0,0,0,0,0,0,0,0,0,0,0,0,0,0,0,0,0,0,NA
SIPSEY,WENDELL_2,2019,S7,33.041085,-88.035372,1882.921356,40-60_9,Equilibrium,Pleurobemini,REBE,0,0,0,0,0,0,0,0,0,0,0,0,0,0,0,0,0,0,0,0,0,0,0,0,0,0,0,NA
SIPSEY,WENDELL_2,2019,S7,33.041085,-88.035372,1882.921356,40-60_9,Equilibrium,Quadrulini,QQUA,0,0,0,0,0,0,0,0,0,0,0,0,0,0,0,0,0,0,0,0,0,0,0,0,0,0,0,NA
SIPSEY,WENDELL_2,2019,S7,33.041085,-88.035372,1882.921356,40-60_9,Opportunistic,Lampsilini,TDON,0,0,0,0,0,0,0,0,0,0,0,0,0,0,0,0,0,0,0,0,0,0,0,0,0,0,0,NA
SIPSEY,WENDELL_2,2019,S7,33.041085,-88.035372,1882.921356,40-60_9,Equilibrium,Quadrulini,MNER,0,0,0,0,0,0,0,0,0,0,0,0,0,0,0,0,0,0,0,0,0,0,0,0,0,0,0,NA
SIPSEY,WENDELL_2,2019,S7,33.041085,-88.035372,1882.921356,40-60_9,Periodic,Lampsilini,LLIE,0,0,0,0,0,0,0,0,0,0,0,0,0,0,0,0,0,0,0,0,0,0,0,0,0,0,0,NA
SIPSEY,WENDELL_2,2019,S7,33.041085,-88.035372,1882.921356,40-60_9,Periodic,Lampsilini,ELIN,0,0,0,0,0,0,0,0,0,0,0,0,0,0,0,0,0,0,0,0,0,0,0,0,0,0,0,NA
SIPSEY,WENDELL_2,2019,S7,33.041085,-88.035372,1882.921356,40-60_9,Opportunistic,Lampsilini,PFRA,0,0,0,0,0,0,0,0,0,0,0,0,0,0,0,0,0,0,0,0,0,0,0,0,0,0,0,NA
SIPSEY,WENDELL_2,2019,S7,33.041085,-88.035372,1882.921356,40-60_9,Opportunistic,Lampsilini,LREC,0,0,0,0,0,0,0,0,0,0,0,0,0,0,0,0,0,0,0,0,0,0,0,0,0,0,0,NA
SIPSEY,WENDELL_2,2019,S7,33.041085,-88.035372,1882.921356,40-60_9,Periodic,Lampsilini,OARK,0,0,0,0,0,0,0,0,0,0,0,0,0,0,0,0,0,0,0,0,0,0,0,0,0,0,0,NA
SIPSEY,WENDELL_2,2019,S7,33.041085,-88.035372,1882.921356,40-60_9,Opportunistic,Lampsilini,PINF,0,0,0,0,0,0,0,0,0,0,0,0,0,0,0,0,0,0,0,0,0,0,0,0,0,0,0,NA
SIPSEY,WENDELL_2,2019,S7,33.041085,-88.035372,1882.921356,40-60_9,Equilibrium,Pleurobemini,PPER,0,0,0,0,0,0,0,0,0,0,0,0,0,0,0,0,0,0,0,0,0,0,0,0,0,0,0,NA
SIPSEY,WENDELL_2,2019,S7,33.041085,-88.035372,1882.921356,40-60_9,Opportunistic,Lampsilini,LTER,0,0,0,0,0,0,0,0,0,0,0,0,0,0,0,0,0,0,0,0,0,0,0,0,0,0,0,NA
SIPSEY,WENDELL_2,2019,S7,33.041085,-88.035372,1882.921356,40-60_9,Periodic,Alasmodontini,SSUB,0,0,0,0,0,0,0,0,0,0,0,0,0,0,0,0,0,0,0,0,0,0,0,0,0,0,0,NA
SIPSEY,WENDELL_2,2019,S7,33.041085,-88.035372,1882.921356,40-60_9,Opportunistic,Lampsilini,TPAR,0,0,0,0,0,0,0,0,0,0,0,0,0,0,0,0,0,0,0,0,0,0,0,0,0,0,0,NA
SIPSEY,WENDELL_2,2019,S7,33.041085,-88.035372,1882.921356,40-60_9,Opportunistic,Lampsilini,PPUR,0.075338259,0.051899843,0.473357857,0.028827494,0.444530364,0.075338259,0.051899843,0.473357857,0.028827494,0.444530364,0.080727336,0.080727336,0.46796878,0.46796878,0.043050434,0.029657053,0.270490204,0.016472853,0.254017351,0.043050434,0.029657053,0.270490204,0.016472853,0.254017351,0.046129906,0.046129906,0.267410731,0.267410731
SIPSEY,WENDELL_2,2019,S7,33.041085,-88.035372,1882.921356,40-60_9,Periodic,Lampsilini,HPER,0,0,0,0,0,0,0,0,0,0,0,0,0,0,0,0,0,0,0,0,0,0,0,0,0,0,0,NA
SIPSEY,WENDELL_2,2019,S7,33.041085,-88.035372,1882.921356,40-60_9,Periodic,Lampsilini,VVIB,0,0,0,0,0,0,0,0,0,0,0,0,0,0,0,0,0,0,0,0,0,0,0,0,0,0,0,NA
SIPSEY,WENDELL_2,2019,S7,33.041085,-88.035372,1882.921356,40-60_9,Periodic,Pleurobemini,ECRA,0,0,0,0,0,0,0,0,0,0,0,0,0,0,0,0,0,0,0,0,0,0,0,0,0,0,0,NA
SIPSEY,WENDELL_2,2019,S7,33.041085,-88.035372,1882.921356,40-60_9,Opportunistic,Lampsilini,TTRU,0,0,0,0,0,0,0,0,0,0,0,0,0,0,0,0,0,0,0,0,0,0,0,0,0,0,0,NA
SIPSEY,WENDELL_2,2019,S7,33.041085,-88.035372,1882.921356,40-60_9,NA,Lampsilini,LAMP,0,0,0,0,0,0,0,0,0,0,0,0,0,0,0,0,0,0,0,0,0,0,0,0,0,0,0,NA
SIPSEY,WENDELL_2,2019,S7,33.041085,-88.035372,1882.921356,40-60_9,Periodic,Anodontini,LCOM,0,0,0,0,0,0,0,0,0,0,0,0,0,0,0,0,0,0,0,0,0,0,0,0,0,0,0,NA
SIPSEY,WENDELL_2,2019,S7,33.041085,-88.035372,1882.921356,80-60_13,NA,Corbicula,CFLU,0.021714097,0.016685473,0.81918951,0.023838415,0.795351095,0.009637165,0.007952257,0.424825927,0.012362434,0.412463492,0.040523887,0.020314692,0.80037972,0.4141484,0.012408055,0.009534556,0.468108291,0.013621951,0.45448634,0.005506951,0.004544147,0.242757672,0.007064248,0.235693424,0.023156507,0.011608395,0.45735984,0.236656229
SIPSEY,WENDELL_2,2019,S7,33.041085,-88.035372,1882.921356,80-60_13,Equilibrium,Pleurobemini,FCER,0,0,0,0,0,0,0,0,0,0,0,0,0,0,0,0,0,0,0,0,0,0,0,0,0,0,0,NA
SIPSEY,WENDELL_2,2019,S7,33.041085,-88.035372,1882.921356,80-60_13,Opportunistic,Lampsilini,LORN,0,0,0,0,0,0,0,0,0,0,0,0,0,0,0,0,0,0,0,0,0,0,0,0,0,0,0,NA
SIPSEY,WENDELL_2,2019,S7,33.041085,-88.035372,1882.921356,80-60_13,Periodic,Lampsilini,OREF,0,0,0,0,0,0,0,0,0,0,0,0,0,0,0,0,0,0,0,0,0,0,0,0,0,0,0,NA
SIPSEY,WENDELL_2,2019,S7,33.041085,-88.035372,1882.921356,80-60_13,Equilibrium,Pleurobemini,PDEC,1.208949944,1.003189742,66.47279121,3.636061679,62.83672953,0.177870909,0.146636679,9.752695853,0.533472463,9.21922339,4.639251421,0.680109142,63.04248973,9.25045762,0.69082854,0.573251281,37.98445212,2.077749531,35.90670259,0.10164052,0.083792388,5.572969059,0.304841408,5.268127651,2.651000812,0.388633795,36.02427985,5.285975783
SIPSEY,WENDELL_2,2019,S7,33.041085,-88.035372,1882.921356,80-60_13,Equilibrium,Quadrulini,PKIE,2.057403985,1.819417863,79.2304751,5.910593443,73.31988166,0.362758074,0.323272605,12.54695191,0.936002613,11.6109493,7.730011306,1.259275218,73.55786778,11.65043477,1.17565942,1.03966735,45.2745572,3.377481967,41.89707523,0.207290328,0.184727203,7.169686806,0.534858636,6.63482817,4.417149318,0.719585839,42.0330673,6.657391295
SIPSEY,WENDELL_2,2019,S7,33.041085,-88.035372,1882.921356,80-60_13,Periodic,Lampsilini,LSTR,0,0,0,0,0,0,0,0,0,0,0,0,0,0,0,0,0,0,0,0,0,0,0,0,0,0,0,NA
SIPSEY,WENDELL_2,2019,S7,33.041085,-88.035372,1882.921356,80-60_13,Periodic,Lampsilini,MACU,0.081129759,0.070421361,0.989211337,0.058264548,0.930946789,0.020608011,0.018949576,0.248243974,0.01462157,0.233622404,0.128685909,0.033571146,0.941655187,0.235280839,0.046359862,0.040240778,0.565263621,0.033294027,0.531969594,0.011776006,0.010828329,0.141853699,0.008355183,0.133498516,0.073534805,0.019183512,0.538088678,0.134446194
SIPSEY,WENDELL_2,2019,S7,33.041085,-88.035372,1882.921356,80-60_13,Periodic,Lampsilini,OUNI,0.274978791,0.203387165,9.701111723,0.57915637,9.121955353,0.10768744,0.081848233,4.103418276,0.244974071,3.858444205,0.782543535,0.326822304,9.193546979,3.884283412,0.157130738,0.116221237,5.543492413,0.330946497,5.212545916,0.06153568,0.046770419,2.344810444,0.139985183,2.20482526,0.447167734,0.186755602,5.253455417,2.219590521
SIPSEY,WENDELL_2,2019,S7,33.041085,-88.035372,1882.921356,80-60_13,Equilibrium,Quadrulini,QVER,0,0,0,0,0,0,0,0,0,0,0,0,0,0,0,0,0,0,0,0,0,0,0,0,0,0,0,NA
SIPSEY,WENDELL_2,2019,S7,33.041085,-88.035372,1882.921356,80-60_13,Periodic,Pleurobemini,EARC,0,0,0,0,0,0,0,0,0,0,0,0,0,0,0,0,0,0,0,0,0,0,0,0,0,0,0,NA
SIPSEY,WENDELL_2,2019,S7,33.041085,-88.035372,1882.921356,80-60_13,Equilibrium,Amblemini,APLI,0,0,0,0,0,0,0,0,0,0,0,0,0,0,0,0,0,0,0,0,0,0,0,0,0,0,0,NA
SIPSEY,WENDELL_2,2019,S7,33.041085,-88.035372,1882.921356,80-60_13,Equilibrium,Pleurobemini,REBE,0,0,0,0,0,0,0,0,0,0,0,0,0,0,0,0,0,0,0,0,0,0,0,0,0,0,0,NA
SIPSEY,WENDELL_2,2019,S7,33.041085,-88.035372,1882.921356,80-60_13,Equilibrium,Quadrulini,QQUA,0,0,0,0,0,0,0,0,0,0,0,0,0,0,0,0,0,0,0,0,0,0,0,0,0,0,0,NA
SIPSEY,WENDELL_2,2019,S7,33.041085,-88.035372,1882.921356,80-60_13,Opportunistic,Lampsilini,TDON,0,0,0,0,0,0,0,0,0,0,0,0,0,0,0,0,0,0,0,0,0,0,0,0,0,0,0,NA
SIPSEY,WENDELL_2,2019,S7,33.041085,-88.035372,1882.921356,80-60_13,Equilibrium,Quadrulini,MNER,0,0,0,0,0,0,0,0,0,0,0,0,0,0,0,0,0,0,0,0,0,0,0,0,0,0,0,NA
SIPSEY,WENDELL_2,2019,S7,33.041085,-88.035372,1882.921356,80-60_13,Periodic,Lampsilini,LLIE,0,0,0,0,0,0,0,0,0,0,0,0,0,0,0,0,0,0,0,0,0,0,0,0,0,0,0,NA
SIPSEY,WENDELL_2,2019,S7,33.041085,-88.035372,1882.921356,80-60_13,Periodic,Lampsilini,ELIN,0,0,0,0,0,0,0,0,0,0,0,0,0,0,0,0,0,0,0,0,0,0,0,0,0,0,0,NA
SIPSEY,WENDELL_2,2019,S7,33.041085,-88.035372,1882.921356,80-60_13,Opportunistic,Lampsilini,PFRA,0.022940348,0.01927448,0.15295541,0.009314984,0.143640425,0.022940348,0.01927448,0.15295541,0.009314984,0.143640425,0.028589465,0.028589465,0.147306293,0.147306293,0.01310877,0.011013989,0.087403091,0.005322848,0.082080243,0.01310877,0.011013989,0.087403091,0.005322848,0.082080243,0.016336837,0.016336837,0.084175024,0.084175024
SIPSEY,WENDELL_2,2019,S7,33.041085,-88.035372,1882.921356,80-60_13,Opportunistic,Lampsilini,LREC,0,0,0,0,0,0,0,0,0,0,0,0,0,0,0,0,0,0,0,0,0,0,0,0,0,0,0,NA
SIPSEY,WENDELL_2,2019,S7,33.041085,-88.035372,1882.921356,80-60_13,Periodic,Lampsilini,OARK,0,0,0,0,0,0,0,0,0,0,0,0,0,0,0,0,0,0,0,0,0,0,0,0,0,0,0,NA
SIPSEY,WENDELL_2,2019,S7,33.041085,-88.035372,1882.921356,80-60_13,Opportunistic,Lampsilini,PINF,0,0,0,0,0,0,0,0,0,0,0,0,0,0,0,0,0,0,0,0,0,0,0,0,0,0,0,NA
SIPSEY,WENDELL_2,2019,S7,33.041085,-88.035372,1882.921356,80-60_13,Equilibrium,Pleurobemini,PPER,0,0,0,0,0,0,0,0,0,0,0,0,0,0,0,0,0,0,0,0,0,0,0,0,0,0,0,NA
SIPSEY,WENDELL_2,2019,S7,33.041085,-88.035372,1882.921356,80-60_13,Opportunistic,Lampsilini,LTER,0,0,0,0,0,0,0,0,0,0,0,0,0,0,0,0,0,0,0,0,0,0,0,0,0,0,0,NA
SIPSEY,WENDELL_2,2019,S7,33.041085,-88.035372,1882.921356,80-60_13,Periodic,Alasmodontini,SSUB,0,0,0,0,0,0,0,0,0,0,0,0,0,0,0,0,0,0,0,0,0,0,0,0,0,0,0,NA
SIPSEY,WENDELL_2,2019,S7,33.041085,-88.035372,1882.921356,80-60_13,Opportunistic,Lampsilini,TPAR,0,0,0,0,0,0,0,0,0,0,0,0,0,0,0,0,0,0,0,0,0,0,0,0,0,0,0,NA
SIPSEY,WENDELL_2,2019,S7,33.041085,-88.035372,1882.921356,80-60_13,Opportunistic,Lampsilini,PPUR,0,0,0,0,0,0,0,0,0,0,0,0,0,0,0,0,0,0,0,0,0,0,0,0,0,0,0,NA
SIPSEY,WENDELL_2,2019,S7,33.041085,-88.035372,1882.921356,80-60_13,Periodic,Lampsilini,HPER,0,0,0,0,0,0,0,0,0,0,0,0,0,0,0,0,0,0,0,0,0,0,0,0,0,0,0,NA
SIPSEY,WENDELL_2,2019,S7,33.041085,-88.035372,1882.921356,80-60_13,Periodic,Lampsilini,VVIB,0,0,0,0,0,0,0,0,0,0,0,0,0,0,0,0,0,0,0,0,0,0,0,0,0,0,0,NA
SIPSEY,WENDELL_2,2019,S7,33.041085,-88.035372,1882.921356,80-60_13,Periodic,Pleurobemini,ECRA,0,0,0,0,0,0,0,0,0,0,0,0,0,0,0,0,0,0,0,0,0,0,0,0,0,0,0,NA
SIPSEY,WENDELL_2,2019,S7,33.041085,-88.035372,1882.921356,80-60_13,Opportunistic,Lampsilini,TTRU,0,0,0,0,0,0,0,0,0,0,0,0,0,0,0,0,0,0,0,0,0,0,0,0,0,0,0,NA
SIPSEY,WENDELL_2,2019,S7,33.041085,-88.035372,1882.921356,80-60_13,NA,Lampsilini,LAMP,0,0,0,0,0,0,0,0,0,0,0,0,0,0,0,0,0,0,0,0,0,0,0,0,0,0,0,NA
SIPSEY,WENDELL_2,2019,S7,33.041085,-88.035372,1882.921356,80-60_13,Periodic,Anodontini,LCOM,0,0,0,0,0,0,0,0,0,0,0,0,0,0,0,0,0,0,0,0,0,0,0,0,0,0,0,NA
SIPSEY,WENDELL_2,2019,S7,33.041085,-88.035372,1882.921356,80-60_19,NA,Corbicula,CFLU,0.039155757,0.02837869,1.294956106,0.037683223,1.257272883,0.027078825,0.019645475,0.900592522,0.026207242,0.87438528,0.066061913,0.045852717,1.26804995,0.881818631,0.022374719,0.016216394,0.739974917,0.02153327,0.718441647,0.015473614,0.011225986,0.514624298,0.014975567,0.499648731,0.037749664,0.026201553,0.724599972,0.50389636
SIPSEY,WENDELL_2,2019,S7,33.041085,-88.035372,1882.921356,80-60_19,Equilibrium,Pleurobemini,FCER,0,0,0,0,0,0,0,0,0,0,0,0,0,0,0,0,0,0,0,0,0,0,0,0,0,0,0,NA
SIPSEY,WENDELL_2,2019,S7,33.041085,-88.035372,1882.921356,80-60_19,Opportunistic,Lampsilini,LORN,0,0,0,0,0,0,0,0,0,0,0,0,0,0,0,0,0,0,0,0,0,0,0,0,0,0,0,NA
SIPSEY,WENDELL_2,2019,S7,33.041085,-88.035372,1882.921356,80-60_19,Periodic,Lampsilini,OREF,0,0,0,0,0,0,0,0,0,0,0,0,0,0,0,0,0,0,0,0,0,0,0,0,0,0,0,NA
SIPSEY,WENDELL_2,2019,S7,33.041085,-88.035372,1882.921356,80-60_19,Equilibrium,Pleurobemini,PDEC,0.527128372,0.438973256,29.02825557,1.58784558,27.44040999,0.104733075,0.086241243,5.739693862,0.313961254,5.425732608,2.026818836,0.400202497,27.52856511,5.44422444,0.301216213,0.25084186,16.58757461,0.907340331,15.68023428,0.059847471,0.04928071,3.279825064,0.179406431,3.100418633,1.158182192,0.228687141,15.73060863,3.110985394
SIPSEY,WENDELL_2,2019,S7,33.041085,-88.035372,1882.921356,80-60_19,Equilibrium,Quadrulini,PKIE,5.431989831,4.847681801,187.1299697,13.95989574,173.1700739,0.327605106,0.290704078,11.99248661,0.894639501,11.09784711,18.80757754,1.185343579,173.7543819,11.13474814,3.103994189,2.770103886,106.9314112,7.977083278,98.95432795,0.187202918,0.166116616,6.85284949,0.511222572,6.341626918,10.74718716,0.677339188,99.28821826,6.36271322
SIPSEY,WENDELL_2,2019,S7,33.041085,-88.035372,1882.921356,80-60_19,Periodic,Lampsilini,LSTR,0,0,0,0,0,0,0,0,0,0,0,0,0,0,0,0,0,0,0,0,0,0,0,0,0,0,0,NA
SIPSEY,WENDELL_2,2019,S7,33.041085,-88.035372,1882.921356,80-60_19,Periodic,Lampsilini,MACU,0.05757385,0.048794652,0.705368362,0.041546197,0.663822166,0.029248136,0.025945651,0.354877398,0.020902279,0.333975119,0.090340849,0.046847929,0.672601363,0.337277605,0.032899343,0.027882658,0.403067636,0.023740684,0.379326952,0.01671322,0.014826086,0.202787085,0.011944159,0.190842925,0.051623342,0.026770245,0.384343636,0.19273006
SIPSEY,WENDELL_2,2019,S7,33.041085,-88.035372,1882.921356,80-60_19,Periodic,Lampsilini,OUNI,0.205690768,0.15424236,7.555446787,0.451060173,7.104386614,0.065085512,0.050382946,2.616909027,0.156229469,2.460679558,0.605302534,0.206612415,7.155835021,2.475382124,0.117537582,0.088138492,4.317398164,0.25774867,4.059649493,0.037191721,0.028790255,1.495376587,0.089273982,1.406102605,0.345887162,0.118064237,4.089048583,1.414504071
SIPSEY,WENDELL_2,2019,S7,33.041085,-88.035372,1882.921356,80-60_19,Equilibrium,Quadrulini,QVER,0,0,0,0,0,0,0,0,0,0,0,0,0,0,0,0,0,0,0,0,0,0,0,0,0,0,0,NA
SIPSEY,WENDELL_2,2019,S7,33.041085,-88.035372,1882.921356,80-60_19,Periodic,Pleurobemini,EARC,0,0,0,0,0,0,0,0,0,0,0,0,0,0,0,0,0,0,0,0,0,0,0,0,0,0,0,NA
SIPSEY,WENDELL_2,2019,S7,33.041085,-88.035372,1882.921356,80-60_19,Equilibrium,Amblemini,APLI,0,0,0,0,0,0,0,0,0,0,0,0,0,0,0,0,0,0,0,0,0,0,0,0,0,0,0,NA
SIPSEY,WENDELL_2,2019,S7,33.041085,-88.035372,1882.921356,80-60_19,Equilibrium,Pleurobemini,REBE,0,0,0,0,0,0,0,0,0,0,0,0,0,0,0,0,0,0,0,0,0,0,0,0,0,0,0,NA
SIPSEY,WENDELL_2,2019,S7,33.041085,-88.035372,1882.921356,80-60_19,Equilibrium,Quadrulini,QQUA,0,0,0,0,0,0,0,0,0,0,0,0,0,0,0,0,0,0,0,0,0,0,0,0,0,0,0,NA
SIPSEY,WENDELL_2,2019,S7,33.041085,-88.035372,1882.921356,80-60_19,Opportunistic,Lampsilini,TDON,0.048345335,0.04061975,0.799323396,0.048678795,0.750644601,0.043046002,0.036167251,0.724585916,0.044127282,0.680458634,0.089298545,0.080294533,0.758370186,0.687337385,0.027625905,0.023211286,0.456756226,0.027816454,0.428939772,0.024597715,0.020667,0.414049095,0.02521559,0.388833505,0.05102774,0.04588259,0.433354392,0.39276422
SIPSEY,WENDELL_2,2019,S7,33.041085,-88.035372,1882.921356,80-60_19,Equilibrium,Quadrulini,MNER,0,0,0,0,0,0,0,0,0,0,0,0,0,0,0,0,0,0,0,0,0,0,0,0,0,0,0,NA
SIPSEY,WENDELL_2,2019,S7,33.041085,-88.035372,1882.921356,80-60_19,Periodic,Lampsilini,LLIE,0,0,0,0,0,0,0,0,0,0,0,0,0,0,0,0,0,0,0,0,0,0,0,0,0,0,0,NA
SIPSEY,WENDELL_2,2019,S7,33.041085,-88.035372,1882.921356,80-60_19,Periodic,Lampsilini,ELIN,0,0,0,0,0,0,0,0,0,0,0,0,0,0,0,0,0,0,0,0,0,0,0,0,0,0,0,NA
SIPSEY,WENDELL_2,2019,S7,33.041085,-88.035372,1882.921356,80-60_19,Opportunistic,Lampsilini,PFRA,0,0,0,0,0,0,0,0,0,0,0,0,0,0,0,0,0,0,0,0,0,0,0,0,0,0,0,NA
SIPSEY,WENDELL_2,2019,S7,33.041085,-88.035372,1882.921356,80-60_19,Opportunistic,Lampsilini,LREC,0,0,0,0,0,0,0,0,0,0,0,0,0,0,0,0,0,0,0,0,0,0,0,0,0,0,0,NA
SIPSEY,WENDELL_2,2019,S7,33.041085,-88.035372,1882.921356,80-60_19,Periodic,Lampsilini,OARK,0,0,0,0,0,0,0,0,0,0,0,0,0,0,0,0,0,0,0,0,0,0,0,0,0,0,0,NA
SIPSEY,WENDELL_2,2019,S7,33.041085,-88.035372,1882.921356,80-60_19,Opportunistic,Lampsilini,PINF,0,0,0,0,0,0,0,0,0,0,0,0,0,0,0,0,0,0,0,0,0,0,0,0,0,0,0,NA
SIPSEY,WENDELL_2,2019,S7,33.041085,-88.035372,1882.921356,80-60_19,Equilibrium,Pleurobemini,PPER,0,0,0,0,0,0,0,0,0,0,0,0,0,0,0,0,0,0,0,0,0,0,0,0,0,0,0,NA
SIPSEY,WENDELL_2,2019,S7,33.041085,-88.035372,1882.921356,80-60_19,Opportunistic,Lampsilini,LTER,0,0,0,0,0,0,0,0,0,0,0,0,0,0,0,0,0,0,0,0,0,0,0,0,0,0,0,NA
SIPSEY,WENDELL_2,2019,S7,33.041085,-88.035372,1882.921356,80-60_19,Periodic,Alasmodontini,SSUB,0,0,0,0,0,0,0,0,0,0,0,0,0,0,0,0,0,0,0,0,0,0,0,0,0,0,0,NA
SIPSEY,WENDELL_2,2019,S7,33.041085,-88.035372,1882.921356,80-60_19,Opportunistic,Lampsilini,TPAR,0,0,0,0,0,0,0,0,0,0,0,0,0,0,0,0,0,0,0,0,0,0,0,0,0,0,0,NA
SIPSEY,WENDELL_2,2019,S7,33.041085,-88.035372,1882.921356,80-60_19,Opportunistic,Lampsilini,PPUR,0,0,0,0,0,0,0,0,0,0,0,0,0,0,0,0,0,0,0,0,0,0,0,0,0,0,0,NA
SIPSEY,WENDELL_2,2019,S7,33.041085,-88.035372,1882.921356,80-60_19,Periodic,Lampsilini,HPER,0,0,0,0,0,0,0,0,0,0,0,0,0,0,0,0,0,0,0,0,0,0,0,0,0,0,0,NA
SIPSEY,WENDELL_2,2019,S7,33.041085,-88.035372,1882.921356,80-60_19,Periodic,Lampsilini,VVIB,0,0,0,0,0,0,0,0,0,0,0,0,0,0,0,0,0,0,0,0,0,0,0,0,0,0,0,NA
SIPSEY,WENDELL_2,2019,S7,33.041085,-88.035372,1882.921356,80-60_19,Periodic,Pleurobemini,ECRA,0,0,0,0,0,0,0,0,0,0,0,0,0,0,0,0,0,0,0,0,0,0,0,0,0,0,0,NA
SIPSEY,WENDELL_2,2019,S7,33.041085,-88.035372,1882.921356,80-60_19,Opportunistic,Lampsilini,TTRU,0,0,0,0,0,0,0,0,0,0,0,0,0,0,0,0,0,0,0,0,0,0,0,0,0,0,0,NA
SIPSEY,WENDELL_2,2019,S7,33.041085,-88.035372,1882.921356,80-60_19,NA,Lampsilini,LAMP,0,0,0,0,0,0,0,0,0,0,0,0,0,0,0,0,0,0,0,0,0,0,0,0,0,0,0,NA
SIPSEY,WENDELL_2,2019,S7,33.041085,-88.035372,1882.921356,80-60_19,Periodic,Anodontini,LCOM,0,0,0,0,0,0,0,0,0,0,0,0,0,0,0,0,0,0,0,0,0,0,0,0,0,0,0,NA
SIPSEY,WENDELL_2,2019,S7,33.041085,-88.035372,1882.921356,80-60_3,NA,Corbicula,CFLU,0.160785893,0.119097995,5.589768217,0.162662255,5.427105962,0.088324301,0.066698703,3.223586718,0.093806373,3.129780344,0.281760251,0.160505077,5.46879386,3.151405942,0.071460397,0.052932442,2.48434143,0.072294336,2.412047094,0.039255245,0.029643868,1.432705208,0.041691722,1.391013486,0.125226778,0.07133559,2.430575049,1.400624863
SIPSEY,WENDELL_2,2019,S7,33.041085,-88.035372,1882.921356,80-60_3,Equilibrium,Pleurobemini,FCER,0,0,0,0,0,0,0,0,0,0,0,0,0,0,0,0,0,0,0,0,0,0,0,0,0,0,0,NA
SIPSEY,WENDELL_2,2019,S7,33.041085,-88.035372,1882.921356,80-60_3,Opportunistic,Lampsilini,LORN,0,0,0,0,0,0,0,0,0,0,0,0,0,0,0,0,0,0,0,0,0,0,0,0,0,0,0,NA
SIPSEY,WENDELL_2,2019,S7,33.041085,-88.035372,1882.921356,80-60_3,Periodic,Lampsilini,OREF,0,0,0,0,0,0,0,0,0,0,0,0,0,0,0,0,0,0,0,0,0,0,0,0,0,0,0,NA
SIPSEY,WENDELL_2,2019,S7,33.041085,-88.035372,1882.921356,80-60_3,Equilibrium,Pleurobemini,PDEC,4.558592525,3.798433125,251.0971461,13.73501389,237.3621322,0.975329858,0.806791176,53.55569867,2.929496717,50.62620195,17.53344702,3.736287893,238.1222916,50.79474063,2.026041122,1.6881925,111.5987316,6.104450619,105.494281,0.433479937,0.358573856,23.80253274,1.301998541,22.5005342,7.792643119,1.660572397,105.8321296,22.57544028
SIPSEY,WENDELL_2,2019,S7,33.041085,-88.035372,1882.921356,80-60_3,Equilibrium,Quadrulini,PKIE,2.202513918,1.942456577,87.89007508,6.556599601,81.33347548,0.501580755,0.445190583,18.3093003,1.365873802,16.9434265,8.499056178,1.811064386,81.59353282,16.99981667,0.978895075,0.863314034,39.06225559,2.914044267,36.14821132,0.22292478,0.197862482,8.1374668,0.607055023,7.530411777,3.777358301,0.804917505,36.26379236,7.555474075
SIPSEY,WENDELL_2,2019,S7,33.041085,-88.035372,1882.921356,80-60_3,Periodic,Lampsilini,LSTR,0,0,0,0,0,0,0,0,0,0,0,0,0,0,0,0,0,0,0,0,0,0,0,0,0,0,0,NA
SIPSEY,WENDELL_2,2019,S7,33.041085,-88.035372,1882.921356,80-60_3,Periodic,Lampsilini,MACU,0.444713241,0.382016665,5.434222006,0.320075676,5.114146329,0.152205214,0.133183391,1.852273909,0.109098933,1.743174975,0.702092341,0.242282324,5.176842905,1.762196798,0.197650329,0.169785185,2.41520978,0.142255856,2.272953924,0.067646762,0.059192618,0.823232848,0.048488415,0.774744434,0.312041041,0.107681033,2.300819069,0.783198577
SIPSEY,WENDELL_2,2019,S7,33.041085,-88.035372,1882.921356,80-60_3,Periodic,Lampsilini,OUNI,0.644058588,0.4917255,24.95725228,1.489947961,23.46730432,0.142945472,0.112870644,6.096482624,0.363960013,5.732522611,1.981673461,0.476830657,23.61963741,5.76259744,0.286248262,0.218544667,11.09211212,0.662199094,10.42991303,0.063531321,0.050164731,2.709547833,0.161760006,2.547787827,0.880743761,0.211924736,10.49761663,2.561154418
SIPSEY,WENDELL_2,2019,S7,33.041085,-88.035372,1882.921356,80-60_3,Equilibrium,Quadrulini,QVER,0,0,0,0,0,0,0,0,0,0,0,0,0,0,0,0,0,0,0,0,0,0,0,0,0,0,0,NA
SIPSEY,WENDELL_2,2019,S7,33.041085,-88.035372,1882.921356,80-60_3,Periodic,Pleurobemini,EARC,0.419280765,0.348615563,12.1121559,0.598340502,11.5138154,0.138928445,0.115702365,4.395550554,0.217140197,4.178410356,0.946956065,0.332842562,11.5844806,4.201636437,0.186347007,0.15494025,5.383180401,0.265929112,5.117251289,0.061745976,0.051423273,1.953578024,0.096506754,1.857071269,0.420869362,0.147930028,5.148658045,1.867393972
SIPSEY,WENDELL_2,2019,S7,33.041085,-88.035372,1882.921356,80-60_3,Equilibrium,Amblemini,APLI,1.943995703,1.631414638,84.28527818,6.043254446,78.24202373,0.195252451,0.15810952,7.770401315,0.557137774,7.213263541,7.674669084,0.715247294,78.5546048,7.250406472,0.86399809,0.725073173,37.46012364,2.685890865,34.77423277,0.086778867,0.070270898,3.453511696,0.247616789,3.205894907,3.410964037,0.317887686,34.91315769,3.222402876
SIPSEY,WENDELL_2,2019,S7,33.041085,-88.035372,1882.921356,80-60_3,Equilibrium,Pleurobemini,REBE,0,0,0,0,0,0,0,0,0,0,0,0,0,0,0,0,0,0,0,0,0,0,0,0,0,0,0,NA
SIPSEY,WENDELL_2,2019,S7,33.041085,-88.035372,1882.921356,80-60_3,Equilibrium,Quadrulini,QQUA,0,0,0,0,0,0,0,0,0,0,0,0,0,0,0,0,0,0,0,0,0,0,0,0,0,0,0,NA
SIPSEY,WENDELL_2,2019,S7,33.041085,-88.035372,1882.921356,80-60_3,Opportunistic,Lampsilini,TDON,0.030822648,0.025897189,0.493377197,0.030046671,0.463330526,0.03004,0.025239608,0.483757871,0.029460854,0.454297016,0.05594386,0.054700462,0.468255985,0.459097408,0.013698955,0.011509862,0.219278754,0.013354076,0.205924678,0.013351111,0.011217604,0.215003498,0.013093713,0.201909785,0.024863938,0.024311317,0.208113771,0.204043293
SIPSEY,WENDELL_2,2019,S7,33.041085,-88.035372,1882.921356,80-60_3,Equilibrium,Quadrulini,MNER,0,0,0,0,0,0,0,0,0,0,0,0,0,0,0,0,0,0,0,0,0,0,0,0,0,0,0,NA
SIPSEY,WENDELL_2,2019,S7,33.041085,-88.035372,1882.921356,80-60_3,Periodic,Lampsilini,LLIE,0,0,0,0,0,0,0,0,0,0,0,0,0,0,0,0,0,0,0,0,0,0,0,0,0,0,0,NA
SIPSEY,WENDELL_2,2019,S7,33.041085,-88.035372,1882.921356,80-60_3,Periodic,Lampsilini,ELIN,0,0,0,0,0,0,0,0,0,0,0,0,0,0,0,0,0,0,0,0,0,0,0,0,0,0,0,NA
SIPSEY,WENDELL_2,2019,S7,33.041085,-88.035372,1882.921356,80-60_3,Opportunistic,Lampsilini,PFRA,0,0,0,0,0,0,0,0,0,0,0,0,0,0,0,0,0,0,0,0,0,0,0,0,0,0,0,NA
SIPSEY,WENDELL_2,2019,S7,33.041085,-88.035372,1882.921356,80-60_3,Opportunistic,Lampsilini,LREC,0,0,0,0,0,0,0,0,0,0,0,0,0,0,0,0,0,0,0,0,0,0,0,0,0,0,0,NA
SIPSEY,WENDELL_2,2019,S7,33.041085,-88.035372,1882.921356,80-60_3,Periodic,Lampsilini,OARK,0,0,0,0,0,0,0,0,0,0,0,0,0,0,0,0,0,0,0,0,0,0,0,0,0,0,0,NA
SIPSEY,WENDELL_2,2019,S7,33.041085,-88.035372,1882.921356,80-60_3,Opportunistic,Lampsilini,PINF,0,0,0,0,0,0,0,0,0,0,0,0,0,0,0,0,0,0,0,0,0,0,0,0,0,0,0,NA
SIPSEY,WENDELL_2,2019,S7,33.041085,-88.035372,1882.921356,80-60_3,Equilibrium,Pleurobemini,PPER,0,0,0,0,0,0,0,0,0,0,0,0,0,0,0,0,0,0,0,0,0,0,0,0,0,0,0,NA
SIPSEY,WENDELL_2,2019,S7,33.041085,-88.035372,1882.921356,80-60_3,Opportunistic,Lampsilini,LTER,0,0,0,0,0,0,0,0,0,0,0,0,0,0,0,0,0,0,0,0,0,0,0,0,0,0,0,NA
SIPSEY,WENDELL_2,2019,S7,33.041085,-88.035372,1882.921356,80-60_3,Periodic,Alasmodontini,SSUB,0,0,0,0,0,0,0,0,0,0,0,0,0,0,0,0,0,0,0,0,0,0,0,0,0,0,0,NA
SIPSEY,WENDELL_2,2019,S7,33.041085,-88.035372,1882.921356,80-60_3,Opportunistic,Lampsilini,TPAR,0,0,0,0,0,0,0,0,0,0,0,0,0,0,0,0,0,0,0,0,0,0,0,0,0,0,0,NA
SIPSEY,WENDELL_2,2019,S7,33.041085,-88.035372,1882.921356,80-60_3,Opportunistic,Lampsilini,PPUR,0,0,0,0,0,0,0,0,0,0,0,0,0,0,0,0,0,0,0,0,0,0,0,0,0,0,0,NA
SIPSEY,WENDELL_2,2019,S7,33.041085,-88.035372,1882.921356,80-60_3,Periodic,Lampsilini,HPER,0,0,0,0,0,0,0,0,0,0,0,0,0,0,0,0,0,0,0,0,0,0,0,0,0,0,0,NA
SIPSEY,WENDELL_2,2019,S7,33.041085,-88.035372,1882.921356,80-60_3,Periodic,Lampsilini,VVIB,0,0,0,0,0,0,0,0,0,0,0,0,0,0,0,0,0,0,0,0,0,0,0,0,0,0,0,NA
SIPSEY,WENDELL_2,2019,S7,33.041085,-88.035372,1882.921356,80-60_3,Periodic,Pleurobemini,ECRA,0,0,0,0,0,0,0,0,0,0,0,0,0,0,0,0,0,0,0,0,0,0,0,0,0,0,0,NA
SIPSEY,WENDELL_2,2019,S7,33.041085,-88.035372,1882.921356,80-60_3,Opportunistic,Lampsilini,TTRU,0,0,0,0,0,0,0,0,0,0,0,0,0,0,0,0,0,0,0,0,0,0,0,0,0,0,0,NA
SIPSEY,WENDELL_2,2019,S7,33.041085,-88.035372,1882.921356,80-60_3,NA,Lampsilini,LAMP,0,0,0,0,0,0,0,0,0,0,0,0,0,0,0,0,0,0,0,0,0,0,0,0,0,0,0,NA
SIPSEY,WENDELL_2,2019,S7,33.041085,-88.035372,1882.921356,80-60_3,Periodic,Anodontini,LCOM,0,0,0,0,0,0,0,0,0,0,0,0,0,0,0,0,0,0,0,0,0,0,0,0,0,0,0,NA
SIPSEY,WENDELL_2,2019,S7,33.041085,-88.035372,1882.921356,80-60_9,NA,Corbicula,CFLU,0.054609584,0.041542556,2.028411826,0.059026784,1.969385042,0.03045572,0.024076125,1.23968466,0.036074824,1.203609836,0.10056934,0.060150949,1.98245207,1.209989431,0.036406389,0.027695037,1.352274551,0.039351189,1.312923361,0.020303813,0.01605075,0.82645644,0.024049882,0.802406557,0.067046227,0.040100633,1.321634713,0.80665962
SIPSEY,WENDELL_2,2019,S7,33.041085,-88.035372,1882.921356,80-60_9,Equilibrium,Pleurobemini,FCER,0,0,0,0,0,0,0,0,0,0,0,0,0,0,0,0,0,0,0,0,0,0,0,0,0,0,0,NA
SIPSEY,WENDELL_2,2019,S7,33.041085,-88.035372,1882.921356,80-60_9,Opportunistic,Lampsilini,LORN,0,0,0,0,0,0,0,0,0,0,0,0,0,0,0,0,0,0,0,0,0,0,0,0,0,0,0,NA
SIPSEY,WENDELL_2,2019,S7,33.041085,-88.035372,1882.921356,80-60_9,Periodic,Lampsilini,OREF,0.469414404,0.408364641,22.96157858,0.946017037,22.01556154,0.080506076,0.068498431,3.568919884,0.147039499,3.421880385,1.354381678,0.215537931,22.0766113,3.433888029,0.312942936,0.272243094,15.30771905,0.630678025,14.67704103,0.053670717,0.045665621,2.379279923,0.098026333,2.28125359,0.902921119,0.143691954,14.71774087,2.289258686
SIPSEY,WENDELL_2,2019,S7,33.041085,-88.035372,1882.921356,80-60_9,Equilibrium,Pleurobemini,PDEC,3.029806012,2.515933775,166.6417831,9.115305537,157.5264776,0.478190337,0.394512306,26.22751412,1.434645023,24.7928691,11.63123931,1.829157328,158.0403498,24.87654713,2.019870675,1.677289184,111.0945221,6.076870358,105.0176517,0.318793558,0.263008204,17.48500942,0.956430015,16.5285794,7.754159541,1.219438219,105.3602332,16.58436475
SIPSEY,WENDELL_2,2019,S7,33.041085,-88.035372,1882.921356,80-60_9,Equilibrium,Quadrulini,PKIE,0.199146396,0.17415276,8.819055346,0.657901529,8.161153817,0.077906856,0.068697799,3.072618184,0.229217317,2.843400867,0.832054288,0.297915115,8.186147453,2.852609925,0.132764264,0.11610184,5.879370231,0.438601019,5.440769211,0.051937904,0.045798532,2.048412123,0.152811544,1.895600578,0.554702859,0.198610077,5.457431636,1.90173995
SIPSEY,WENDELL_2,2019,S7,33.041085,-88.035372,1882.921356,80-60_9,Periodic,Lampsilini,LSTR,0,0,0,0,0,0,0,0,0,0,0,0,0,0,0,0,0,0,0,0,0,0,0,0,0,0,0,NA
SIPSEY,WENDELL_2,2019,S7,33.041085,-88.035372,1882.921356,80-60_9,Periodic,Lampsilini,MACU,0,0,0,0,0,0,0,0,0,0,0,0,0,0,0,0,0,0,0,0,0,0,0,0,0,0,0,NA
SIPSEY,WENDELL_2,2019,S7,33.041085,-88.035372,1882.921356,80-60_9,Periodic,Lampsilini,OUNI,0,0,0,0,0,0,0,0,0,0,0,0,0,0,0,0,0,0,0,0,0,0,0,0,0,0,0,NA
SIPSEY,WENDELL_2,2019,S7,33.041085,-88.035372,1882.921356,80-60_9,Equilibrium,Quadrulini,QVER,1.169384639,0.791032546,36.43751102,2.237263177,34.20024785,0.313477389,0.249570995,9.606348969,0.589829827,9.016519142,3.028295723,0.839400822,34.57859994,9.080425536,0.779589759,0.527355031,24.29167402,1.491508785,22.80016523,0.208984926,0.166380663,6.404232646,0.393219884,6.011012761,2.018863815,0.559600548,23.05239996,6.053617024
SIPSEY,WENDELL_2,2019,S7,33.041085,-88.035372,1882.921356,80-60_9,Periodic,Pleurobemini,EARC,0,0,0,0,0,0,0,0,0,0,0,0,0,0,0,0,0,0,0,0,0,0,0,0,0,0,0,NA
SIPSEY,WENDELL_2,2019,S7,33.041085,-88.035372,1882.921356,80-60_9,Equilibrium,Amblemini,APLI,0.618628102,0.541579417,29.60463142,2.122652073,27.48197935,0.147486235,0.124947944,6.522310137,0.467649637,6.054660501,2.66423149,0.592597581,27.55902803,6.077198791,0.412418735,0.361052945,19.73642095,1.415101382,18.32131956,0.098324156,0.083298629,4.348206758,0.311766425,4.036440334,1.776154326,0.395065054,18.37268535,4.051465861
SIPSEY,WENDELL_2,2019,S7,33.041085,-88.035372,1882.921356,80-60_9,Equilibrium,Pleurobemini,REBE,0,0,0,0,0,0,0,0,0,0,0,0,0,0,0,0,0,0,0,0,0,0,0,0,0,0,0,NA
SIPSEY,WENDELL_2,2019,S7,33.041085,-88.035372,1882.921356,80-60_9,Equilibrium,Quadrulini,QQUA,0,0,0,0,0,0,0,0,0,0,0,0,0,0,0,0,0,0,0,0,0,0,0,0,0,0,0,NA
SIPSEY,WENDELL_2,2019,S7,33.041085,-88.035372,1882.921356,80-60_9,Opportunistic,Lampsilini,TDON,0,0,0,0,0,0,0,0,0,0,0,0,0,0,0,0,0,0,0,0,0,0,0,0,0,0,0,NA
SIPSEY,WENDELL_2,2019,S7,33.041085,-88.035372,1882.921356,80-60_9,Equilibrium,Quadrulini,MNER,0,0,0,0,0,0,0,0,0,0,0,0,0,0,0,0,0,0,0,0,0,0,0,0,0,0,0,NA
SIPSEY,WENDELL_2,2019,S7,33.041085,-88.035372,1882.921356,80-60_9,Periodic,Lampsilini,LLIE,0,0,0,0,0,0,0,0,0,0,0,0,0,0,0,0,0,0,0,0,0,0,0,0,0,0,0,NA
SIPSEY,WENDELL_2,2019,S7,33.041085,-88.035372,1882.921356,80-60_9,Periodic,Lampsilini,ELIN,0,0,0,0,0,0,0,0,0,0,0,0,0,0,0,0,0,0,0,0,0,0,0,0,0,0,0,NA
SIPSEY,WENDELL_2,2019,S7,33.041085,-88.035372,1882.921356,80-60_9,Opportunistic,Lampsilini,PFRA,0,0,0,0,0,0,0,0,0,0,0,0,0,0,0,0,0,0,0,0,0,0,0,0,0,0,0,NA
SIPSEY,WENDELL_2,2019,S7,33.041085,-88.035372,1882.921356,80-60_9,Opportunistic,Lampsilini,LREC,0,0,0,0,0,0,0,0,0,0,0,0,0,0,0,0,0,0,0,0,0,0,0,0,0,0,0,NA
SIPSEY,WENDELL_2,2019,S7,33.041085,-88.035372,1882.921356,80-60_9,Periodic,Lampsilini,OARK,0,0,0,0,0,0,0,0,0,0,0,0,0,0,0,0,0,0,0,0,0,0,0,0,0,0,0,NA
SIPSEY,WENDELL_2,2019,S7,33.041085,-88.035372,1882.921356,80-60_9,Opportunistic,Lampsilini,PINF,0,0,0,0,0,0,0,0,0,0,0,0,0,0,0,0,0,0,0,0,0,0,0,0,0,0,0,NA
SIPSEY,WENDELL_2,2019,S7,33.041085,-88.035372,1882.921356,80-60_9,Equilibrium,Pleurobemini,PPER,0.245896668,0.206678065,13.59532779,0.74366443,12.85166336,0.089999186,0.07492931,4.955689646,0.271076224,4.684613423,0.950342495,0.346005534,12.89088196,4.699683298,0.163931112,0.137785377,9.063551858,0.495776287,8.567775571,0.059999457,0.049952874,3.303793098,0.180717482,3.123075615,0.633561664,0.230670356,8.593921306,3.133122199
SIPSEY,WENDELL_2,2019,S7,33.041085,-88.035372,1882.921356,80-60_9,Opportunistic,Lampsilini,LTER,0,0,0,0,0,0,0,0,0,0,0,0,0,0,0,0,0,0,0,0,0,0,0,0,0,0,0,NA
SIPSEY,WENDELL_2,2019,S7,33.041085,-88.035372,1882.921356,80-60_9,Periodic,Alasmodontini,SSUB,0,0,0,0,0,0,0,0,0,0,0,0,0,0,0,0,0,0,0,0,0,0,0,0,0,0,0,NA
SIPSEY,WENDELL_2,2019,S7,33.041085,-88.035372,1882.921356,80-60_9,Opportunistic,Lampsilini,TPAR,0,0,0,0,0,0,0,0,0,0,0,0,0,0,0,0,0,0,0,0,0,0,0,0,0,0,0,NA
SIPSEY,WENDELL_2,2019,S7,33.041085,-88.035372,1882.921356,80-60_9,Opportunistic,Lampsilini,PPUR,0,0,0,0,0,0,0,0,0,0,0,0,0,0,0,0,0,0,0,0,0,0,0,0,0,0,0,NA
SIPSEY,WENDELL_2,2019,S7,33.041085,-88.035372,1882.921356,80-60_9,Periodic,Lampsilini,HPER,0,0,0,0,0,0,0,0,0,0,0,0,0,0,0,0,0,0,0,0,0,0,0,0,0,0,0,NA
SIPSEY,WENDELL_2,2019,S7,33.041085,-88.035372,1882.921356,80-60_9,Periodic,Lampsilini,VVIB,0,0,0,0,0,0,0,0,0,0,0,0,0,0,0,0,0,0,0,0,0,0,0,0,0,0,0,NA
SIPSEY,WENDELL_2,2019,S7,33.041085,-88.035372,1882.921356,80-60_9,Periodic,Pleurobemini,ECRA,10.19814692,8.568483042,172.9251531,10.53114182,162.3940113,0.126868499,0.106594913,1.792740938,0.109177923,1.683563015,19.09962487,0.215772836,164.0236752,1.703836601,6.798764613,5.712322028,115.2834354,7.020761216,108.2626742,0.084579,0.071063275,1.195160625,0.072785282,1.122375343,12.73308324,0.143848558,109.3491168,1.135891068
SIPSEY,WENDELL_2,2019,S7,33.041085,-88.035372,1882.921356,80-60_9,Opportunistic,Lampsilini,TTRU,0,0,0,0,0,0,0,0,0,0,0,0,0,0,0,0,0,0,0,0,0,0,0,0,0,0,0,NA
SIPSEY,WENDELL_2,2019,S7,33.041085,-88.035372,1882.921356,80-60_9,NA,Lampsilini,LAMP,0,0,0,0,0,0,0,0,0,0,0,0,0,0,0,0,0,0,0,0,0,0,0,0,0,0,0,NA
SIPSEY,WENDELL_2,2019,S7,33.041085,-88.035372,1882.921356,80-60_9,Periodic,Anodontini,LCOM,0,0,0,0,0,0,0,0,0,0,0,0,0,0,0,0,0,0,0,0,0,0,0,0,0,0,0,NA
SIPSEY,HWY14,2022,S8,33.040556,-88.113611,1991.700857,0-20_10,NA,Corbicula,CFLU,0.013997411,0.009188178,0.363328802,0.010572868,0.352755934,0.013997411,0.009188178,0.363328802,0.010572868,0.352755934,0.019761046,0.019761046,0.357565168,0.357565168,0.003293509,0.002161924,0.08548913,0.002487734,0.083001396,0.003293509,0.002161924,0.08548913,0.002487734,0.083001396,0.004649658,0.004649658,0.084132981,0.084132981
SIPSEY,HWY14,2022,S8,33.040556,-88.113611,1991.700857,0-20_10,Equilibrium,Pleurobemini,FCER,7.252006898,6.151898476,278.6569649,14.54589357,264.1110713,0.261329927,0.220433697,9.818457893,0.512523502,9.305934391,20.69779204,0.732957199,265.2111797,9.346830621,1.706354564,1.447505524,65.56634468,3.422563192,62.14378149,0.061489395,0.051866752,2.310225387,0.120593765,2.189631621,4.870068716,0.172460517,62.40263053,2.199254264
SIPSEY,HWY14,2022,S8,33.040556,-88.113611,1991.700857,0-20_10,Opportunistic,Lampsilini,LORN,3.28516437,2.476115126,37.63219998,4.354045537,33.27815444,0.044346426,0.030058503,0.887030291,0.102629405,0.784400887,6.830160664,0.132687907,34.08720368,0.79868881,0.772979852,0.582615324,8.854635289,1.024481303,7.830153986,0.010434453,0.007072589,0.20871301,0.024148095,0.184564915,1.607096627,0.031220684,8.020518514,0.187926779
SIPSEY,HWY14,2022,S8,33.040556,-88.113611,1991.700857,0-20_10,Periodic,Lampsilini,OREF,2.725698975,2.357292118,130.1326102,5.36146354,124.7711466,0.316461521,0.269945691,14.19716015,0.584922998,13.61223715,7.718755658,0.854868689,125.1395535,13.65875299,0.641340935,0.554656969,30.61943769,1.261520833,29.35791686,0.074461534,0.063516633,3.340508271,0.137628941,3.202879331,1.816177802,0.201145574,29.44460082,3.213824232
SIPSEY,HWY14,2022,S8,33.040556,-88.113611,1991.700857,0-20_10,Equilibrium,Pleurobemini,PDEC,13.17011687,10.86251869,722.2545316,39.50732288,682.7472087,0.860165455,0.705900625,47.07046898,2.574754653,44.49571433,50.36984156,3.280655279,685.0548069,44.64997916,3.098851028,2.55588675,169.9422427,9.295840677,160.646402,0.202391872,0.166094265,11.07540447,0.605824624,10.46957984,11.85172743,0.771918889,161.1893663,10.50587745
SIPSEY,HWY14,2022,S8,33.040556,-88.113611,1991.700857,0-20_10,Equilibrium,Quadrulini,PKIE,19.53177063,17.39768817,686.8974377,51.24254886,635.6548889,1.235960281,1.106062418,40.51711454,3.022576745,37.49453779,68.64023702,4.128639163,637.7889714,37.62443566,4.595710736,4.093573686,161.6229265,12.05707032,149.5658562,0.290814184,0.260249981,9.533438715,0.711194528,8.822244187,16.15064401,0.971444509,150.0679933,8.85280839
SIPSEY,HWY14,2022,S8,33.040556,-88.113611,1991.700857,0-20_10,Periodic,Lampsilini,LSTR,0,0,0,0,0,0,0,0,0,0,0,0,0,0,0,0,0,0,0,0,0,0,0,0,0,0,0,NA
SIPSEY,HWY14,2022,S8,33.040556,-88.113611,1991.700857,0-20_10,Periodic,Lampsilini,MACU,0,0,0,0,0,0,0,0,0,0,0,0,0,0,0,0,0,0,0,0,0,0,0,0,0,0,0,NA
SIPSEY,HWY14,2022,S8,33.040556,-88.113611,1991.700857,0-20_10,Periodic,Lampsilini,OUNI,1.752837773,1.383028818,74.97231642,4.47584729,70.49646913,0.112284339,0.088942623,4.865733332,0.29048428,4.575249052,5.858876108,0.379426903,70.86627808,4.598590769,0.412432417,0.325418545,17.64054504,1.053140539,16.5874045,0.026419845,0.020927676,1.144878431,0.068349242,1.076529189,1.378559084,0.089276918,16.67441837,1.082021357
SIPSEY,HWY14,2022,S8,33.040556,-88.113611,1991.700857,0-20_10,Equilibrium,Quadrulini,QVER,11.77521942,10.53568177,358.0484452,21.98417454,336.0642707,0.478602577,0.345623884,14.82631267,0.910335598,13.91597707,32.5198563,1.255959482,337.3038083,14.04895576,2.770639863,2.478983945,84.24669299,5.17274695,79.07394604,0.112612371,0.081323267,3.488544157,0.214196611,3.274347546,7.651730895,0.295519878,79.36560196,3.30563665
SIPSEY,HWY14,2022,S8,33.040556,-88.113611,1991.700857,0-20_10,Periodic,Pleurobemini,EARC,1.467711942,1.223426962,49.28452364,2.434655468,46.84986818,0,0,0,0,0,3.65808243,0,47.09415316,0,0.345343986,0.287865167,11.5963585,0.57286011,11.02349839,0,0,0,0,0,0.860725278,0,11.08097721,0
SIPSEY,HWY14,2022,S8,33.040556,-88.113611,1991.700857,0-20_10,Equilibrium,Amblemini,APLI,0,0,0,0,0,0,0,0,0,0,0,0,0,0,0,0,0,0,0,0,0,0,0,0,0,0,0,NA
SIPSEY,HWY14,2022,S8,33.040556,-88.113611,1991.700857,0-20_10,Equilibrium,Pleurobemini,REBE,0,0,0,0,0,0,0,0,0,0,0,0,0,0,0,0,0,0,0,0,0,0,0,0,0,0,0,NA
SIPSEY,HWY14,2022,S8,33.040556,-88.113611,1991.700857,0-20_10,Equilibrium,Quadrulini,QQUA,2.732359661,2.334137131,97.94252009,5.347661597,92.59485849,0.321444577,0.27543182,10.25079653,0.55969349,9.691103037,7.681798728,0.83512531,92.99308102,9.737115794,0.642908155,0.549208737,23.04529884,1.258273317,21.78702553,0.075634018,0.064807487,2.411952124,0.131692586,2.280259538,1.807482054,0.196500073,21.88072495,2.291086069
SIPSEY,HWY14,2022,S8,33.040556,-88.113611,1991.700857,0-20_10,Opportunistic,Lampsilini,TDON,0.002887334,0.002425938,0.038980535,0.002373915,0.03660662,0.002887334,0.002425938,0.038980535,0.002373915,0.03660662,0.004799852,0.004799852,0.037068016,0.037068016,0.000679373,0.000570809,0.009171891,0.000558568,0.008613322,0.000679373,0.000570809,0.009171891,0.000558568,0.008613322,0.001129377,0.001129377,0.008721886,0.008721886
SIPSEY,HWY14,2022,S8,33.040556,-88.113611,1991.700857,0-20_10,Equilibrium,Quadrulini,MNER,23.02920465,18.0965449,856.399253,61.40382644,794.9954266,1.380292375,1.045998019,47.05181661,3.373615251,43.67820136,79.50037134,4.41961327,799.9280863,44.01249572,5.418636388,4.258010565,201.5057066,14.44795916,187.0577474,0.324774676,0.246117181,11.07101567,0.793791824,10.27722385,18.70596973,1.039909005,188.2183732,10.35588135
SIPSEY,HWY14,2022,S8,33.040556,-88.113611,1991.700857,0-20_10,Periodic,Lampsilini,LLIE,0,0,0,0,0,0,0,0,0,0,0,0,0,0,0,0,0,0,0,0,0,0,0,0,0,0,0,NA
SIPSEY,HWY14,2022,S8,33.040556,-88.113611,1991.700857,0-20_10,Periodic,Lampsilini,ELIN,4.476080147,3.76080254,96.0571345,5.849879491,90.20725501,0.128149816,0.107671475,2.573376532,0.156718631,2.416657901,9.610682031,0.264390106,90.92253262,2.437136242,1.053195329,0.884894715,22.60167871,1.376442233,21.22523647,0.030152898,0.025334465,0.60550036,0.036874972,0.568625388,2.261336948,0.062209437,21.39353709,0.573443822
SIPSEY,HWY14,2022,S8,33.040556,-88.113611,1991.700857,0-20_10,Opportunistic,Lampsilini,PFRA,0.038182747,0.032081144,0.259539969,0.015805984,0.243733985,0.038182747,0.032081144,0.259539969,0.015805984,0.243733985,0.047887129,0.047887129,0.249835588,0.249835588,0.008984176,0.007548505,0.061068228,0.003719055,0.057349173,0.008984176,0.007548505,0.061068228,0.003719055,0.057349173,0.01126756,0.01126756,0.058784844,0.058784844
SIPSEY,HWY14,2022,S8,33.040556,-88.113611,1991.700857,0-20_10,Opportunistic,Lampsilini,LREC,0,0,0,0,0,0,0,0,0,0,0,0,0,0,0,0,0,0,0,0,0,0,0,0,0,0,0,NA
SIPSEY,HWY14,2022,S8,33.040556,-88.113611,1991.700857,0-20_10,Periodic,Lampsilini,OARK,0,0,0,0,0,0,0,0,0,0,0,0,0,0,0,0,0,0,0,0,0,0,0,0,0,0,0,NA
SIPSEY,HWY14,2022,S8,33.040556,-88.113611,1991.700857,0-20_10,Opportunistic,Lampsilini,PINF,0,0,0,0,0,0,0,0,0,0,0,0,0,0,0,0,0,0,0,0,0,0,0,0,0,0,0,NA
SIPSEY,HWY14,2022,S8,33.040556,-88.113611,1991.700857,0-20_10,Equilibrium,Pleurobemini,PPER,0,0,0,0,0,0,0,0,0,0,0,0,0,0,0,0,0,0,0,0,0,0,0,0,0,0,0,NA
SIPSEY,HWY14,2022,S8,33.040556,-88.113611,1991.700857,0-20_10,Opportunistic,Lampsilini,LTER,0.770239285,0.623769853,10.18121575,0.488698356,9.692517391,0.595245806,0.477495652,8.020661584,0.384991756,7.635669828,1.112468209,0.862487408,9.838986823,7.753419982,0.181232773,0.146769377,2.395580176,0.114987848,2.280592327,0.140057837,0.112351918,1.88721449,0.090586296,1.796628195,0.261757226,0.202938214,2.315055723,1.824334113
SIPSEY,HWY14,2022,S8,33.040556,-88.113611,1991.700857,0-20_10,Periodic,Alasmodontini,SSUB,0,0,0,0,0,0,0,0,0,0,0,0,0,0,0,0,0,0,0,0,0,0,0,0,0,0,0,NA
SIPSEY,HWY14,2022,S8,33.040556,-88.113611,1991.700857,0-20_10,Opportunistic,Lampsilini,TPAR,0,0,0,0,0,0,0,0,0,0,0,0,0,0,0,0,0,0,0,0,0,0,0,0,0,0,0,NA
SIPSEY,HWY14,2022,S8,33.040556,-88.113611,1991.700857,0-20_10,Opportunistic,Lampsilini,PPUR,0,0,0,0,0,0,0,0,0,0,0,0,0,0,0,0,0,0,0,0,0,0,0,0,0,0,0,NA
SIPSEY,HWY14,2022,S8,33.040556,-88.113611,1991.700857,0-20_10,Periodic,Lampsilini,HPER,0,0,0,0,0,0,0,0,0,0,0,0,0,0,0,0,0,0,0,0,0,0,0,0,0,0,0,NA
SIPSEY,HWY14,2022,S8,33.040556,-88.113611,1991.700857,0-20_10,Periodic,Lampsilini,VVIB,0,0,0,0,0,0,0,0,0,0,0,0,0,0,0,0,0,0,0,0,0,0,0,0,0,0,0,NA
SIPSEY,HWY14,2022,S8,33.040556,-88.113611,1991.700857,0-20_10,Periodic,Pleurobemini,ECRA,0,0,0,0,0,0,0,0,0,0,0,0,0,0,0,0,0,0,0,0,0,0,0,0,0,0,0,NA
SIPSEY,HWY14,2022,S8,33.040556,-88.113611,1991.700857,0-20_10,Opportunistic,Lampsilini,TTRU,0,0,0,0,0,0,0,0,0,0,0,0,0,0,0,0,0,0,0,0,0,0,0,0,0,0,0,NA
SIPSEY,HWY14,2022,S8,33.040556,-88.113611,1991.700857,0-20_10,NA,Lampsilini,LAMP,0,0,0,0,0,0,0,0,0,0,0,0,0,0,0,0,0,0,0,0,0,0,0,0,0,0,0,NA
SIPSEY,HWY14,2022,S8,33.040556,-88.113611,1991.700857,0-20_10,Periodic,Anodontini,LCOM,0,0,0,0,0,0,0,0,0,0,0,0,0,0,0,0,0,0,0,0,0,0,0,0,0,0,0,NA
SIPSEY,HWY14,2022,S8,33.040556,-88.113611,1991.700857,0-20_15,NA,Corbicula,CFLU,0.191463316,0.146961679,7.373834313,0.214578579,7.159255734,0.155232519,0.120762033,6.190743563,0.180150638,6.010592925,0.361540258,0.300912671,7.20375737,6.045063411,0.045050192,0.034579219,1.735019838,0.050489077,1.684530761,0.036525299,0.028414596,1.456645544,0.042388385,1.414257159,0.085068296,0.070802981,1.695001734,1.422367862
SIPSEY,HWY14,2022,S8,33.040556,-88.113611,1991.700857,0-20_15,Equilibrium,Pleurobemini,FCER,3.447054882,2.92519561,132.4871539,6.915829435,125.5713245,0.023777671,0.019524493,0.817572015,0.042677259,0.774894755,9.841025045,0.062201752,126.0931838,0.779147933,0.811071737,0.68828132,31.17344798,1.627253985,29.546194,0.005594746,0.004593998,0.192369886,0.010041708,0.182328178,2.315535305,0.014635706,29.66898441,0.183328925
SIPSEY,HWY14,2022,S8,33.040556,-88.113611,1991.700857,0-20_15,Opportunistic,Lampsilini,LORN,6.119108712,4.600822846,75.39389124,8.723073216,66.67081802,0.567969777,0.419813912,5.984480504,0.692404394,5.29207611,13.32389606,1.112218306,68.18910389,5.440231975,1.439790285,1.082546552,17.73973911,2.052487816,15.6872513,0.133639948,0.098779744,1.40811306,0.162918681,1.245194379,3.135034368,0.261698425,16.04449503,1.280054582
SIPSEY,HWY14,2022,S8,33.040556,-88.113611,1991.700857,0-20_15,Periodic,Lampsilini,OREF,0.047409585,0.043586499,2.930887664,0.120752572,2.810135093,0.032948663,0.029905796,1.921650385,0.079171996,1.842478389,0.164339071,0.109077792,2.813958178,1.845521256,0.011155196,0.010255647,0.689620627,0.02841237,0.661208257,0.007752627,0.007036658,0.452153032,0.018628705,0.433524327,0.038668017,0.025665363,0.662107807,0.434240296
SIPSEY,HWY14,2022,S8,33.040556,-88.113611,1991.700857,0-20_15,Equilibrium,Pleurobemini,PDEC,7.65214879,6.319110505,419.8685024,22.96680708,396.9016953,0.618218506,0.507195682,33.82627293,1.850297129,31.9759758,29.28591759,2.357492811,398.2347336,32.08699862,1.800505598,1.486849531,98.7925888,5.403954608,93.3886342,0.145463178,0.11934016,7.959123041,0.43536403,7.523759011,6.890804138,0.554704191,93.70229026,7.549882029
SIPSEY,HWY14,2022,S8,33.040556,-88.113611,1991.700857,0-20_15,Equilibrium,Quadrulini,PKIE,16.44741905,14.67163383,567.4005673,42.32808232,525.0724849,0.641073888,0.57531866,20.25357866,1.510916968,18.7426617,56.99971615,2.086235629,526.8482702,18.80841692,3.869980953,3.452149137,133.5060158,9.95954878,123.546467,0.150840915,0.135369097,4.765547921,0.355509875,4.410038046,13.41169792,0.490878971,123.9642989,4.425509864
SIPSEY,HWY14,2022,S8,33.040556,-88.113611,1991.700857,0-20_15,Periodic,Lampsilini,LSTR,0,0,0,0,0,0,0,0,0,0,0,0,0,0,0,0,0,0,0,0,0,0,0,0,0,0,0,NA
SIPSEY,HWY14,2022,S8,33.040556,-88.113611,1991.700857,0-20_15,Periodic,Lampsilini,MACU,0.002863161,0.001968747,0.036580745,0.002154606,0.03442614,0.002863161,0.001968747,0.036580745,0.002154606,0.03442614,0.004123353,0.004123353,0.035320553,0.035320553,0.000673685,0.000463235,0.008607234,0.000506966,0.008100268,0.000673685,0.000463235,0.008607234,0.000506966,0.008100268,0.000970201,0.000970201,0.008310718,0.008310718
SIPSEY,HWY14,2022,S8,33.040556,-88.113611,1991.700857,0-20_15,Periodic,Lampsilini,OUNI,1.448300586,1.122037686,58.64253451,3.50095931,55.1415752,0.215674197,0.1718187,9.476477498,0.565745707,8.910731791,4.622996996,0.737564407,55.4678381,8.954587288,0.340776609,0.264008867,13.79824341,0.823755132,12.97448828,0.05074687,0.040427929,2.229759411,0.133116637,2.096642774,1.087763999,0.173544566,13.05125602,2.106961715
SIPSEY,HWY14,2022,S8,33.040556,-88.113611,1991.700857,0-20_15,Equilibrium,Quadrulini,QVER,6.852209231,5.115398801,211.6860801,12.99752532,198.6885547,1.180046732,1.009775976,35.93799296,2.206592768,33.73140019,18.11292412,3.216368744,200.4253652,33.90167095,1.612284525,1.203623247,49.80848942,3.058241251,46.75024817,0.277658055,0.237594347,8.455998344,0.519198298,7.936800046,4.261864498,0.756792646,47.15890945,7.976863753
SIPSEY,HWY14,2022,S8,33.040556,-88.113611,1991.700857,0-20_15,Periodic,Pleurobemini,EARC,1.41275145,1.177523584,47.22204118,2.332768835,44.88927235,0.009279432,0.007749894,0.34728603,0.01715593,0.3301301,3.510292419,0.024905824,45.12450022,0.331659638,0.332412106,0.277064373,11.11106851,0.548886785,10.56218173,0.002183396,0.001823505,0.08171436,0.004036689,0.077677671,0.825951157,0.005860194,10.61752946,0.078037562
SIPSEY,HWY14,2022,S8,33.040556,-88.113611,1991.700857,0-20_15,Equilibrium,Amblemini,APLI,0,0,0,0,0,0,0,0,0,0,0,0,0,0,0,0,0,0,0,0,0,0,0,0,0,0,0,NA
SIPSEY,HWY14,2022,S8,33.040556,-88.113611,1991.700857,0-20_15,Equilibrium,Pleurobemini,REBE,0,0,0,0,0,0,0,0,0,0,0,0,0,0,0,0,0,0,0,0,0,0,0,0,0,0,0,NA
SIPSEY,HWY14,2022,S8,33.040556,-88.113611,1991.700857,0-20_15,Equilibrium,Quadrulini,QQUA,0,0,0,0,0,0,0,0,0,0,0,0,0,0,0,0,0,0,0,0,0,0,0,0,0,0,0,NA
SIPSEY,HWY14,2022,S8,33.040556,-88.113611,1991.700857,0-20_15,Opportunistic,Lampsilini,TDON,0.031624201,0.026570653,0.490929175,0.029897587,0.461031588,0.031357542,0.026346606,0.487895945,0.029712863,0.458183082,0.05646824,0.05605947,0.466085135,0.463194017,0.007440988,0.006251918,0.115512747,0.007034726,0.108478021,0.007378245,0.006199202,0.114799046,0.006991262,0.107807784,0.013286645,0.013190463,0.109667091,0.108986828
SIPSEY,HWY14,2022,S8,33.040556,-88.113611,1991.700857,0-20_15,Equilibrium,Quadrulini,MNER,11.37867492,8.945851278,423.6275619,30.37409619,393.2534657,0.698598046,0.529564113,23.83067951,1.708659721,22.12201979,39.31994746,2.238223833,395.6862893,22.29105372,2.677335274,2.104906183,99.67707338,7.146846162,92.53022722,0.164376011,0.124603321,5.607218708,0.402037581,5.205181127,9.251752345,0.526640902,93.10265631,5.244953817
SIPSEY,HWY14,2022,S8,33.040556,-88.113611,1991.700857,0-20_15,Periodic,Lampsilini,LLIE,0,0,0,0,0,0,0,0,0,0,0,0,0,0,0,0,0,0,0,0,0,0,0,0,0,0,0,NA
SIPSEY,HWY14,2022,S8,33.040556,-88.113611,1991.700857,0-20_15,Periodic,Lampsilini,ELIN,2.152616192,1.808628124,44.67798016,2.720888992,41.95709117,0.112090649,0.094178563,2.398675701,0.14607935,2.252596351,4.529517116,0.240257913,42.30107924,2.270508436,0.506497927,0.425559559,10.51246592,0.640209175,9.872256747,0.02637427,0.022159662,0.564394283,0.034371612,0.530022671,1.065768733,0.056531274,9.953195115,0.534237279
SIPSEY,HWY14,2022,S8,33.040556,-88.113611,1991.700857,0-20_15,Opportunistic,Lampsilini,PFRA,0.116468613,0.097856929,0.700000642,0.042630039,0.657370603,0.116468613,0.097856929,0.700000642,0.042630039,0.657370603,0.140486968,0.140486968,0.675982288,0.675982288,0.02740438,0.02302516,0.164706033,0.010030597,0.154675436,0.02740438,0.02302516,0.164706033,0.010030597,0.154675436,0.033055757,0.033055757,0.159054656,0.159054656
SIPSEY,HWY14,2022,S8,33.040556,-88.113611,1991.700857,0-20_15,Opportunistic,Lampsilini,LREC,0,0,0,0,0,0,0,0,0,0,0,0,0,0,0,0,0,0,0,0,0,0,0,0,0,0,0,NA
SIPSEY,HWY14,2022,S8,33.040556,-88.113611,1991.700857,0-20_15,Periodic,Lampsilini,OARK,0,0,0,0,0,0,0,0,0,0,0,0,0,0,0,0,0,0,0,0,0,0,0,0,0,0,0,NA
SIPSEY,HWY14,2022,S8,33.040556,-88.113611,1991.700857,0-20_15,Opportunistic,Lampsilini,PINF,0.115740848,0.097245461,0.58601774,0.03568848,0.55032926,0.115740848,0.097245461,0.58601774,0.03568848,0.55032926,0.132933941,0.132933941,0.568824647,0.568824647,0.027233141,0.022881285,0.137886527,0.008397289,0.129489238,0.027233141,0.022881285,0.137886527,0.008397289,0.129489238,0.031278574,0.031278574,0.133841093,0.133841093
SIPSEY,HWY14,2022,S8,33.040556,-88.113611,1991.700857,0-20_15,Equilibrium,Pleurobemini,PPER,0,0,0,0,0,0,0,0,0,0,0,0,0,0,0,0,0,0,0,0,0,0,0,0,0,0,0,NA
SIPSEY,HWY14,2022,S8,33.040556,-88.113611,1991.700857,0-20_15,Opportunistic,Lampsilini,LTER,0,0,0,0,0,0,0,0,0,0,0,0,0,0,0,0,0,0,0,0,0,0,0,0,0,0,0,NA
SIPSEY,HWY14,2022,S8,33.040556,-88.113611,1991.700857,0-20_15,Periodic,Alasmodontini,SSUB,0,0,0,0,0,0,0,0,0,0,0,0,0,0,0,0,0,0,0,0,0,0,0,0,0,0,0,NA
SIPSEY,HWY14,2022,S8,33.040556,-88.113611,1991.700857,0-20_15,Opportunistic,Lampsilini,TPAR,0,0,0,0,0,0,0,0,0,0,0,0,0,0,0,0,0,0,0,0,0,0,0,0,0,0,0,NA
SIPSEY,HWY14,2022,S8,33.040556,-88.113611,1991.700857,0-20_15,Opportunistic,Lampsilini,PPUR,0,0,0,0,0,0,0,0,0,0,0,0,0,0,0,0,0,0,0,0,0,0,0,0,0,0,0,NA
SIPSEY,HWY14,2022,S8,33.040556,-88.113611,1991.700857,0-20_15,Periodic,Lampsilini,HPER,0,0,0,0,0,0,0,0,0,0,0,0,0,0,0,0,0,0,0,0,0,0,0,0,0,0,0,NA
SIPSEY,HWY14,2022,S8,33.040556,-88.113611,1991.700857,0-20_15,Periodic,Lampsilini,VVIB,0,0,0,0,0,0,0,0,0,0,0,0,0,0,0,0,0,0,0,0,0,0,0,0,0,0,0,NA
SIPSEY,HWY14,2022,S8,33.040556,-88.113611,1991.700857,0-20_15,Periodic,Pleurobemini,ECRA,0,0,0,0,0,0,0,0,0,0,0,0,0,0,0,0,0,0,0,0,0,0,0,0,0,0,0,NA
SIPSEY,HWY14,2022,S8,33.040556,-88.113611,1991.700857,0-20_15,Opportunistic,Lampsilini,TTRU,0,0,0,0,0,0,0,0,0,0,0,0,0,0,0,0,0,0,0,0,0,0,0,0,0,0,0,NA
SIPSEY,HWY14,2022,S8,33.040556,-88.113611,1991.700857,0-20_15,NA,Lampsilini,LAMP,0,0,0,0,0,0,0,0,0,0,0,0,0,0,0,0,0,0,0,0,0,0,0,0,0,0,0,NA
SIPSEY,HWY14,2022,S8,33.040556,-88.113611,1991.700857,0-20_15,Periodic,Anodontini,LCOM,0,0,0,0,0,0,0,0,0,0,0,0,0,0,0,0,0,0,0,0,0,0,0,0,0,0,0,NA
SIPSEY,HWY14,2022,S8,33.040556,-88.113611,1991.700857,0-20_18,NA,Corbicula,CFLU,0.204720752,0.148327958,6.7891396,0.197563962,6.591575638,0.144336091,0.104661881,4.817321684,0.140184061,4.677137623,0.34589192,0.244845942,6.647968431,4.716811833,0.0454935,0.032961768,1.508697689,0.043903103,1.464794586,0.032074687,0.023258196,1.07051593,0.031152014,1.039363916,0.076864871,0.054410209,1.477326318,1.048180407
SIPSEY,HWY14,2022,S8,33.040556,-88.113611,1991.700857,0-20_18,Equilibrium,Pleurobemini,FCER,3.826246533,3.220594197,143.3824852,7.484565725,135.8979194,0.089536498,0.075822457,3.400140328,0.177487325,3.222653003,10.70515992,0.253309782,136.5035718,3.236367043,0.850277007,0.715687599,31.86277448,1.663236828,30.19953765,0.019897,0.016849435,0.755586739,0.039441628,0.716145112,2.378924427,0.056291063,30.33412706,0.719192676
SIPSEY,HWY14,2022,S8,33.040556,-88.113611,1991.700857,0-20_18,Opportunistic,Lampsilini,LORN,3.888517268,2.881224633,50.59170146,5.853459859,44.7382416,0,0,0,0,0,8.734684492,0,45.74553424,0,0.864114948,0.640272141,11.24260032,1.300768858,9.941831467,0,0,0,0,0,1.941040998,0,10.16567427,0
SIPSEY,HWY14,2022,S8,33.040556,-88.113611,1991.700857,0-20_18,Periodic,Lampsilini,OREF,0,0,0,0,0,0,0,0,0,0,0,0,0,0,0,0,0,0,0,0,0,0,0,0,0,0,0,NA
SIPSEY,HWY14,2022,S8,33.040556,-88.113611,1991.700857,0-20_18,Equilibrium,Pleurobemini,PDEC,5.566624668,4.613474166,305.9118224,16.73337668,289.1784457,0.703688387,0.578172023,38.52753812,2.107456335,36.42008179,21.34685085,2.685628358,290.1315962,36.54559815,1.237027704,1.025216481,67.98040497,3.718528152,64.26187682,0.156375197,0.128482672,8.561675138,0.46832363,8.093351508,4.743744633,0.596806302,64.47368804,8.121244033
SIPSEY,HWY14,2022,S8,33.040556,-88.113611,1991.700857,0-20_18,Equilibrium,Quadrulini,PKIE,20.87019088,18.60084743,728.1192022,54.31769248,673.8015097,1.064337624,0.953746993,34.41445029,2.567317991,31.8471323,72.91853992,3.521064984,676.0708532,31.95772293,4.637820195,4.133521652,161.8042672,12.07059833,149.7336688,0.236519472,0.211943776,7.647655619,0.570515109,7.07714051,16.20411998,0.782458885,150.2379674,7.101716206
SIPSEY,HWY14,2022,S8,33.040556,-88.113611,1991.700857,0-20_18,Periodic,Lampsilini,LSTR,0,0,0,0,0,0,0,0,0,0,0,0,0,0,0,0,0,0,0,0,0,0,0,0,0,0,0,NA
SIPSEY,HWY14,2022,S8,33.040556,-88.113611,1991.700857,0-20_18,Periodic,Lampsilini,MACU,0.024097851,0.017465092,0.30471607,0.017947777,0.286768294,0.024097851,0.017465092,0.30471607,0.017947777,0.286768294,0.035412868,0.035412868,0.293401053,0.293401053,0.005355078,0.003881132,0.067714682,0.003988395,0.063726288,0.005355078,0.003881132,0.067714682,0.003988395,0.063726288,0.007869526,0.007869526,0.065200234,0.065200234
SIPSEY,HWY14,2022,S8,33.040556,-88.113611,1991.700857,0-20_18,Periodic,Lampsilini,OUNI,2.854421464,2.285119102,127.4362344,7.607943195,119.8282912,0.072111963,0.057201154,3.117390316,0.186108202,2.931282114,9.893062297,0.243309356,120.3975936,2.946192923,0.634315881,0.507804245,28.31916321,1.690654043,26.62850916,0.016024881,0.012711368,0.692753404,0.041357378,0.651396025,2.198458288,0.054068746,26.7550208,0.654709538
SIPSEY,HWY14,2022,S8,33.040556,-88.113611,1991.700857,0-20_18,Equilibrium,Quadrulini,QVER,1.895350046,1.422172164,58.50918846,3.592464172,54.91672429,0.305332357,0.273259219,9.258515844,0.568472873,8.690042971,5.014636335,0.841732092,55.38990217,8.72211611,0.421188899,0.316038259,13.00204188,0.798325371,12.20371651,0.067851635,0.060724271,2.057447965,0.126327305,1.93112066,1.11436363,0.187051576,12.30886715,1.938248024
SIPSEY,HWY14,2022,S8,33.040556,-88.113611,1991.700857,0-20_18,Periodic,Pleurobemini,EARC,1.065914418,0.887932399,34.44350369,1.701509083,32.74199461,0.082565834,0.06891227,2.974206809,0.146925816,2.827280993,2.589441481,0.215838086,32.91997663,2.840934557,0.236869871,0.197318311,7.654111932,0.378113129,7.275998803,0.018347963,0.015313838,0.660934847,0.032650181,0.628284665,0.57543144,0.047964019,7.315550363,0.63131879
SIPSEY,HWY14,2022,S8,33.040556,-88.113611,1991.700857,0-20_18,Equilibrium,Amblemini,APLI,0,0,0,0,0,0,0,0,0,0,0,0,0,0,0,0,0,0,0,0,0,0,0,0,0,0,0,NA
SIPSEY,HWY14,2022,S8,33.040556,-88.113611,1991.700857,0-20_18,Equilibrium,Pleurobemini,REBE,0,0,0,0,0,0,0,0,0,0,0,0,0,0,0,0,0,0,0,0,0,0,0,0,0,0,0,NA
SIPSEY,HWY14,2022,S8,33.040556,-88.113611,1991.700857,0-20_18,Equilibrium,Quadrulini,QQUA,0,0,0,0,0,0,0,0,0,0,0,0,0,0,0,0,0,0,0,0,0,0,0,0,0,0,0,NA
SIPSEY,HWY14,2022,S8,33.040556,-88.113611,1991.700857,0-20_18,Opportunistic,Lampsilini,TDON,0,0,0,0,0,0,0,0,0,0,0,0,0,0,0,0,0,0,0,0,0,0,0,0,0,0,0,NA
SIPSEY,HWY14,2022,S8,33.040556,-88.113611,1991.700857,0-20_18,Equilibrium,Quadrulini,MNER,0.86068018,0.744351831,40.03197424,2.870292553,37.16168168,0.389970439,0.328088383,16.96899929,1.216677249,15.75232204,3.614644384,1.544765632,37.27801003,15.81420409,0.191262262,0.165411518,8.895994275,0.63784279,8.258151485,0.086660098,0.07290853,3.77088873,0.270372722,3.500516008,0.803254308,0.343281252,8.28400223,3.514267576
SIPSEY,HWY14,2022,S8,33.040556,-88.113611,1991.700857,0-20_18,Periodic,Lampsilini,LLIE,0,0,0,0,0,0,0,0,0,0,0,0,0,0,0,0,0,0,0,0,0,0,0,0,0,0,0,NA
SIPSEY,HWY14,2022,S8,33.040556,-88.113611,1991.700857,0-20_18,Periodic,Lampsilini,ELIN,0.89636634,0.753126999,17.39705057,1.059480379,16.33757019,0.263014176,0.220984511,5.405959943,0.329222961,5.076736982,1.812607378,0.550207471,16.48080953,5.118766648,0.19919252,0.167361555,3.866011237,0.235440084,3.630571152,0.058447595,0.049107669,1.201324432,0.073160658,1.128163774,0.40280164,0.122268327,3.662402117,1.137503699
SIPSEY,HWY14,2022,S8,33.040556,-88.113611,1991.700857,0-20_18,Opportunistic,Lampsilini,PFRA,0.013761478,0.011562394,0.100086304,0.006095256,0.093991048,0.013761478,0.011562394,0.100086304,0.006095256,0.093991048,0.01765765,0.01765765,0.096190132,0.096190132,0.003058106,0.002569421,0.022241401,0.001354501,0.0208869,0.003058106,0.002569421,0.022241401,0.001354501,0.0208869,0.003923922,0.003923922,0.021375585,0.021375585
SIPSEY,HWY14,2022,S8,33.040556,-88.113611,1991.700857,0-20_18,Opportunistic,Lampsilini,LREC,0,0,0,0,0,0,0,0,0,0,0,0,0,0,0,0,0,0,0,0,0,0,0,0,0,0,0,NA
SIPSEY,HWY14,2022,S8,33.040556,-88.113611,1991.700857,0-20_18,Periodic,Lampsilini,OARK,0.569853499,0.444920731,23.59958522,1.408895238,22.19068999,0.010879316,0.008827289,0.503018357,0.030030196,0.472988161,1.853815969,0.038857485,22.31562275,0.475040188,0.126634111,0.098871274,5.244352272,0.313087831,4.931264441,0.002417626,0.00196162,0.111781857,0.006673377,0.10510848,0.411959104,0.008634997,4.959027278,0.105564486
SIPSEY,HWY14,2022,S8,33.040556,-88.113611,1991.700857,0-20_18,Opportunistic,Lampsilini,PINF,0,0,0,0,0,0,0,0,0,0,0,0,0,0,0,0,0,0,0,0,0,0,0,0,0,0,0,NA
SIPSEY,HWY14,2022,S8,33.040556,-88.113611,1991.700857,0-20_18,Equilibrium,Pleurobemini,PPER,0,0,0,0,0,0,0,0,0,0,0,0,0,0,0,0,0,0,0,0,0,0,0,0,0,0,0,NA
SIPSEY,HWY14,2022,S8,33.040556,-88.113611,1991.700857,0-20_18,Opportunistic,Lampsilini,LTER,0,0,0,0,0,0,0,0,0,0,0,0,0,0,0,0,0,0,0,0,0,0,0,0,0,0,0,NA
SIPSEY,HWY14,2022,S8,33.040556,-88.113611,1991.700857,0-20_18,Periodic,Alasmodontini,SSUB,0,0,0,0,0,0,0,0,0,0,0,0,0,0,0,0,0,0,0,0,0,0,0,0,0,0,0,NA
SIPSEY,HWY14,2022,S8,33.040556,-88.113611,1991.700857,0-20_18,Opportunistic,Lampsilini,TPAR,0,0,0,0,0,0,0,0,0,0,0,0,0,0,0,0,0,0,0,0,0,0,0,0,0,0,0,NA
SIPSEY,HWY14,2022,S8,33.040556,-88.113611,1991.700857,0-20_18,Opportunistic,Lampsilini,PPUR,8.731339612,9.286954133,184.1053898,11.21201824,172.8933716,3.135974221,3.572708901,78.76768208,4.796951839,73.97073024,20.49897238,8.36966074,172.3377571,73.53399556,1.940297691,2.063767585,40.91230886,2.491559609,38.42074925,0.69688316,0.793935311,17.50392935,1.065989297,16.43794005,4.555327194,1.859924609,38.29727935,16.3408879
SIPSEY,HWY14,2022,S8,33.040556,-88.113611,1991.700857,0-20_18,Periodic,Lampsilini,HPER,0,0,0,0,0,0,0,0,0,0,0,0,0,0,0,0,0,0,0,0,0,0,0,0,0,0,0,NA
SIPSEY,HWY14,2022,S8,33.040556,-88.113611,1991.700857,0-20_18,Periodic,Lampsilini,VVIB,0,0,0,0,0,0,0,0,0,0,0,0,0,0,0,0,0,0,0,0,0,0,0,0,0,0,0,NA
SIPSEY,HWY14,2022,S8,33.040556,-88.113611,1991.700857,0-20_18,Periodic,Pleurobemini,ECRA,0,0,0,0,0,0,0,0,0,0,0,0,0,0,0,0,0,0,0,0,0,0,0,0,0,0,0,NA
SIPSEY,HWY14,2022,S8,33.040556,-88.113611,1991.700857,0-20_18,Opportunistic,Lampsilini,TTRU,0,0,0,0,0,0,0,0,0,0,0,0,0,0,0,0,0,0,0,0,0,0,0,0,0,0,0,NA
SIPSEY,HWY14,2022,S8,33.040556,-88.113611,1991.700857,0-20_18,NA,Lampsilini,LAMP,0,0,0,0,0,0,0,0,0,0,0,0,0,0,0,0,0,0,0,0,0,0,0,0,0,0,0,NA
SIPSEY,HWY14,2022,S8,33.040556,-88.113611,1991.700857,0-20_18,Periodic,Anodontini,LCOM,0,0,0,0,0,0,0,0,0,0,0,0,0,0,0,0,0,0,0,0,0,0,0,0,0,0,0,NA
SIPSEY,HWY14,2022,S8,33.040556,-88.113611,1991.700857,0-20_4,NA,Corbicula,CFLU,0.017398619,0.012005577,0.510749284,0.014862804,0.49588648,0.017398619,0.012005577,0.510749284,0.014862804,0.49588648,0.026868382,0.026868382,0.501279522,0.501279522,0.004639632,0.003201487,0.136199809,0.003963414,0.132236395,0.004639632,0.003201487,0.136199809,0.003963414,0.132236395,0.007164902,0.007164902,0.133674539,0.133674539
SIPSEY,HWY14,2022,S8,33.040556,-88.113611,1991.700857,0-20_4,Equilibrium,Pleurobemini,FCER,5.88807292,4.945553975,218.9994891,11.43177333,207.5677158,0.054740737,0.04533309,1.934508262,0.100981331,1.833526931,16.37732731,0.146314421,208.5102347,1.842934578,1.570152779,1.318814393,58.39986376,3.048472888,55.35139087,0.01459753,0.012088824,0.51586887,0.026928355,0.488940515,4.367287281,0.039017179,55.60272925,0.491449221
SIPSEY,HWY14,2022,S8,33.040556,-88.113611,1991.700857,0-20_4,Opportunistic,Lampsilini,LORN,5.462654109,3.940304942,90.09728274,10.42425561,79.67302713,0.061437708,0.069306267,0.034878182,0.004035406,0.030842777,14.36456056,0.073341672,81.1953763,0.022974218,1.456707762,1.050747985,24.02594206,2.779801497,21.24614057,0.016383389,0.018481671,0.009300849,0.001076108,0.00822474,3.830549481,0.019557779,21.65210035,0.006126458
SIPSEY,HWY14,2022,S8,33.040556,-88.113611,1991.700857,0-20_4,Periodic,Lampsilini,OREF,0,0,0,0,0,0,0,0,0,0,0,0,0,0,0,0,0,0,0,0,0,0,0,0,0,0,0,NA
SIPSEY,HWY14,2022,S8,33.040556,-88.113611,1991.700857,0-20_4,Equilibrium,Pleurobemini,PDEC,7.769712867,6.416632929,426.3326016,23.32039331,403.0122083,0.566183414,0.463492074,30.95017183,1.692974399,29.25719743,29.73702623,2.156466472,404.3652882,29.35988877,2.071923431,1.711102114,113.6886937,6.218771548,107.4699222,0.150982244,0.123597886,8.253379154,0.45145984,7.801919314,7.929873662,0.575057726,107.8307435,7.829303671
SIPSEY,HWY14,2022,S8,33.040556,-88.113611,1991.700857,0-20_4,Equilibrium,Quadrulini,PKIE,11.92755219,10.62625121,418.3665603,31.2101454,387.1564149,0.673942373,0.603588926,22.17866464,1.654528382,20.52413626,41.8363966,2.258117308,388.4577159,20.5944897,3.180680585,2.833666988,111.5644161,8.322705439,103.2417106,0.179717966,0.160957047,5.91431057,0.441207569,5.473103002,11.15637243,0.602164615,103.5887242,5.491863921
SIPSEY,HWY14,2022,S8,33.040556,-88.113611,1991.700857,0-20_4,Periodic,Lampsilini,LSTR,0,0,0,0,0,0,0,0,0,0,0,0,0,0,0,0,0,0,0,0,0,0,0,0,0,0,0,NA
SIPSEY,HWY14,2022,S8,33.040556,-88.113611,1991.700857,0-20_4,Periodic,Lampsilini,MACU,0,0,0,0,0,0,0,0,0,0,0,0,0,0,0,0,0,0,0,0,0,0,0,0,0,0,0,NA
SIPSEY,HWY14,2022,S8,33.040556,-88.113611,1991.700857,0-20_4,Periodic,Lampsilini,OUNI,0.858752102,0.670641558,35.64898841,2.128244608,33.5207438,0.098601957,0.077454202,4.160010563,0.248352631,3.911657933,2.798886166,0.325806832,33.70885435,3.932805688,0.229000561,0.178837749,9.50639691,0.567531896,8.938865014,0.026293855,0.020654454,1.10933615,0.066227368,1.043108782,0.746369644,0.086881822,8.989027826,1.048748183
SIPSEY,HWY14,2022,S8,33.040556,-88.113611,1991.700857,0-20_4,Equilibrium,Quadrulini,QVER,8.992163371,7.044144283,276.5438379,16.97979164,259.5640462,1.100309932,1.012652229,33.28390381,2.043631694,31.24027211,24.02393593,3.056283923,261.5120653,31.32792982,2.397910232,1.878438476,73.74502343,4.527944438,69.21707899,0.293415982,0.270040595,8.875707682,0.544968452,8.330739231,6.406382914,0.815009046,69.73655075,8.354114618
SIPSEY,HWY14,2022,S8,33.040556,-88.113611,1991.700857,0-20_4,Periodic,Pleurobemini,EARC,0,0,0,0,0,0,0,0,0,0,0,0,0,0,0,0,0,0,0,0,0,0,0,0,0,0,0,NA
SIPSEY,HWY14,2022,S8,33.040556,-88.113611,1991.700857,0-20_4,Equilibrium,Amblemini,APLI,0,0,0,0,0,0,0,0,0,0,0,0,0,0,0,0,0,0,0,0,0,0,0,0,0,0,0,NA
SIPSEY,HWY14,2022,S8,33.040556,-88.113611,1991.700857,0-20_4,Equilibrium,Pleurobemini,REBE,0.290901373,0.244415333,8.550475083,0.520723933,8.029751151,0.165256427,0.13884845,4.212763002,0.256557267,3.956205735,0.765139266,0.395405717,8.07623719,3.982613712,0.077573699,0.065177422,2.280126689,0.138859715,2.141266974,0.04406838,0.037026253,1.123403467,0.068415271,1.054988196,0.204037138,0.105441524,2.153663251,1.062030323
SIPSEY,HWY14,2022,S8,33.040556,-88.113611,1991.700857,0-20_4,Equilibrium,Quadrulini,QQUA,6.980350121,5.973108715,236.1031769,12.89123346,223.2119434,0.275077542,0.235858963,8.608964706,0.470049473,8.138915233,18.86434217,0.705908436,224.2191848,8.178133813,1.861426699,1.592828991,62.96084717,3.437662256,59.52318492,0.073354011,0.062895724,2.295723922,0.125346526,2.170377396,5.030491246,0.18824225,59.79178262,2.180835683
SIPSEY,HWY14,2022,S8,33.040556,-88.113611,1991.700857,0-20_4,Opportunistic,Lampsilini,TDON,0,0,0,0,0,0,0,0,0,0,0,0,0,0,0,0,0,0,0,0,0,0,0,0,0,0,0,NA
SIPSEY,HWY14,2022,S8,33.040556,-88.113611,1991.700857,0-20_4,Equilibrium,Quadrulini,MNER,0,0,0,0,0,0,0,0,0,0,0,0,0,0,0,0,0,0,0,0,0,0,0,0,0,0,0,NA
SIPSEY,HWY14,2022,S8,33.040556,-88.113611,1991.700857,0-20_4,Periodic,Lampsilini,LLIE,0,0,0,0,0,0,0,0,0,0,0,0,0,0,0,0,0,0,0,0,0,0,0,0,0,0,0,NA
SIPSEY,HWY14,2022,S8,33.040556,-88.113611,1991.700857,0-20_4,Periodic,Lampsilini,ELIN,1.524587045,1.280958035,31.40798383,1.912746215,29.49523762,0.110593784,0.092920897,2.132816057,0.129888498,2.002927559,3.19370425,0.222809395,29.73886663,2.020600446,0.406556545,0.341588809,8.375462355,0.510065657,7.865396698,0.029491676,0.024778906,0.568750949,0.034636933,0.534114016,0.851654467,0.059415839,7.930364434,0.538826786
SIPSEY,HWY14,2022,S8,33.040556,-88.113611,1991.700857,0-20_4,Opportunistic,Lampsilini,PFRA,0.016455655,0.013826041,0.116096386,0.00707027,0.109026116,0.016455655,0.013826041,0.116096386,0.00707027,0.109026116,0.020896311,0.020896311,0.11165573,0.11165573,0.004388175,0.003686944,0.030959036,0.001885405,0.029073631,0.004388175,0.003686944,0.030959036,0.001885405,0.029073631,0.00557235,0.00557235,0.029774861,0.029774861
SIPSEY,HWY14,2022,S8,33.040556,-88.113611,1991.700857,0-20_4,Opportunistic,Lampsilini,LREC,0,0,0,0,0,0,0,0,0,0,0,0,0,0,0,0,0,0,0,0,0,0,0,0,0,0,0,NA
SIPSEY,HWY14,2022,S8,33.040556,-88.113611,1991.700857,0-20_4,Periodic,Lampsilini,OARK,0.475473592,0.368579183,19.27571976,1.15076047,18.12495929,0.024011776,0.019331184,1.08474609,0.064759342,1.019986748,1.519339653,0.084090525,18.2318537,1.02466734,0.126792958,0.098287782,5.140191936,0.306869459,4.833322477,0.00640314,0.005154982,0.289265624,0.017269158,0.271996466,0.405157241,0.02242414,4.861827653,0.273244624
SIPSEY,HWY14,2022,S8,33.040556,-88.113611,1991.700857,0-20_4,Opportunistic,Lampsilini,PINF,0,0,0,0,0,0,0,0,0,0,0,0,0,0,0,0,0,0,0,0,0,0,0,0,0,0,0,NA
SIPSEY,HWY14,2022,S8,33.040556,-88.113611,1991.700857,0-20_4,Equilibrium,Pleurobemini,PPER,0.265231482,0.220857657,14.60544656,0.798917927,13.80652864,0.052349599,0.043102862,2.868809274,0.156923867,2.711885407,1.019775584,0.200026729,13.85090246,2.721132144,0.070728395,0.058895375,3.89478575,0.213044781,3.68174097,0.013959893,0.011494096,0.765015806,0.041846365,0.723169442,0.271940156,0.053340461,3.693573989,0.725635238
SIPSEY,HWY14,2022,S8,33.040556,-88.113611,1991.700857,0-20_4,Opportunistic,Lampsilini,LTER,0,0,0,0,0,0,0,0,0,0,0,0,0,0,0,0,0,0,0,0,0,0,0,0,0,0,0,NA
SIPSEY,HWY14,2022,S8,33.040556,-88.113611,1991.700857,0-20_4,Periodic,Alasmodontini,SSUB,0,0,0,0,0,0,0,0,0,0,0,0,0,0,0,0,0,0,0,0,0,0,0,0,0,0,0,NA
SIPSEY,HWY14,2022,S8,33.040556,-88.113611,1991.700857,0-20_4,Opportunistic,Lampsilini,TPAR,0,0,0,0,0,0,0,0,0,0,0,0,0,0,0,0,0,0,0,0,0,0,0,0,0,0,0,NA
SIPSEY,HWY14,2022,S8,33.040556,-88.113611,1991.700857,0-20_4,Opportunistic,Lampsilini,PPUR,0,0,0,0,0,0,0,0,0,0,0,0,0,0,0,0,0,0,0,0,0,0,0,0,0,0,0,NA
SIPSEY,HWY14,2022,S8,33.040556,-88.113611,1991.700857,0-20_4,Periodic,Lampsilini,HPER,0,0,0,0,0,0,0,0,0,0,0,0,0,0,0,0,0,0,0,0,0,0,0,0,0,0,0,NA
SIPSEY,HWY14,2022,S8,33.040556,-88.113611,1991.700857,0-20_4,Periodic,Lampsilini,VVIB,0,0,0,0,0,0,0,0,0,0,0,0,0,0,0,0,0,0,0,0,0,0,0,0,0,0,0,NA
SIPSEY,HWY14,2022,S8,33.040556,-88.113611,1991.700857,0-20_4,Periodic,Pleurobemini,ECRA,0,0,0,0,0,0,0,0,0,0,0,0,0,0,0,0,0,0,0,0,0,0,0,0,0,0,0,NA
SIPSEY,HWY14,2022,S8,33.040556,-88.113611,1991.700857,0-20_4,Opportunistic,Lampsilini,TTRU,0,0,0,0,0,0,0,0,0,0,0,0,0,0,0,0,0,0,0,0,0,0,0,0,0,0,0,NA
SIPSEY,HWY14,2022,S8,33.040556,-88.113611,1991.700857,0-20_4,NA,Lampsilini,LAMP,0,0,0,0,0,0,0,0,0,0,0,0,0,0,0,0,0,0,0,0,0,0,0,0,0,0,0,NA
SIPSEY,HWY14,2022,S8,33.040556,-88.113611,1991.700857,0-20_4,Periodic,Anodontini,LCOM,0,0,0,0,0,0,0,0,0,0,0,0,0,0,0,0,0,0,0,0,0,0,0,0,0,0,0,NA
SIPSEY,HWY14,2022,S8,33.040556,-88.113611,1991.700857,20-40_10,NA,Corbicula,CFLU,0.093286949,0.066439313,2.947295156,0.085766289,2.861528867,0.057056152,0.040239667,1.764204407,0.051338348,1.712866058,0.152205602,0.091578015,2.888376503,1.729682544,0.046643474,0.033219657,1.473647578,0.042883145,1.430764434,0.028528076,0.020119833,0.882102203,0.025669174,0.856433029,0.076102801,0.045789008,1.444188251,0.864841272
SIPSEY,HWY14,2022,S8,33.040556,-88.113611,1991.700857,20-40_10,Equilibrium,Pleurobemini,FCER,3.290869718,2.791796508,126.4243783,6.599352547,119.8250258,0.099512766,0.082830286,3.575485285,0.186640332,3.388844953,9.391149055,0.269470618,120.324099,3.405527433,1.645434859,1.395898254,63.21218915,3.299676274,59.91251288,0.049756383,0.041415143,1.787742643,0.093320166,1.694422477,4.695574528,0.134735309,60.16204948,1.702763716
SIPSEY,HWY14,2022,S8,33.040556,-88.113611,1991.700857,20-40_10,Opportunistic,Lampsilini,LORN,2.570363728,1.98612741,24.46431413,2.830521145,21.63379298,0.334386832,0.233806989,5.308422301,0.61418446,4.694237841,4.816648554,0.847991449,22.2180293,4.794817684,1.285181864,0.993063705,12.23215706,1.415260572,10.81689649,0.167193416,0.116903495,2.65421115,0.30709223,2.34711892,2.408324277,0.423995725,11.10901465,2.397408842
SIPSEY,HWY14,2022,S8,33.040556,-88.113611,1991.700857,20-40_10,Periodic,Lampsilini,OREF,0,0,0,0,0,0,0,0,0,0,0,0,0,0,0,0,0,0,0,0,0,0,0,0,0,0,0,NA
SIPSEY,HWY14,2022,S8,33.040556,-88.113611,1991.700857,20-40_10,Equilibrium,Pleurobemini,PDEC,2.030032814,1.679314181,111.469987,6.097408287,105.3725787,0.204077351,0.168330196,11.19195982,0.612200202,10.57975962,7.776722467,0.780530398,105.7232973,10.61550677,1.015016407,0.83965709,55.73499348,3.048704143,52.68628934,0.102038675,0.084165098,5.595979909,0.306100101,5.289879808,3.888361234,0.390265199,52.86164865,5.307753385
SIPSEY,HWY14,2022,S8,33.040556,-88.113611,1991.700857,20-40_10,Equilibrium,Quadrulini,PKIE,8.848616571,7.889608517,307.1598258,22.914123,284.2457028,0.441942226,0.396356565,14.07736129,1.050171152,13.02719013,30.80373152,1.446527717,285.2047108,13.07277579,4.424308286,3.944804259,153.5799129,11.4570615,142.1228514,0.220971113,0.198178283,7.038680643,0.525085576,6.513595067,15.40186576,0.723263859,142.6023554,6.536387897
SIPSEY,HWY14,2022,S8,33.040556,-88.113611,1991.700857,20-40_10,Periodic,Lampsilini,LSTR,0,0,0,0,0,0,0,0,0,0,0,0,0,0,0,0,0,0,0,0,0,0,0,0,0,0,0,NA
SIPSEY,HWY14,2022,S8,33.040556,-88.113611,1991.700857,20-40_10,Periodic,Lampsilini,MACU,0.014156756,0.010190899,0.179244322,0.010557491,0.168686831,0.014156756,0.010190899,0.179244322,0.010557491,0.168686831,0.02074839,0.02074839,0.172652688,0.172652688,0.007078378,0.00509545,0.089622161,0.005278745,0.084343416,0.007078378,0.00509545,0.089622161,0.005278745,0.084343416,0.010374195,0.010374195,0.086326344,0.086326344
SIPSEY,HWY14,2022,S8,33.040556,-88.113611,1991.700857,20-40_10,Periodic,Lampsilini,OUNI,0,0,0,0,0,0,0,0,0,0,0,0,0,0,0,0,0,0,0,0,0,0,0,0,0,0,0,NA
SIPSEY,HWY14,2022,S8,33.040556,-88.113611,1991.700857,20-40_10,Equilibrium,Quadrulini,QVER,2.015161906,1.471867732,62.41066854,3.832015048,58.57865349,0.406566557,0.317790367,12.53283605,0.769516134,11.76331992,5.303882781,1.087306501,59.12194766,11.85209611,1.007580953,0.735933866,31.20533427,1.916007524,29.28932674,0.203283278,0.158895184,6.266418026,0.384758067,5.881659959,2.65194139,0.54365325,29.56097383,5.926048054
SIPSEY,HWY14,2022,S8,33.040556,-88.113611,1991.700857,20-40_10,Periodic,Pleurobemini,EARC,0,0,0,0,0,0,0,0,0,0,0,0,0,0,0,0,0,0,0,0,0,0,0,0,0,0,0,NA
SIPSEY,HWY14,2022,S8,33.040556,-88.113611,1991.700857,20-40_10,Equilibrium,Amblemini,APLI,0,0,0,0,0,0,0,0,0,0,0,0,0,0,0,0,0,0,0,0,0,0,0,0,0,0,0,NA
SIPSEY,HWY14,2022,S8,33.040556,-88.113611,1991.700857,20-40_10,Equilibrium,Pleurobemini,REBE,0.787216962,0.661419692,19.11985715,1.1643993,17.95545785,0.274182115,0.230367813,5.593787534,0.340661661,5.253125874,1.825818992,0.571029474,18.08125512,5.296940175,0.393608481,0.330709846,9.559928576,0.58219965,8.977728925,0.137091057,0.115183906,2.796893767,0.17033083,2.626562937,0.912909496,0.285514737,9.040627561,2.648470088
SIPSEY,HWY14,2022,S8,33.040556,-88.113611,1991.700857,20-40_10,Equilibrium,Quadrulini,QQUA,0,0,0,0,0,0,0,0,0,0,0,0,0,0,0,0,0,0,0,0,0,0,0,0,0,0,0,NA
SIPSEY,HWY14,2022,S8,33.040556,-88.113611,1991.700857,20-40_10,Opportunistic,Lampsilini,TDON,0,0,0,0,0,0,0,0,0,0,0,0,0,0,0,0,0,0,0,0,0,0,0,0,0,0,0,NA
SIPSEY,HWY14,2022,S8,33.040556,-88.113611,1991.700857,20-40_10,Equilibrium,Quadrulini,MNER,0,0,0,0,0,0,0,0,0,0,0,0,0,0,0,0,0,0,0,0,0,0,0,0,0,0,0,NA
SIPSEY,HWY14,2022,S8,33.040556,-88.113611,1991.700857,20-40_10,Periodic,Lampsilini,LLIE,0,0,0,0,0,0,0,0,0,0,0,0,0,0,0,0,0,0,0,0,0,0,0,0,0,0,0,NA
SIPSEY,HWY14,2022,S8,33.040556,-88.113611,1991.700857,20-40_10,Periodic,Lampsilini,ELIN,0,0,0,0,0,0,0,0,0,0,0,0,0,0,0,0,0,0,0,0,0,0,0,0,0,0,0,NA
SIPSEY,HWY14,2022,S8,33.040556,-88.113611,1991.700857,20-40_10,Opportunistic,Lampsilini,PFRA,0,0,0,0,0,0,0,0,0,0,0,0,0,0,0,0,0,0,0,0,0,0,0,0,0,0,0,NA
SIPSEY,HWY14,2022,S8,33.040556,-88.113611,1991.700857,20-40_10,Opportunistic,Lampsilini,LREC,0,0,0,0,0,0,0,0,0,0,0,0,0,0,0,0,0,0,0,0,0,0,0,0,0,0,0,NA
SIPSEY,HWY14,2022,S8,33.040556,-88.113611,1991.700857,20-40_10,Periodic,Lampsilini,OARK,0,0,0,0,0,0,0,0,0,0,0,0,0,0,0,0,0,0,0,0,0,0,0,0,0,0,0,NA
SIPSEY,HWY14,2022,S8,33.040556,-88.113611,1991.700857,20-40_10,Opportunistic,Lampsilini,PINF,0,0,0,0,0,0,0,0,0,0,0,0,0,0,0,0,0,0,0,0,0,0,0,0,0,0,0,NA
SIPSEY,HWY14,2022,S8,33.040556,-88.113611,1991.700857,20-40_10,Equilibrium,Pleurobemini,PPER,0,0,0,0,0,0,0,0,0,0,0,0,0,0,0,0,0,0,0,0,0,0,0,0,0,0,0,NA
SIPSEY,HWY14,2022,S8,33.040556,-88.113611,1991.700857,20-40_10,Opportunistic,Lampsilini,LTER,0,0,0,0,0,0,0,0,0,0,0,0,0,0,0,0,0,0,0,0,0,0,0,0,0,0,0,NA
SIPSEY,HWY14,2022,S8,33.040556,-88.113611,1991.700857,20-40_10,Periodic,Alasmodontini,SSUB,0,0,0,0,0,0,0,0,0,0,0,0,0,0,0,0,0,0,0,0,0,0,0,0,0,0,0,NA
SIPSEY,HWY14,2022,S8,33.040556,-88.113611,1991.700857,20-40_10,Opportunistic,Lampsilini,TPAR,0,0,0,0,0,0,0,0,0,0,0,0,0,0,0,0,0,0,0,0,0,0,0,0,0,0,0,NA
SIPSEY,HWY14,2022,S8,33.040556,-88.113611,1991.700857,20-40_10,Opportunistic,Lampsilini,PPUR,0,0,0,0,0,0,0,0,0,0,0,0,0,0,0,0,0,0,0,0,0,0,0,0,0,0,0,NA
SIPSEY,HWY14,2022,S8,33.040556,-88.113611,1991.700857,20-40_10,Periodic,Lampsilini,HPER,0,0,0,0,0,0,0,0,0,0,0,0,0,0,0,0,0,0,0,0,0,0,0,0,0,0,0,NA
SIPSEY,HWY14,2022,S8,33.040556,-88.113611,1991.700857,20-40_10,Periodic,Lampsilini,VVIB,0,0,0,0,0,0,0,0,0,0,0,0,0,0,0,0,0,0,0,0,0,0,0,0,0,0,0,NA
SIPSEY,HWY14,2022,S8,33.040556,-88.113611,1991.700857,20-40_10,Periodic,Pleurobemini,ECRA,0,0,0,0,0,0,0,0,0,0,0,0,0,0,0,0,0,0,0,0,0,0,0,0,0,0,0,NA
SIPSEY,HWY14,2022,S8,33.040556,-88.113611,1991.700857,20-40_10,Opportunistic,Lampsilini,TTRU,0,0,0,0,0,0,0,0,0,0,0,0,0,0,0,0,0,0,0,0,0,0,0,0,0,0,0,NA
SIPSEY,HWY14,2022,S8,33.040556,-88.113611,1991.700857,20-40_10,NA,Lampsilini,LAMP,0,0,0,0,0,0,0,0,0,0,0,0,0,0,0,0,0,0,0,0,0,0,0,0,0,0,0,NA
SIPSEY,HWY14,2022,S8,33.040556,-88.113611,1991.700857,20-40_10,Periodic,Anodontini,LCOM,0,0,0,0,0,0,0,0,0,0,0,0,0,0,0,0,0,0,0,0,0,0,0,0,0,0,0,NA
SIPSEY,HWY14,2022,S8,33.040556,-88.113611,1991.700857,20-40_15,NA,Corbicula,CFLU,0.094923349,0.072587726,3.626645232,0.105535376,3.521109856,0.082846417,0.063854511,3.232281649,0.094059396,3.138222253,0.178123102,0.157913907,3.543445479,3.157214159,0.054241914,0.041478701,2.072368704,0.060305929,2.012062775,0.04734081,0.036488292,1.847018085,0.053748226,1.793269859,0.10178463,0.090236518,2.024825988,1.804122377
SIPSEY,HWY14,2022,S8,33.040556,-88.113611,1991.700857,20-40_15,Equilibrium,Pleurobemini,FCER,0,0,0,0,0,0,0,0,0,0,0,0,0,0,0,0,0,0,0,0,0,0,0,0,0,0,0,NA
SIPSEY,HWY14,2022,S8,33.040556,-88.113611,1991.700857,20-40_15,Opportunistic,Lampsilini,LORN,3.99480408,2.951900817,53.04371242,6.137157527,46.90655489,0,0,0,0,0,9.089058344,0,47.94945816,0,2.282745188,1.686800467,30.31069281,3.506947158,26.80374565,0,0,0,0,0,5.193747625,0,27.39969037,0
SIPSEY,HWY14,2022,S8,33.040556,-88.113611,1991.700857,20-40_15,Periodic,Lampsilini,OREF,0,0,0,0,0,0,0,0,0,0,0,0,0,0,0,0,0,0,0,0,0,0,0,0,0,0,0,NA
SIPSEY,HWY14,2022,S8,33.040556,-88.113611,1991.700857,20-40_15,Equilibrium,Pleurobemini,PDEC,1.216413906,1.007000723,66.8153205,3.654798031,63.16052247,0.130495778,0.106960811,7.137348134,0.390412943,6.746935191,4.661798755,0.497373754,63.36993565,6.770470157,0.695093661,0.575428985,38.18018314,2.088456018,36.09172712,0.074569016,0.061120464,4.078484648,0.22309311,3.855391538,2.663885003,0.284213574,36.2113918,3.86884009
SIPSEY,HWY14,2022,S8,33.040556,-88.113611,1991.700857,20-40_15,Equilibrium,Quadrulini,PKIE,0.972032653,0.861577123,36.5261273,2.724849097,33.80127821,0.134716521,0.119426634,5.098169415,0.380323438,4.717845977,3.58642622,0.499750072,33.91173374,4.733135864,0.55544723,0.492329785,20.87207274,1.557056627,19.31501612,0.076980869,0.068243791,2.913239666,0.217327679,2.695911987,2.049386411,0.28557147,19.37813356,2.704649065
SIPSEY,HWY14,2022,S8,33.040556,-88.113611,1991.700857,20-40_15,Periodic,Lampsilini,LSTR,0,0,0,0,0,0,0,0,0,0,0,0,0,0,0,0,0,0,0,0,0,0,0,0,0,0,0,NA
SIPSEY,HWY14,2022,S8,33.040556,-88.113611,1991.700857,20-40_15,Periodic,Lampsilini,MACU,0.008237884,0.006097263,0.103706958,0.00610834,0.097598619,0.008237884,0.006097263,0.103706958,0.00610834,0.097598619,0.012205603,0.012205603,0.099739239,0.099739239,0.004707362,0.00348415,0.059261119,0.00349048,0.055770639,0.004707362,0.00348415,0.059261119,0.00349048,0.055770639,0.00697463,0.00697463,0.056993851,0.056993851
SIPSEY,HWY14,2022,S8,33.040556,-88.113611,1991.700857,20-40_15,Periodic,Lampsilini,OUNI,0.039884787,0.028026943,1.207785002,0.072104765,1.135680238,0.026671784,0.019139771,0.85646551,0.051130991,0.805334519,0.100131707,0.070270762,1.147538082,0.812866532,0.022791307,0.016015396,0.690162858,0.041202723,0.648960136,0.01524102,0.010937012,0.489408863,0.029217709,0.460191154,0.057218118,0.040154721,0.655736047,0.464495161
SIPSEY,HWY14,2022,S8,33.040556,-88.113611,1991.700857,20-40_15,Equilibrium,Quadrulini,QVER,3.79202989,2.845981845,117.0573603,7.187321923,109.8700384,0.610251104,0.546088561,18.50473264,1.136190584,17.36854206,10.03330377,1.682279145,110.8160864,17.4327046,2.166874223,1.62627534,66.88992017,4.107041099,62.78287908,0.348714917,0.312050606,10.57413294,0.649251762,9.924881177,5.733316439,0.961302369,63.32347796,9.961545487
SIPSEY,HWY14,2022,S8,33.040556,-88.113611,1991.700857,20-40_15,Periodic,Pleurobemini,EARC,0.020536482,0.016971912,0.412960071,0.020400227,0.392559843,0.020282796,0.016764106,0.409950592,0.020251559,0.389699033,0.03737214,0.037015665,0.396124412,0.393217723,0.011735132,0.009698236,0.235977183,0.011657273,0.22431991,0.011590169,0.009579489,0.234257481,0.01157232,0.222685162,0.021355509,0.021151809,0.226356807,0.224695842
SIPSEY,HWY14,2022,S8,33.040556,-88.113611,1991.700857,20-40_15,Equilibrium,Amblemini,APLI,0,0,0,0,0,0,0,0,0,0,0,0,0,0,0,0,0,0,0,0,0,0,0,0,0,0,0,NA
SIPSEY,HWY14,2022,S8,33.040556,-88.113611,1991.700857,20-40_15,Equilibrium,Pleurobemini,REBE,0,0,0,0,0,0,0,0,0,0,0,0,0,0,0,0,0,0,0,0,0,0,0,0,0,0,0,NA
SIPSEY,HWY14,2022,S8,33.040556,-88.113611,1991.700857,20-40_15,Equilibrium,Quadrulini,QQUA,0,0,0,0,0,0,0,0,0,0,0,0,0,0,0,0,0,0,0,0,0,0,0,0,0,0,0,NA
SIPSEY,HWY14,2022,S8,33.040556,-88.113611,1991.700857,20-40_15,Opportunistic,Lampsilini,TDON,0.026084654,0.021916326,0.412554431,0.025124565,0.387429866,0.025817995,0.021692279,0.409521202,0.024939841,0.384581361,0.047040891,0.04663212,0.391598194,0.388707076,0.014905517,0.012523615,0.235745389,0.014356894,0.221388495,0.01475314,0.012395588,0.234012115,0.014251338,0.219760777,0.026880509,0.026646926,0.223770397,0.222118329
SIPSEY,HWY14,2022,S8,33.040556,-88.113611,1991.700857,20-40_15,Equilibrium,Quadrulini,MNER,0,0,0,0,0,0,0,0,0,0,0,0,0,0,0,0,0,0,0,0,0,0,0,0,0,0,0,NA
SIPSEY,HWY14,2022,S8,33.040556,-88.113611,1991.700857,20-40_15,Periodic,Lampsilini,LLIE,0,0,0,0,0,0,0,0,0,0,0,0,0,0,0,0,0,0,0,0,0,0,0,0,0,0,0,NA
SIPSEY,HWY14,2022,S8,33.040556,-88.113611,1991.700857,20-40_15,Periodic,Lampsilini,ELIN,0,0,0,0,0,0,0,0,0,0,0,0,0,0,0,0,0,0,0,0,0,0,0,0,0,0,0,NA
SIPSEY,HWY14,2022,S8,33.040556,-88.113611,1991.700857,20-40_15,Opportunistic,Lampsilini,PFRA,0,0,0,0,0,0,0,0,0,0,0,0,0,0,0,0,0,0,0,0,0,0,0,0,0,0,0,NA
SIPSEY,HWY14,2022,S8,33.040556,-88.113611,1991.700857,20-40_15,Opportunistic,Lampsilini,LREC,0,0,0,0,0,0,0,0,0,0,0,0,0,0,0,0,0,0,0,0,0,0,0,0,0,0,0,NA
SIPSEY,HWY14,2022,S8,33.040556,-88.113611,1991.700857,20-40_15,Periodic,Lampsilini,OARK,0,0,0,0,0,0,0,0,0,0,0,0,0,0,0,0,0,0,0,0,0,0,0,0,0,0,0,NA
SIPSEY,HWY14,2022,S8,33.040556,-88.113611,1991.700857,20-40_15,Opportunistic,Lampsilini,PINF,0,0,0,0,0,0,0,0,0,0,0,0,0,0,0,0,0,0,0,0,0,0,0,0,0,0,0,NA
SIPSEY,HWY14,2022,S8,33.040556,-88.113611,1991.700857,20-40_15,Equilibrium,Pleurobemini,PPER,0,0,0,0,0,0,0,0,0,0,0,0,0,0,0,0,0,0,0,0,0,0,0,0,0,0,0,NA
SIPSEY,HWY14,2022,S8,33.040556,-88.113611,1991.700857,20-40_15,Opportunistic,Lampsilini,LTER,0,0,0,0,0,0,0,0,0,0,0,0,0,0,0,0,0,0,0,0,0,0,0,0,0,0,0,NA
SIPSEY,HWY14,2022,S8,33.040556,-88.113611,1991.700857,20-40_15,Periodic,Alasmodontini,SSUB,0,0,0,0,0,0,0,0,0,0,0,0,0,0,0,0,0,0,0,0,0,0,0,0,0,0,0,NA
SIPSEY,HWY14,2022,S8,33.040556,-88.113611,1991.700857,20-40_15,Opportunistic,Lampsilini,TPAR,0,0,0,0,0,0,0,0,0,0,0,0,0,0,0,0,0,0,0,0,0,0,0,0,0,0,0,NA
SIPSEY,HWY14,2022,S8,33.040556,-88.113611,1991.700857,20-40_15,Opportunistic,Lampsilini,PPUR,0,0,0,0,0,0,0,0,0,0,0,0,0,0,0,0,0,0,0,0,0,0,0,0,0,0,0,NA
SIPSEY,HWY14,2022,S8,33.040556,-88.113611,1991.700857,20-40_15,Periodic,Lampsilini,HPER,0,0,0,0,0,0,0,0,0,0,0,0,0,0,0,0,0,0,0,0,0,0,0,0,0,0,0,NA
SIPSEY,HWY14,2022,S8,33.040556,-88.113611,1991.700857,20-40_15,Periodic,Lampsilini,VVIB,0,0,0,0,0,0,0,0,0,0,0,0,0,0,0,0,0,0,0,0,0,0,0,0,0,0,0,NA
SIPSEY,HWY14,2022,S8,33.040556,-88.113611,1991.700857,20-40_15,Periodic,Pleurobemini,ECRA,0,0,0,0,0,0,0,0,0,0,0,0,0,0,0,0,0,0,0,0,0,0,0,0,0,0,0,NA
SIPSEY,HWY14,2022,S8,33.040556,-88.113611,1991.700857,20-40_15,Opportunistic,Lampsilini,TTRU,0,0,0,0,0,0,0,0,0,0,0,0,0,0,0,0,0,0,0,0,0,0,0,0,0,0,0,NA
SIPSEY,HWY14,2022,S8,33.040556,-88.113611,1991.700857,20-40_15,NA,Lampsilini,LAMP,0,0,0,0,0,0,0,0,0,0,0,0,0,0,0,0,0,0,0,0,0,0,0,0,0,0,0,NA
SIPSEY,HWY14,2022,S8,33.040556,-88.113611,1991.700857,20-40_15,Periodic,Anodontini,LCOM,0,0,0,0,0,0,0,0,0,0,0,0,0,0,0,0,0,0,0,0,0,0,0,0,0,0,0,NA
SIPSEY,HWY14,2022,S8,33.040556,-88.113611,1991.700857,20-40_18,NA,Corbicula,CFLU,0.038269334,0.02581352,1.062219259,0.03091058,1.031308679,0.038269334,0.02581352,1.062219259,0.03091058,1.031308679,0.0567241,0.0567241,1.043764492,1.043764492,0.019134667,0.01290676,0.53110963,0.01545529,0.515654339,0.019134667,0.01290676,0.53110963,0.01545529,0.515654339,0.02836205,0.02836205,0.521882246,0.521882246
SIPSEY,HWY14,2022,S8,33.040556,-88.113611,1991.700857,20-40_18,Equilibrium,Pleurobemini,FCER,0,0,0,0,0,0,0,0,0,0,0,0,0,0,0,0,0,0,0,0,0,0,0,0,0,0,0,NA
SIPSEY,HWY14,2022,S8,33.040556,-88.113611,1991.700857,20-40_18,Opportunistic,Lampsilini,LORN,0,0,0,0,0,0,0,0,0,0,0,0,0,0,0,0,0,0,0,0,0,0,0,0,0,0,0,NA
SIPSEY,HWY14,2022,S8,33.040556,-88.113611,1991.700857,20-40_18,Periodic,Lampsilini,OREF,0,0,0,0,0,0,0,0,0,0,0,0,0,0,0,0,0,0,0,0,0,0,0,0,0,0,0,NA
SIPSEY,HWY14,2022,S8,33.040556,-88.113611,1991.700857,20-40_18,Equilibrium,Pleurobemini,PDEC,1.967378251,1.625241111,107.9659942,5.905739882,102.0602543,0.148864812,0.121637451,8.131111629,0.444771806,7.686339823,7.530980994,0.566409257,102.4023915,7.713567184,0.983689126,0.812620556,53.9829971,2.952869941,51.03012716,0.074432406,0.060818725,4.065555815,0.222385903,3.843169912,3.765490497,0.283204628,51.20119573,3.856783592
SIPSEY,HWY14,2022,S8,33.040556,-88.113611,1991.700857,20-40_18,Equilibrium,Quadrulini,PKIE,3.604962522,3.197275253,133.6377559,9.969376587,123.6683793,0.442303847,0.396056319,14.37035883,1.072028769,13.29833006,13.16665184,1.468085088,124.0760665,13.34457759,1.802481261,1.598637627,66.81887793,4.984688293,61.83418963,0.221151923,0.19802816,7.185179416,0.536014384,6.649165031,6.58332592,0.734042544,62.03803327,6.672288795
SIPSEY,HWY14,2022,S8,33.040556,-88.113611,1991.700857,20-40_18,Periodic,Lampsilini,LSTR,0,0,0,0,0,0,0,0,0,0,0,0,0,0,0,0,0,0,0,0,0,0,0,0,0,0,0,NA
SIPSEY,HWY14,2022,S8,33.040556,-88.113611,1991.700857,20-40_18,Periodic,Lampsilini,MACU,0.00652721,0.0047534,0.082438984,0.004855656,0.077583328,0.00652721,0.0047534,0.082438984,0.004855656,0.077583328,0.009609056,0.009609056,0.079357138,0.079357138,0.003263605,0.0023767,0.041219492,0.002427828,0.038791664,0.003263605,0.0023767,0.041219492,0.002427828,0.038791664,0.004804528,0.004804528,0.039678569,0.039678569
SIPSEY,HWY14,2022,S8,33.040556,-88.113611,1991.700857,20-40_18,Periodic,Lampsilini,OUNI,0.160869105,0.119462929,5.740537409,0.342710083,5.397827325,0.059367516,0.045449451,2.309628232,0.137884805,2.171743426,0.462173012,0.183334257,5.439233501,2.185661491,0.080434552,0.059731464,2.870268704,0.171355042,2.698913663,0.029683758,0.022724726,1.154814116,0.068942403,1.085871713,0.231086506,0.091667128,2.71961675,1.092830746
SIPSEY,HWY14,2022,S8,33.040556,-88.113611,1991.700857,20-40_18,Equilibrium,Quadrulini,QVER,1.533729042,1.099697701,47.54026745,2.918972421,44.62129502,0.316891912,0.2695066,9.653318344,0.592713746,9.060604598,4.018670122,0.862220346,45.05532637,9.10798991,0.766864521,0.54984885,23.77013372,1.459486211,22.31064751,0.158445956,0.1347533,4.826659172,0.296356873,4.530302299,2.009335061,0.431110173,22.52766318,4.553994955
SIPSEY,HWY14,2022,S8,33.040556,-88.113611,1991.700857,20-40_18,Periodic,Pleurobemini,EARC,0,0,0,0,0,0,0,0,0,0,0,0,0,0,0,0,0,0,0,0,0,0,0,0,0,0,0,NA
SIPSEY,HWY14,2022,S8,33.040556,-88.113611,1991.700857,20-40_18,Equilibrium,Amblemini,APLI,0,0,0,0,0,0,0,0,0,0,0,0,0,0,0,0,0,0,0,0,0,0,0,0,0,0,0,NA
SIPSEY,HWY14,2022,S8,33.040556,-88.113611,1991.700857,20-40_18,Equilibrium,Pleurobemini,REBE,1.639323942,1.377359976,39.3622602,2.397161646,36.96509855,0.550079871,0.462177107,11.15213246,0.679164867,10.4729676,3.774521622,1.141341974,37.22706252,10.56087036,0.819661971,0.688679988,19.6811301,1.198580823,18.48254928,0.275039935,0.231088554,5.576066232,0.339582434,5.236483799,1.887260811,0.570670987,18.61353126,5.28043518
SIPSEY,HWY14,2022,S8,33.040556,-88.113611,1991.700857,20-40_18,Equilibrium,Quadrulini,QQUA,0,0,0,0,0,0,0,0,0,0,0,0,0,0,0,0,0,0,0,0,0,0,0,0,0,0,0,NA
SIPSEY,HWY14,2022,S8,33.040556,-88.113611,1991.700857,20-40_18,Opportunistic,Lampsilini,TDON,0,0,0,0,0,0,0,0,0,0,0,0,0,0,0,0,0,0,0,0,0,0,0,0,0,0,0,NA
SIPSEY,HWY14,2022,S8,33.040556,-88.113611,1991.700857,20-40_18,Equilibrium,Quadrulini,MNER,0,0,0,0,0,0,0,0,0,0,0,0,0,0,0,0,0,0,0,0,0,0,0,0,0,0,0,NA
SIPSEY,HWY14,2022,S8,33.040556,-88.113611,1991.700857,20-40_18,Periodic,Lampsilini,LLIE,0,0,0,0,0,0,0,0,0,0,0,0,0,0,0,0,0,0,0,0,0,0,0,0,0,0,0,NA
SIPSEY,HWY14,2022,S8,33.040556,-88.113611,1991.700857,20-40_18,Periodic,Lampsilini,ELIN,0,0,0,0,0,0,0,0,0,0,0,0,0,0,0,0,0,0,0,0,0,0,0,0,0,0,0,NA
SIPSEY,HWY14,2022,S8,33.040556,-88.113611,1991.700857,20-40_18,Opportunistic,Lampsilini,PFRA,0.007505752,0.006306333,0.066140306,0.004027945,0.062112361,0.007505752,0.006306333,0.066140306,0.004027945,0.062112361,0.010334277,0.010334277,0.06331178,0.06331178,0.003752876,0.003153166,0.033070153,0.002013972,0.031056181,0.003752876,0.003153166,0.033070153,0.002013972,0.031056181,0.005167139,0.005167139,0.03165589,0.03165589
SIPSEY,HWY14,2022,S8,33.040556,-88.113611,1991.700857,20-40_18,Opportunistic,Lampsilini,LREC,0,0,0,0,0,0,0,0,0,0,0,0,0,0,0,0,0,0,0,0,0,0,0,0,0,0,0,NA
SIPSEY,HWY14,2022,S8,33.040556,-88.113611,1991.700857,20-40_18,Periodic,Lampsilini,OARK,0,0,0,0,0,0,0,0,0,0,0,0,0,0,0,0,0,0,0,0,0,0,0,0,0,0,0,NA
SIPSEY,HWY14,2022,S8,33.040556,-88.113611,1991.700857,20-40_18,Opportunistic,Lampsilini,PINF,0,0,0,0,0,0,0,0,0,0,0,0,0,0,0,0,0,0,0,0,0,0,0,0,0,0,0,NA
SIPSEY,HWY14,2022,S8,33.040556,-88.113611,1991.700857,20-40_18,Equilibrium,Pleurobemini,PPER,0,0,0,0,0,0,0,0,0,0,0,0,0,0,0,0,0,0,0,0,0,0,0,0,0,0,0,NA
SIPSEY,HWY14,2022,S8,33.040556,-88.113611,1991.700857,20-40_18,Opportunistic,Lampsilini,LTER,0,0,0,0,0,0,0,0,0,0,0,0,0,0,0,0,0,0,0,0,0,0,0,0,0,0,0,NA
SIPSEY,HWY14,2022,S8,33.040556,-88.113611,1991.700857,20-40_18,Periodic,Alasmodontini,SSUB,0,0,0,0,0,0,0,0,0,0,0,0,0,0,0,0,0,0,0,0,0,0,0,0,0,0,0,NA
SIPSEY,HWY14,2022,S8,33.040556,-88.113611,1991.700857,20-40_18,Opportunistic,Lampsilini,TPAR,0,0,0,0,0,0,0,0,0,0,0,0,0,0,0,0,0,0,0,0,0,0,0,0,0,0,0,NA
SIPSEY,HWY14,2022,S8,33.040556,-88.113611,1991.700857,20-40_18,Opportunistic,Lampsilini,PPUR,0,0,0,0,0,0,0,0,0,0,0,0,0,0,0,0,0,0,0,0,0,0,0,0,0,0,0,NA
SIPSEY,HWY14,2022,S8,33.040556,-88.113611,1991.700857,20-40_18,Periodic,Lampsilini,HPER,0,0,0,0,0,0,0,0,0,0,0,0,0,0,0,0,0,0,0,0,0,0,0,0,0,0,0,NA
SIPSEY,HWY14,2022,S8,33.040556,-88.113611,1991.700857,20-40_18,Periodic,Lampsilini,VVIB,0,0,0,0,0,0,0,0,0,0,0,0,0,0,0,0,0,0,0,0,0,0,0,0,0,0,0,NA
SIPSEY,HWY14,2022,S8,33.040556,-88.113611,1991.700857,20-40_18,Periodic,Pleurobemini,ECRA,1.350477885,1.134671519,29.57734254,1.801260161,27.77608238,0.286155454,0.240427812,5.17885229,0.315392104,4.863460186,2.935931679,0.555819917,27.99188875,4.909187827,0.675238942,0.567335759,14.78867127,0.90063008,13.88804119,0.143077727,0.120213906,2.589426145,0.157696052,2.431730093,1.46796584,0.277909958,13.99594437,2.454593914
SIPSEY,HWY14,2022,S8,33.040556,-88.113611,1991.700857,20-40_18,Opportunistic,Lampsilini,TTRU,0,0,0,0,0,0,0,0,0,0,0,0,0,0,0,0,0,0,0,0,0,0,0,0,0,0,0,NA
SIPSEY,HWY14,2022,S8,33.040556,-88.113611,1991.700857,20-40_18,NA,Lampsilini,LAMP,0,0,0,0,0,0,0,0,0,0,0,0,0,0,0,0,0,0,0,0,0,0,0,0,0,0,0,NA
SIPSEY,HWY14,2022,S8,33.040556,-88.113611,1991.700857,20-40_18,Periodic,Anodontini,LCOM,0,0,0,0,0,0,0,0,0,0,0,0,0,0,0,0,0,0,0,0,0,0,0,0,0,0,0,NA
SIPSEY,HWY14,2022,S8,33.040556,-88.113611,1991.700857,20-40_4,NA,Corbicula,CFLU,0.042154847,0.029647136,1.291810365,0.037591682,1.254218684,0.030077915,0.020913921,0.897446782,0.026115701,0.871331081,0.067238818,0.047029622,1.266726394,0.880495074,0.024088484,0.016941221,0.738177352,0.021480961,0.716696391,0.01718738,0.011950812,0.512826733,0.014923258,0.497903475,0.038422182,0.02687407,0.723843654,0.503140043
SIPSEY,HWY14,2022,S8,33.040556,-88.113611,1991.700857,20-40_4,Equilibrium,Pleurobemini,FCER,6.148209343,5.258848298,242.5207657,12.65958397,229.8611817,0.327379327,0.274081733,11.98748338,0.625746632,11.36173674,17.91843227,0.899828366,230.7505428,11.41503434,3.513262482,3.00505617,138.5832947,7.234047983,131.3492467,0.187073901,0.156618133,6.849990501,0.357569504,6.492420996,10.23910415,0.514187637,131.857453,6.522876764
SIPSEY,HWY14,2022,S8,33.040556,-88.113611,1991.700857,20-40_4,Opportunistic,Lampsilini,LORN,12.65605719,9.2721215,183.1711593,21.19290314,161.9782562,0.044346426,0.030058503,0.887030291,0.102629405,0.784400887,30.46502464,0.132687907,165.3621919,0.79868881,7.232032681,5.298355143,104.6692339,12.11023036,92.55900354,0.025340815,0.017176287,0.506874452,0.058645374,0.448229078,17.40858551,0.075821661,94.49268108,0.456393606
SIPSEY,HWY14,2022,S8,33.040556,-88.113611,1991.700857,20-40_4,Periodic,Lampsilini,OREF,0.844195104,0.724089585,38.8917209,1.602338901,37.289382,0.032382039,0.027118349,1.342131533,0.055295819,1.286835714,2.326428486,0.082414168,37.40948752,1.292099405,0.482397202,0.413765477,22.22384051,0.915622229,21.30821828,0.018504022,0.015496199,0.766932305,0.031597611,0.735334694,1.329387706,0.04709381,21.37685001,0.738342517
SIPSEY,HWY14,2022,S8,33.040556,-88.113611,1991.700857,20-40_4,Equilibrium,Pleurobemini,PDEC,2.400414673,1.986008763,131.8162076,7.210346557,124.6058611,0.252290289,0.208722681,13.85387931,0.757807198,13.09607211,9.196355319,0.966529879,125.020267,13.13963972,1.371665528,1.13486215,75.32354721,4.120198032,71.20334918,0.144165879,0.119270104,7.916502462,0.433032685,7.483469777,5.255060182,0.552302788,71.44015255,7.508365553
SIPSEY,HWY14,2022,S8,33.040556,-88.113611,1991.700857,20-40_4,Equilibrium,Quadrulini,PKIE,7.827406284,6.956734114,282.9106689,21.1051359,261.805533,0.693359703,0.620466318,22.84697448,1.704384296,21.14259018,28.06187002,2.324850615,262.6762052,21.21548357,4.472803591,3.975276636,161.6632394,12.06007766,149.6031617,0.396205545,0.354552182,13.05541399,0.973933883,12.0814801,16.03535429,1.328486065,150.1006887,12.12313347
SIPSEY,HWY14,2022,S8,33.040556,-88.113611,1991.700857,20-40_4,Periodic,Lampsilini,LSTR,0,0,0,0,0,0,0,0,0,0,0,0,0,0,0,0,0,0,0,0,0,0,0,0,0,0,0,NA
SIPSEY,HWY14,2022,S8,33.040556,-88.113611,1991.700857,20-40_4,Periodic,Lampsilini,MACU,0,0,0,0,0,0,0,0,0,0,0,0,0,0,0,0,0,0,0,0,0,0,0,0,0,0,0,NA
SIPSEY,HWY14,2022,S8,33.040556,-88.113611,1991.700857,20-40_4,Periodic,Lampsilini,OUNI,3.936066856,3.149396917,175.4197921,10.47256159,164.9472305,0.097891543,0.079262663,4.50017957,0.26866072,4.231518849,13.62195851,0.347923384,165.7339005,4.250147729,2.249181061,1.799655381,100.2398812,5.984320909,94.25556031,0.055938025,0.045292951,2.571531183,0.153520412,2.418010771,7.78397629,0.198813362,94.70508599,2.428655845
SIPSEY,HWY14,2022,S8,33.040556,-88.113611,1991.700857,20-40_4,Equilibrium,Quadrulini,QVER,2.323383535,1.672633317,72.04722576,4.423699662,67.6235261,0.507147843,0.394032487,15.6076456,0.95830944,14.64933616,6.096332978,1.352341927,68.27427632,14.76245151,1.327647734,0.955790467,41.16984329,2.527828378,38.64201491,0.289798767,0.225161421,8.918654628,0.547605394,8.371049234,3.483618845,0.772766816,39.01387218,8.43568658
SIPSEY,HWY14,2022,S8,33.040556,-88.113611,1991.700857,20-40_4,Periodic,Pleurobemini,EARC,1.622183946,1.350633739,50.87260314,2.513106595,48.35949655,0.233707753,0.194912141,8.048455656,0.397593709,7.650861947,3.863740334,0.592505851,48.63104676,7.689657559,0.926962255,0.771790708,29.07005894,1.436060912,27.63399803,0.133547288,0.111378367,4.599117518,0.227196405,4.371921112,2.207851619,0.338574772,27.78916958,4.394090034
SIPSEY,HWY14,2022,S8,33.040556,-88.113611,1991.700857,20-40_4,Equilibrium,Amblemini,APLI,0,0,0,0,0,0,0,0,0,0,0,0,0,0,0,0,0,0,0,0,0,0,0,0,0,0,0,NA
SIPSEY,HWY14,2022,S8,33.040556,-88.113611,1991.700857,20-40_4,Equilibrium,Pleurobemini,REBE,0,0,0,0,0,0,0,0,0,0,0,0,0,0,0,0,0,0,0,0,0,0,0,0,0,0,0,NA
SIPSEY,HWY14,2022,S8,33.040556,-88.113611,1991.700857,20-40_4,Equilibrium,Quadrulini,QQUA,0,0,0,0,0,0,0,0,0,0,0,0,0,0,0,0,0,0,0,0,0,0,0,0,0,0,0,NA
SIPSEY,HWY14,2022,S8,33.040556,-88.113611,1991.700857,20-40_4,Opportunistic,Lampsilini,TDON,0,0,0,0,0,0,0,0,0,0,0,0,0,0,0,0,0,0,0,0,0,0,0,0,0,0,0,NA
SIPSEY,HWY14,2022,S8,33.040556,-88.113611,1991.700857,20-40_4,Equilibrium,Quadrulini,MNER,0,0,0,0,0,0,0,0,0,0,0,0,0,0,0,0,0,0,0,0,0,0,0,0,0,0,0,NA
SIPSEY,HWY14,2022,S8,33.040556,-88.113611,1991.700857,20-40_4,Periodic,Lampsilini,LLIE,0,0,0,0,0,0,0,0,0,0,0,0,0,0,0,0,0,0,0,0,0,0,0,0,0,0,0,NA
SIPSEY,HWY14,2022,S8,33.040556,-88.113611,1991.700857,20-40_4,Periodic,Lampsilini,ELIN,1.838133206,1.54439952,39.47995824,2.404329457,37.07562878,0,0,0,0,0,3.948728976,0,37.36936246,0,1.050361832,0.882514011,22.55997613,1.373902547,21.18607359,0,0,0,0,0,2.256416558,0,21.35392141,0
SIPSEY,HWY14,2022,S8,33.040556,-88.113611,1991.700857,20-40_4,Opportunistic,Lampsilini,PFRA,0,0,0,0,0,0,0,0,0,0,0,0,0,0,0,0,0,0,0,0,0,0,0,0,0,0,0,NA
SIPSEY,HWY14,2022,S8,33.040556,-88.113611,1991.700857,20-40_4,Opportunistic,Lampsilini,LREC,0,0,0,0,0,0,0,0,0,0,0,0,0,0,0,0,0,0,0,0,0,0,0,0,0,0,0,NA
SIPSEY,HWY14,2022,S8,33.040556,-88.113611,1991.700857,20-40_4,Periodic,Lampsilini,OARK,0,0,0,0,0,0,0,0,0,0,0,0,0,0,0,0,0,0,0,0,0,0,0,0,0,0,0,NA
SIPSEY,HWY14,2022,S8,33.040556,-88.113611,1991.700857,20-40_4,Opportunistic,Lampsilini,PINF,0,0,0,0,0,0,0,0,0,0,0,0,0,0,0,0,0,0,0,0,0,0,0,0,0,0,0,NA
SIPSEY,HWY14,2022,S8,33.040556,-88.113611,1991.700857,20-40_4,Equilibrium,Pleurobemini,PPER,0,0,0,0,0,0,0,0,0,0,0,0,0,0,0,0,0,0,0,0,0,0,0,0,0,0,0,NA
SIPSEY,HWY14,2022,S8,33.040556,-88.113611,1991.700857,20-40_4,Opportunistic,Lampsilini,LTER,0,0,0,0,0,0,0,0,0,0,0,0,0,0,0,0,0,0,0,0,0,0,0,0,0,0,0,NA
SIPSEY,HWY14,2022,S8,33.040556,-88.113611,1991.700857,20-40_4,Periodic,Alasmodontini,SSUB,0,0,0,0,0,0,0,0,0,0,0,0,0,0,0,0,0,0,0,0,0,0,0,0,0,0,0,NA
SIPSEY,HWY14,2022,S8,33.040556,-88.113611,1991.700857,20-40_4,Opportunistic,Lampsilini,TPAR,0,0,0,0,0,0,0,0,0,0,0,0,0,0,0,0,0,0,0,0,0,0,0,0,0,0,0,NA
SIPSEY,HWY14,2022,S8,33.040556,-88.113611,1991.700857,20-40_4,Opportunistic,Lampsilini,PPUR,0,0,0,0,0,0,0,0,0,0,0,0,0,0,0,0,0,0,0,0,0,0,0,0,0,0,0,NA
SIPSEY,HWY14,2022,S8,33.040556,-88.113611,1991.700857,20-40_4,Periodic,Lampsilini,HPER,0,0,0,0,0,0,0,0,0,0,0,0,0,0,0,0,0,0,0,0,0,0,0,0,0,0,0,NA
SIPSEY,HWY14,2022,S8,33.040556,-88.113611,1991.700857,20-40_4,Periodic,Lampsilini,VVIB,0,0,0,0,0,0,0,0,0,0,0,0,0,0,0,0,0,0,0,0,0,0,0,0,0,0,0,NA
SIPSEY,HWY14,2022,S8,33.040556,-88.113611,1991.700857,20-40_4,Periodic,Pleurobemini,ECRA,0,0,0,0,0,0,0,0,0,0,0,0,0,0,0,0,0,0,0,0,0,0,0,0,0,0,0,NA
SIPSEY,HWY14,2022,S8,33.040556,-88.113611,1991.700857,20-40_4,Opportunistic,Lampsilini,TTRU,0,0,0,0,0,0,0,0,0,0,0,0,0,0,0,0,0,0,0,0,0,0,0,0,0,0,0,NA
SIPSEY,HWY14,2022,S8,33.040556,-88.113611,1991.700857,20-40_4,NA,Lampsilini,LAMP,0,0,0,0,0,0,0,0,0,0,0,0,0,0,0,0,0,0,0,0,0,0,0,0,0,0,0,NA
SIPSEY,HWY14,2022,S8,33.040556,-88.113611,1991.700857,20-40_4,Periodic,Anodontini,LCOM,0,0,0,0,0,0,0,0,0,0,0,0,0,0,0,0,0,0,0,0,0,0,0,0,0,0,0,NA
SIPSEY,HWY14,2022,S8,33.040556,-88.113611,1991.700857,40-60_10,NA,Corbicula,CFLU,0.043172545,0.02855116,1.142121679,0.033235741,1.108885939,0.043172545,0.02855116,1.142121679,0.033235741,1.108885939,0.061786901,0.061786901,1.123507324,1.123507324,0.021586273,0.01427558,0.57106084,0.01661787,0.554442969,0.021586273,0.01427558,0.57106084,0.01661787,0.554442969,0.03089345,0.03089345,0.561753662,0.561753662
SIPSEY,HWY14,2022,S8,33.040556,-88.113611,1991.700857,40-60_10,Equilibrium,Pleurobemini,FCER,0,0,0,0,0,0,0,0,0,0,0,0,0,0,0,0,0,0,0,0,0,0,0,0,0,0,0,NA
SIPSEY,HWY14,2022,S8,33.040556,-88.113611,1991.700857,40-60_10,Opportunistic,Lampsilini,LORN,0,0,0,0,0,0,0,0,0,0,0,0,0,0,0,0,0,0,0,0,0,0,0,0,0,0,0,NA
SIPSEY,HWY14,2022,S8,33.040556,-88.113611,1991.700857,40-60_10,Periodic,Lampsilini,OREF,0,0,0,0,0,0,0,0,0,0,0,0,0,0,0,0,0,0,0,0,0,0,0,0,0,0,0,NA
SIPSEY,HWY14,2022,S8,33.040556,-88.113611,1991.700857,40-60_10,Equilibrium,Pleurobemini,PDEC,3.402060806,2.817969566,186.91423,10.22420838,176.6900216,0.396870495,0.325786294,21.72057065,1.188115215,20.53245544,13.04217795,1.513901508,177.2741129,20.60353964,1.701030403,1.408984783,93.45711501,5.112104191,88.34501082,0.198435247,0.162893147,10.86028533,0.594057607,10.26622772,6.521088974,0.756950754,88.63705644,10.30176982
SIPSEY,HWY14,2022,S8,33.040556,-88.113611,1991.700857,40-60_10,Equilibrium,Quadrulini,PKIE,2.061358856,1.836807392,72.12962314,5.380869886,66.74875325,0.097230289,0.086924859,3.222660062,0.240410441,2.982249621,7.217677278,0.327335299,66.97330472,2.992555052,1.030679428,0.918403696,36.06481157,2.690434943,33.37437663,0.048615145,0.043462429,1.611330031,0.12020522,1.491124811,3.608838639,0.16366765,33.48665236,1.496277526
SIPSEY,HWY14,2022,S8,33.040556,-88.113611,1991.700857,40-60_10,Periodic,Lampsilini,LSTR,0,0,0,0,0,0,0,0,0,0,0,0,0,0,0,0,0,0,0,0,0,0,0,0,0,0,0,NA
SIPSEY,HWY14,2022,S8,33.040556,-88.113611,1991.700857,40-60_10,Periodic,Lampsilini,MACU,0.002863161,0.001968747,0.036580745,0.002154606,0.03442614,0.002863161,0.001968747,0.036580745,0.002154606,0.03442614,0.004123353,0.004123353,0.035320553,0.035320553,0.00143158,0.000984373,0.018290373,0.001077303,0.01721307,0.00143158,0.000984373,0.018290373,0.001077303,0.01721307,0.002061676,0.002061676,0.017660277,0.017660277
SIPSEY,HWY14,2022,S8,33.040556,-88.113611,1991.700857,40-60_10,Periodic,Lampsilini,OUNI,0,0,0,0,0,0,0,0,0,0,0,0,0,0,0,0,0,0,0,0,0,0,0,0,0,0,0,NA
SIPSEY,HWY14,2022,S8,33.040556,-88.113611,1991.700857,40-60_10,Equilibrium,Quadrulini,QVER,0,0,0,0,0,0,0,0,0,0,0,0,0,0,0,0,0,0,0,0,0,0,0,0,0,0,0,NA
SIPSEY,HWY14,2022,S8,33.040556,-88.113611,1991.700857,40-60_10,Periodic,Pleurobemini,EARC,0,0,0,0,0,0,0,0,0,0,0,0,0,0,0,0,0,0,0,0,0,0,0,0,0,0,0,NA
SIPSEY,HWY14,2022,S8,33.040556,-88.113611,1991.700857,40-60_10,Equilibrium,Amblemini,APLI,0,0,0,0,0,0,0,0,0,0,0,0,0,0,0,0,0,0,0,0,0,0,0,0,0,0,0,NA
SIPSEY,HWY14,2022,S8,33.040556,-88.113611,1991.700857,40-60_10,Equilibrium,Pleurobemini,REBE,0,0,0,0,0,0,0,0,0,0,0,0,0,0,0,0,0,0,0,0,0,0,0,0,0,0,0,NA
SIPSEY,HWY14,2022,S8,33.040556,-88.113611,1991.700857,40-60_10,Equilibrium,Quadrulini,QQUA,0,0,0,0,0,0,0,0,0,0,0,0,0,0,0,0,0,0,0,0,0,0,0,0,0,0,0,NA
SIPSEY,HWY14,2022,S8,33.040556,-88.113611,1991.700857,40-60_10,Opportunistic,Lampsilini,TDON,0,0,0,0,0,0,0,0,0,0,0,0,0,0,0,0,0,0,0,0,0,0,0,0,0,0,0,NA
SIPSEY,HWY14,2022,S8,33.040556,-88.113611,1991.700857,40-60_10,Equilibrium,Quadrulini,MNER,0,0,0,0,0,0,0,0,0,0,0,0,0,0,0,0,0,0,0,0,0,0,0,0,0,0,0,NA
SIPSEY,HWY14,2022,S8,33.040556,-88.113611,1991.700857,40-60_10,Periodic,Lampsilini,LLIE,0,0,0,0,0,0,0,0,0,0,0,0,0,0,0,0,0,0,0,0,0,0,0,0,0,0,0,NA
SIPSEY,HWY14,2022,S8,33.040556,-88.113611,1991.700857,40-60_10,Periodic,Lampsilini,ELIN,0,0,0,0,0,0,0,0,0,0,0,0,0,0,0,0,0,0,0,0,0,0,0,0,0,0,0,NA
SIPSEY,HWY14,2022,S8,33.040556,-88.113611,1991.700857,40-60_10,Opportunistic,Lampsilini,PFRA,0,0,0,0,0,0,0,0,0,0,0,0,0,0,0,0,0,0,0,0,0,0,0,0,0,0,0,NA
SIPSEY,HWY14,2022,S8,33.040556,-88.113611,1991.700857,40-60_10,Opportunistic,Lampsilini,LREC,0,0,0,0,0,0,0,0,0,0,0,0,0,0,0,0,0,0,0,0,0,0,0,0,0,0,0,NA
SIPSEY,HWY14,2022,S8,33.040556,-88.113611,1991.700857,40-60_10,Periodic,Lampsilini,OARK,0,0,0,0,0,0,0,0,0,0,0,0,0,0,0,0,0,0,0,0,0,0,0,0,0,0,0,NA
SIPSEY,HWY14,2022,S8,33.040556,-88.113611,1991.700857,40-60_10,Opportunistic,Lampsilini,PINF,0,0,0,0,0,0,0,0,0,0,0,0,0,0,0,0,0,0,0,0,0,0,0,0,0,0,0,NA
SIPSEY,HWY14,2022,S8,33.040556,-88.113611,1991.700857,40-60_10,Equilibrium,Pleurobemini,PPER,0,0,0,0,0,0,0,0,0,0,0,0,0,0,0,0,0,0,0,0,0,0,0,0,0,0,0,NA
SIPSEY,HWY14,2022,S8,33.040556,-88.113611,1991.700857,40-60_10,Opportunistic,Lampsilini,LTER,0,0,0,0,0,0,0,0,0,0,0,0,0,0,0,0,0,0,0,0,0,0,0,0,0,0,0,NA
SIPSEY,HWY14,2022,S8,33.040556,-88.113611,1991.700857,40-60_10,Periodic,Alasmodontini,SSUB,0,0,0,0,0,0,0,0,0,0,0,0,0,0,0,0,0,0,0,0,0,0,0,0,0,0,0,NA
SIPSEY,HWY14,2022,S8,33.040556,-88.113611,1991.700857,40-60_10,Opportunistic,Lampsilini,TPAR,0,0,0,0,0,0,0,0,0,0,0,0,0,0,0,0,0,0,0,0,0,0,0,0,0,0,0,NA
SIPSEY,HWY14,2022,S8,33.040556,-88.113611,1991.700857,40-60_10,Opportunistic,Lampsilini,PPUR,0,0,0,0,0,0,0,0,0,0,0,0,0,0,0,0,0,0,0,0,0,0,0,0,0,0,0,NA
SIPSEY,HWY14,2022,S8,33.040556,-88.113611,1991.700857,40-60_10,Periodic,Lampsilini,HPER,0,0,0,0,0,0,0,0,0,0,0,0,0,0,0,0,0,0,0,0,0,0,0,0,0,0,0,NA
SIPSEY,HWY14,2022,S8,33.040556,-88.113611,1991.700857,40-60_10,Periodic,Lampsilini,VVIB,0,0,0,0,0,0,0,0,0,0,0,0,0,0,0,0,0,0,0,0,0,0,0,0,0,0,0,NA
SIPSEY,HWY14,2022,S8,33.040556,-88.113611,1991.700857,40-60_10,Periodic,Pleurobemini,ECRA,0,0,0,0,0,0,0,0,0,0,0,0,0,0,0,0,0,0,0,0,0,0,0,0,0,0,0,NA
SIPSEY,HWY14,2022,S8,33.040556,-88.113611,1991.700857,40-60_10,Opportunistic,Lampsilini,TTRU,0,0,0,0,0,0,0,0,0,0,0,0,0,0,0,0,0,0,0,0,0,0,0,0,0,0,0,NA
SIPSEY,HWY14,2022,S8,33.040556,-88.113611,1991.700857,40-60_10,NA,Lampsilini,LAMP,0,0,0,0,0,0,0,0,0,0,0,0,0,0,0,0,0,0,0,0,0,0,0,0,0,0,0,NA
SIPSEY,HWY14,2022,S8,33.040556,-88.113611,1991.700857,40-60_10,Periodic,Anodontini,LCOM,0,0,0,0,0,0,0,0,0,0,0,0,0,0,0,0,0,0,0,0,0,0,0,0,0,0,0,NA
SIPSEY,HWY14,2022,S8,33.040556,-88.113611,1991.700857,40-60_15,NA,Corbicula,CFLU,0.009092123,0.005646245,0.207626744,0.006041938,0.201584805,0.009092123,0.005646245,0.207626744,0.006041938,0.201584805,0.011688184,0.011688184,0.205030683,0.205030683,0.004546061,0.002823123,0.103813372,0.003020969,0.100792403,0.004546061,0.002823123,0.103813372,0.003020969,0.100792403,0.005844092,0.005844092,0.102515341,0.102515341
SIPSEY,HWY14,2022,S8,33.040556,-88.113611,1991.700857,40-60_15,Equilibrium,Pleurobemini,FCER,0.667711266,0.577991094,27.35874748,1.428126618,25.93062086,0.075735095,0.063305793,2.757913271,0.143963073,2.613950198,2.006117712,0.207268866,26.02034103,2.6263795,0.333855633,0.288995547,13.67937374,0.714063309,12.96531043,0.037867547,0.031652897,1.378956635,0.071981536,1.306975099,1.003058856,0.103634433,13.01017052,1.31318975
SIPSEY,HWY14,2022,S8,33.040556,-88.113611,1991.700857,40-60_15,Opportunistic,Lampsilini,LORN,3.386265236,2.54813042,39.59419697,4.581048589,35.01314838,0.004598773,0.006746285,0.000368713,4.26600896044496e-05,0.000326053,7.129179009,0.006788945,35.8512832,-0.001821459,1.693132618,1.27406521,19.79709848,2.290524295,17.50657419,0.002299387,0.003373142,0.000184356,2.13300448022248e-05,0.000163026,3.564589504,0.003394472,17.9256416,-0.000910729
SIPSEY,HWY14,2022,S8,33.040556,-88.113611,1991.700857,40-60_15,Periodic,Lampsilini,OREF,0,0,0,0,0,0,0,0,0,0,0,0,0,0,0,0,0,0,0,0,0,0,0,0,0,0,0,NA
SIPSEY,HWY14,2022,S8,33.040556,-88.113611,1991.700857,40-60_15,Equilibrium,Pleurobemini,PDEC,1.283736249,1.062384516,70.50330352,3.856530703,66.64677282,0.130088834,0.106460484,7.110304652,0.388933664,6.721370988,4.918915219,0.495394149,66.86812455,6.744999338,0.641868125,0.531192258,35.25165176,1.928265351,33.32338641,0.065044417,0.053230242,3.555152326,0.194466832,3.360685494,2.45945761,0.247697074,33.43406228,3.372499669
SIPSEY,HWY14,2022,S8,33.040556,-88.113611,1991.700857,40-60_15,Equilibrium,Quadrulini,PKIE,6.34734743,5.655205659,222.3208993,16.58513909,205.7357602,0.352088843,0.316006639,11.1075515,0.828623342,10.27892816,22.24034475,1.14462998,206.427902,10.31501036,3.173673715,2.82760283,111.1604497,8.292569544,102.8678801,0.176044421,0.158003319,5.55377575,0.414311671,5.139464079,11.12017237,0.57231499,103.213951,5.157505181
SIPSEY,HWY14,2022,S8,33.040556,-88.113611,1991.700857,40-60_15,Periodic,Lampsilini,LSTR,0,0,0,0,0,0,0,0,0,0,0,0,0,0,0,0,0,0,0,0,0,0,0,0,0,0,0,NA
SIPSEY,HWY14,2022,S8,33.040556,-88.113611,1991.700857,40-60_15,Periodic,Lampsilini,MACU,0,0,0,0,0,0,0,0,0,0,0,0,0,0,0,0,0,0,0,0,0,0,0,0,0,0,0,NA
SIPSEY,HWY14,2022,S8,33.040556,-88.113611,1991.700857,40-60_15,Periodic,Lampsilini,OUNI,1.197958976,0.937497882,49.95912157,2.982559558,46.97656202,0.119000313,0.09648437,5.490749697,0.327797757,5.162951941,3.92005744,0.424282127,47.23702311,5.185467883,0.598979488,0.468748941,24.97956079,1.491279779,23.48828101,0.059500156,0.048242185,2.745374849,0.163898878,2.58147597,1.96002872,0.212141063,23.61851156,2.592733942
SIPSEY,HWY14,2022,S8,33.040556,-88.113611,1991.700857,40-60_15,Equilibrium,Quadrulini,QVER,0,0,0,0,0,0,0,0,0,0,0,0,0,0,0,0,0,0,0,0,0,0,0,0,0,0,0,NA
SIPSEY,HWY14,2022,S8,33.040556,-88.113611,1991.700857,40-60_15,Periodic,Pleurobemini,EARC,0,0,0,0,0,0,0,0,0,0,0,0,0,0,0,0,0,0,0,0,0,0,0,0,0,0,0,NA
SIPSEY,HWY14,2022,S8,33.040556,-88.113611,1991.700857,40-60_15,Equilibrium,Amblemini,APLI,0,0,0,0,0,0,0,0,0,0,0,0,0,0,0,0,0,0,0,0,0,0,0,0,0,0,0,NA
SIPSEY,HWY14,2022,S8,33.040556,-88.113611,1991.700857,40-60_15,Equilibrium,Pleurobemini,REBE,0,0,0,0,0,0,0,0,0,0,0,0,0,0,0,0,0,0,0,0,0,0,0,0,0,0,0,NA
SIPSEY,HWY14,2022,S8,33.040556,-88.113611,1991.700857,40-60_15,Equilibrium,Quadrulini,QQUA,0,0,0,0,0,0,0,0,0,0,0,0,0,0,0,0,0,0,0,0,0,0,0,0,0,0,0,NA
SIPSEY,HWY14,2022,S8,33.040556,-88.113611,1991.700857,40-60_15,Opportunistic,Lampsilini,TDON,0,0,0,0,0,0,0,0,0,0,0,0,0,0,0,0,0,0,0,0,0,0,0,0,0,0,0,NA
SIPSEY,HWY14,2022,S8,33.040556,-88.113611,1991.700857,40-60_15,Equilibrium,Quadrulini,MNER,0,0,0,0,0,0,0,0,0,0,0,0,0,0,0,0,0,0,0,0,0,0,0,0,0,0,0,NA
SIPSEY,HWY14,2022,S8,33.040556,-88.113611,1991.700857,40-60_15,Periodic,Lampsilini,LLIE,0,0,0,0,0,0,0,0,0,0,0,0,0,0,0,0,0,0,0,0,0,0,0,0,0,0,0,NA
SIPSEY,HWY14,2022,S8,33.040556,-88.113611,1991.700857,40-60_15,Periodic,Lampsilini,ELIN,0,0,0,0,0,0,0,0,0,0,0,0,0,0,0,0,0,0,0,0,0,0,0,0,0,0,0,NA
SIPSEY,HWY14,2022,S8,33.040556,-88.113611,1991.700857,40-60_15,Opportunistic,Lampsilini,PFRA,0,0,0,0,0,0,0,0,0,0,0,0,0,0,0,0,0,0,0,0,0,0,0,0,0,0,0,NA
SIPSEY,HWY14,2022,S8,33.040556,-88.113611,1991.700857,40-60_15,Opportunistic,Lampsilini,LREC,0,0,0,0,0,0,0,0,0,0,0,0,0,0,0,0,0,0,0,0,0,0,0,0,0,0,0,NA
SIPSEY,HWY14,2022,S8,33.040556,-88.113611,1991.700857,40-60_15,Periodic,Lampsilini,OARK,0,0,0,0,0,0,0,0,0,0,0,0,0,0,0,0,0,0,0,0,0,0,0,0,0,0,0,NA
SIPSEY,HWY14,2022,S8,33.040556,-88.113611,1991.700857,40-60_15,Opportunistic,Lampsilini,PINF,0,0,0,0,0,0,0,0,0,0,0,0,0,0,0,0,0,0,0,0,0,0,0,0,0,0,0,NA
SIPSEY,HWY14,2022,S8,33.040556,-88.113611,1991.700857,40-60_15,Equilibrium,Pleurobemini,PPER,0,0,0,0,0,0,0,0,0,0,0,0,0,0,0,0,0,0,0,0,0,0,0,0,0,0,0,NA
SIPSEY,HWY14,2022,S8,33.040556,-88.113611,1991.700857,40-60_15,Opportunistic,Lampsilini,LTER,0,0,0,0,0,0,0,0,0,0,0,0,0,0,0,0,0,0,0,0,0,0,0,0,0,0,0,NA
SIPSEY,HWY14,2022,S8,33.040556,-88.113611,1991.700857,40-60_15,Periodic,Alasmodontini,SSUB,0,0,0,0,0,0,0,0,0,0,0,0,0,0,0,0,0,0,0,0,0,0,0,0,0,0,0,NA
SIPSEY,HWY14,2022,S8,33.040556,-88.113611,1991.700857,40-60_15,Opportunistic,Lampsilini,TPAR,0,0,0,0,0,0,0,0,0,0,0,0,0,0,0,0,0,0,0,0,0,0,0,0,0,0,0,NA
SIPSEY,HWY14,2022,S8,33.040556,-88.113611,1991.700857,40-60_15,Opportunistic,Lampsilini,PPUR,0,0,0,0,0,0,0,0,0,0,0,0,0,0,0,0,0,0,0,0,0,0,0,0,0,0,0,NA
SIPSEY,HWY14,2022,S8,33.040556,-88.113611,1991.700857,40-60_15,Periodic,Lampsilini,HPER,0,0,0,0,0,0,0,0,0,0,0,0,0,0,0,0,0,0,0,0,0,0,0,0,0,0,0,NA
SIPSEY,HWY14,2022,S8,33.040556,-88.113611,1991.700857,40-60_15,Periodic,Lampsilini,VVIB,0,0,0,0,0,0,0,0,0,0,0,0,0,0,0,0,0,0,0,0,0,0,0,0,0,0,0,NA
SIPSEY,HWY14,2022,S8,33.040556,-88.113611,1991.700857,40-60_15,Periodic,Pleurobemini,ECRA,0,0,0,0,0,0,0,0,0,0,0,0,0,0,0,0,0,0,0,0,0,0,0,0,0,0,0,NA
SIPSEY,HWY14,2022,S8,33.040556,-88.113611,1991.700857,40-60_15,Opportunistic,Lampsilini,TTRU,0,0,0,0,0,0,0,0,0,0,0,0,0,0,0,0,0,0,0,0,0,0,0,0,0,0,0,NA
SIPSEY,HWY14,2022,S8,33.040556,-88.113611,1991.700857,40-60_15,NA,Lampsilini,LAMP,0,0,0,0,0,0,0,0,0,0,0,0,0,0,0,0,0,0,0,0,0,0,0,0,0,0,0,NA
SIPSEY,HWY14,2022,S8,33.040556,-88.113611,1991.700857,40-60_15,Periodic,Anodontini,LCOM,0,0,0,0,0,0,0,0,0,0,0,0,0,0,0,0,0,0,0,0,0,0,0,0,0,0,0,NA
SIPSEY,HWY14,2022,S8,33.040556,-88.113611,1991.700857,40-60_18,NA,Corbicula,CFLU,0.046644941,0.031218592,1.269919301,0.036954652,1.232964649,0.046644941,0.031218592,1.269919301,0.036954652,1.232964649,0.068173244,0.068173244,1.248390998,1.248390998,0.020731085,0.01387493,0.564408578,0.01642429,0.547984288,0.020731085,0.01387493,0.564408578,0.01642429,0.547984288,0.030299219,0.030299219,0.554840444,0.554840444
SIPSEY,HWY14,2022,S8,33.040556,-88.113611,1991.700857,40-60_18,Equilibrium,Pleurobemini,FCER,0,0,0,0,0,0,0,0,0,0,0,0,0,0,0,0,0,0,0,0,0,0,0,0,0,0,0,NA
SIPSEY,HWY14,2022,S8,33.040556,-88.113611,1991.700857,40-60_18,Opportunistic,Lampsilini,LORN,0,0,0,0,0,0,0,0,0,0,0,0,0,0,0,0,0,0,0,0,0,0,0,0,0,0,0,NA
SIPSEY,HWY14,2022,S8,33.040556,-88.113611,1991.700857,40-60_18,Periodic,Lampsilini,OREF,0,0,0,0,0,0,0,0,0,0,0,0,0,0,0,0,0,0,0,0,0,0,0,0,0,0,0,NA
SIPSEY,HWY14,2022,S8,33.040556,-88.113611,1991.700857,40-60_18,Equilibrium,Pleurobemini,PDEC,3.611668644,2.984377515,198.2238064,10.84284221,187.3809642,0.321592836,0.263641843,17.59063731,0.962207861,16.62842945,13.82721972,1.225849703,188.0082553,16.68638044,1.605186064,1.326390007,88.09946951,4.819040982,83.28042853,0.14293015,0.117174152,7.818061026,0.427647938,7.390413088,6.145430989,0.54482209,83.55922458,7.416169085
SIPSEY,HWY14,2022,S8,33.040556,-88.113611,1991.700857,40-60_18,Equilibrium,Quadrulini,PKIE,2.973749631,2.642488576,107.8451029,8.045244676,99.79985822,0.27819071,0.248276413,9.478658812,0.707107947,8.771550865,10.68773325,0.955384361,100.1311193,8.801465161,1.321666502,1.174439367,47.93115684,3.575664301,44.35549254,0.123640315,0.110345073,4.21273725,0.314270199,3.898467051,4.750103668,0.424615271,44.50271968,3.911762294
SIPSEY,HWY14,2022,S8,33.040556,-88.113611,1991.700857,40-60_18,Periodic,Lampsilini,LSTR,0,0,0,0,0,0,0,0,0,0,0,0,0,0,0,0,0,0,0,0,0,0,0,0,0,0,0,NA
SIPSEY,HWY14,2022,S8,33.040556,-88.113611,1991.700857,40-60_18,Periodic,Lampsilini,MACU,0,0,0,0,0,0,0,0,0,0,0,0,0,0,0,0,0,0,0,0,0,0,0,0,0,0,0,NA
SIPSEY,HWY14,2022,S8,33.040556,-88.113611,1991.700857,40-60_18,Periodic,Lampsilini,OUNI,0.341629645,0.251036197,11.82175997,0.70575907,11.1160009,0.145981735,0.11006635,5.433223162,0.324363423,5.108859739,0.956795267,0.434429772,11.20659435,5.144775125,0.151835398,0.111571643,5.254115543,0.313670698,4.940444845,0.064880771,0.048918378,2.41476585,0.144161521,2.270604329,0.425242341,0.193079899,4.9807086,2.286566722
SIPSEY,HWY14,2022,S8,33.040556,-88.113611,1991.700857,40-60_18,Equilibrium,Quadrulini,QVER,0,0,0,0,0,0,0,0,0,0,0,0,0,0,0,0,0,0,0,0,0,0,0,0,0,0,0,NA
SIPSEY,HWY14,2022,S8,33.040556,-88.113611,1991.700857,40-60_18,Periodic,Pleurobemini,EARC,0,0,0,0,0,0,0,0,0,0,0,0,0,0,0,0,0,0,0,0,0,0,0,0,0,0,0,NA
SIPSEY,HWY14,2022,S8,33.040556,-88.113611,1991.700857,40-60_18,Equilibrium,Amblemini,APLI,0,0,0,0,0,0,0,0,0,0,0,0,0,0,0,0,0,0,0,0,0,0,0,0,0,0,0,NA
SIPSEY,HWY14,2022,S8,33.040556,-88.113611,1991.700857,40-60_18,Equilibrium,Pleurobemini,REBE,0,0,0,0,0,0,0,0,0,0,0,0,0,0,0,0,0,0,0,0,0,0,0,0,0,0,0,NA
SIPSEY,HWY14,2022,S8,33.040556,-88.113611,1991.700857,40-60_18,Equilibrium,Quadrulini,QQUA,0,0,0,0,0,0,0,0,0,0,0,0,0,0,0,0,0,0,0,0,0,0,0,0,0,0,0,NA
SIPSEY,HWY14,2022,S8,33.040556,-88.113611,1991.700857,40-60_18,Opportunistic,Lampsilini,TDON,0.002887334,0.002425938,0.038980535,0.002373915,0.03660662,0.002887334,0.002425938,0.038980535,0.002373915,0.03660662,0.004799852,0.004799852,0.037068016,0.037068016,0.001283259,0.001078195,0.017324682,0.001055073,0.016269609,0.001283259,0.001078195,0.017324682,0.001055073,0.016269609,0.002133268,0.002133268,0.016474674,0.016474674
SIPSEY,HWY14,2022,S8,33.040556,-88.113611,1991.700857,40-60_18,Equilibrium,Quadrulini,MNER,0,0,0,0,0,0,0,0,0,0,0,0,0,0,0,0,0,0,0,0,0,0,0,0,0,0,0,NA
SIPSEY,HWY14,2022,S8,33.040556,-88.113611,1991.700857,40-60_18,Periodic,Lampsilini,LLIE,0,0,0,0,0,0,0,0,0,0,0,0,0,0,0,0,0,0,0,0,0,0,0,0,0,0,0,NA
SIPSEY,HWY14,2022,S8,33.040556,-88.113611,1991.700857,40-60_18,Periodic,Lampsilini,ELIN,0.477229298,0.400968056,9.30268136,0.566533295,8.736148065,0.13142427,0.110422672,2.716232076,0.165418533,2.550813543,0.967501351,0.275841205,8.812409307,2.571815141,0.21210191,0.178208025,4.134525049,0.251792575,3.882732473,0.058410787,0.049076743,1.207214256,0.073519348,1.133694908,0.4300006,0.122596091,3.916626359,1.143028952
SIPSEY,HWY14,2022,S8,33.040556,-88.113611,1991.700857,40-60_18,Opportunistic,Lampsilini,PFRA,0,0,0,0,0,0,0,0,0,0,0,0,0,0,0,0,0,0,0,0,0,0,0,0,0,0,0,NA
SIPSEY,HWY14,2022,S8,33.040556,-88.113611,1991.700857,40-60_18,Opportunistic,Lampsilini,LREC,0,0,0,0,0,0,0,0,0,0,0,0,0,0,0,0,0,0,0,0,0,0,0,0,0,0,0,NA
SIPSEY,HWY14,2022,S8,33.040556,-88.113611,1991.700857,40-60_18,Periodic,Lampsilini,OARK,0,0,0,0,0,0,0,0,0,0,0,0,0,0,0,0,0,0,0,0,0,0,0,0,0,0,0,NA
SIPSEY,HWY14,2022,S8,33.040556,-88.113611,1991.700857,40-60_18,Opportunistic,Lampsilini,PINF,0,0,0,0,0,0,0,0,0,0,0,0,0,0,0,0,0,0,0,0,0,0,0,0,0,0,0,NA
SIPSEY,HWY14,2022,S8,33.040556,-88.113611,1991.700857,40-60_18,Equilibrium,Pleurobemini,PPER,0,0,0,0,0,0,0,0,0,0,0,0,0,0,0,0,0,0,0,0,0,0,0,0,0,0,0,NA
SIPSEY,HWY14,2022,S8,33.040556,-88.113611,1991.700857,40-60_18,Opportunistic,Lampsilini,LTER,0,0,0,0,0,0,0,0,0,0,0,0,0,0,0,0,0,0,0,0,0,0,0,0,0,0,0,NA
SIPSEY,HWY14,2022,S8,33.040556,-88.113611,1991.700857,40-60_18,Periodic,Alasmodontini,SSUB,0,0,0,0,0,0,0,0,0,0,0,0,0,0,0,0,0,0,0,0,0,0,0,0,0,0,0,NA
SIPSEY,HWY14,2022,S8,33.040556,-88.113611,1991.700857,40-60_18,Opportunistic,Lampsilini,TPAR,0,0,0,0,0,0,0,0,0,0,0,0,0,0,0,0,0,0,0,0,0,0,0,0,0,0,0,NA
SIPSEY,HWY14,2022,S8,33.040556,-88.113611,1991.700857,40-60_18,Opportunistic,Lampsilini,PPUR,0,0,0,0,0,0,0,0,0,0,0,0,0,0,0,0,0,0,0,0,0,0,0,0,0,0,0,NA
SIPSEY,HWY14,2022,S8,33.040556,-88.113611,1991.700857,40-60_18,Periodic,Lampsilini,HPER,0,0,0,0,0,0,0,0,0,0,0,0,0,0,0,0,0,0,0,0,0,0,0,0,0,0,0,NA
SIPSEY,HWY14,2022,S8,33.040556,-88.113611,1991.700857,40-60_18,Periodic,Lampsilini,VVIB,0,0,0,0,0,0,0,0,0,0,0,0,0,0,0,0,0,0,0,0,0,0,0,0,0,0,0,NA
SIPSEY,HWY14,2022,S8,33.040556,-88.113611,1991.700857,40-60_18,Periodic,Pleurobemini,ECRA,0,0,0,0,0,0,0,0,0,0,0,0,0,0,0,0,0,0,0,0,0,0,0,0,0,0,0,NA
SIPSEY,HWY14,2022,S8,33.040556,-88.113611,1991.700857,40-60_18,Opportunistic,Lampsilini,TTRU,0,0,0,0,0,0,0,0,0,0,0,0,0,0,0,0,0,0,0,0,0,0,0,0,0,0,0,NA
SIPSEY,HWY14,2022,S8,33.040556,-88.113611,1991.700857,40-60_18,NA,Lampsilini,LAMP,0,0,0,0,0,0,0,0,0,0,0,0,0,0,0,0,0,0,0,0,0,0,0,0,0,0,0,NA
SIPSEY,HWY14,2022,S8,33.040556,-88.113611,1991.700857,40-60_18,Periodic,Anodontini,LCOM,0,0,0,0,0,0,0,0,0,0,0,0,0,0,0,0,0,0,0,0,0,0,0,0,0,0,0,NA
SIPSEY,HWY14,2022,S8,33.040556,-88.113611,1991.700857,40-60_4,NA,Corbicula,CFLU,0.06096596,0.039941386,1.579597553,0.045966289,1.533631264,0.06096596,0.039941386,1.579597553,0.045966289,1.533631264,0.085907675,0.085907675,1.554655838,1.554655838,0.03048298,0.019970693,0.789798777,0.022983144,0.766815632,0.03048298,0.019970693,0.789798777,0.022983144,0.766815632,0.042953837,0.042953837,0.777327919,0.777327919
SIPSEY,HWY14,2022,S8,33.040556,-88.113611,1991.700857,40-60_4,Equilibrium,Pleurobemini,FCER,0.840137575,0.721186884,33.50781236,1.749107805,31.75870456,0.054740737,0.04533309,1.934508262,0.100981331,1.833526931,2.470294689,0.146314421,31.87765525,1.842934578,0.420068787,0.360593442,16.75390618,0.874553903,15.87935228,0.027370369,0.022666545,0.967254131,0.050490666,0.916763465,1.235147345,0.073157211,15.93882762,0.921467289
SIPSEY,HWY14,2022,S8,33.040556,-88.113611,1991.700857,40-60_4,Opportunistic,Lampsilini,LORN,0,0,0,0,0,0,0,0,0,0,0,0,0,0,0,0,0,0,0,0,0,0,0,0,0,0,0,NA
SIPSEY,HWY14,2022,S8,33.040556,-88.113611,1991.700857,40-60_4,Periodic,Lampsilini,OREF,0.663708264,0.572590458,31.33721539,1.291093274,30.04612212,0.061197063,0.051582433,2.606998308,0.10740833,2.499589978,1.863683732,0.158990763,30.13723992,2.509204608,0.331854132,0.286295229,15.6686077,0.645546637,15.02306106,0.030598531,0.025791216,1.303499154,0.053704165,1.249794989,0.931841866,0.079495382,15.06861996,1.254602304
SIPSEY,HWY14,2022,S8,33.040556,-88.113611,1991.700857,40-60_4,Equilibrium,Pleurobemini,PDEC,3.79913157,3.137678405,208.4668467,11.40313652,197.0637102,0.283106947,0.232062985,15.48468612,0.847012331,14.63767379,14.54081492,1.079075316,197.7251634,14.68871775,1.899565785,1.568839202,104.2334234,5.701568258,98.5318551,0.141553473,0.116031492,7.742343062,0.423506165,7.318836896,7.27040746,0.539537658,98.86258168,7.344358877
SIPSEY,HWY14,2022,S8,33.040556,-88.113611,1991.700857,40-60_4,Equilibrium,Quadrulini,PKIE,4.275213512,3.804223649,152.2704707,11.35937711,140.9110936,0.297351016,0.265772926,9.969149833,0.743698578,9.225451255,15.16360076,1.009471504,141.3820834,9.257029345,2.137606756,1.902111824,76.13523535,5.679688557,70.45554679,0.148675508,0.132886463,4.984574917,0.371849289,4.612725628,7.581800381,0.504735752,70.69104172,4.628514673
SIPSEY,HWY14,2022,S8,33.040556,-88.113611,1991.700857,40-60_4,Periodic,Lampsilini,LSTR,0,0,0,0,0,0,0,0,0,0,0,0,0,0,0,0,0,0,0,0,0,0,0,0,0,0,0,NA
SIPSEY,HWY14,2022,S8,33.040556,-88.113611,1991.700857,40-60_4,Periodic,Lampsilini,MACU,0.017955955,0.013111386,0.226693514,0.013352248,0.213341266,0.017955955,0.013111386,0.226693514,0.013352248,0.213341266,0.026463634,0.026463634,0.218185835,0.218185835,0.008977978,0.006555693,0.113346757,0.006676124,0.106670633,0.008977978,0.006555693,0.113346757,0.006676124,0.106670633,0.013231817,0.013231817,0.109092917,0.109092917
SIPSEY,HWY14,2022,S8,33.040556,-88.113611,1991.700857,40-60_4,Periodic,Lampsilini,OUNI,0.475473592,0.368579183,19.27571976,1.15076047,18.12495929,0.068982425,0.055424533,3.097838404,0.184940953,2.912897452,1.519339653,0.240365486,18.2318537,2.926455344,0.237736796,0.184289592,9.63785988,0.575380235,9.062479645,0.034491213,0.027712266,1.548919202,0.092470476,1.456448726,0.759669826,0.120182743,9.115926849,1.463227672
SIPSEY,HWY14,2022,S8,33.040556,-88.113611,1991.700857,40-60_4,Equilibrium,Quadrulini,QVER,4.31417231,3.347133792,132.7902441,8.153320989,124.6369231,0.565206503,0.516735213,17.10782722,1.050420591,16.05740663,11.50045478,1.567155805,125.6039616,16.10587792,2.157086155,1.673566896,66.39512206,4.076660494,62.31846156,0.282603251,0.258367607,8.55391361,0.525210296,8.028703314,5.75022739,0.783577902,62.80198082,8.052938959
SIPSEY,HWY14,2022,S8,33.040556,-88.113611,1991.700857,40-60_4,Periodic,Pleurobemini,EARC,0,0,0,0,0,0,0,0,0,0,0,0,0,0,0,0,0,0,0,0,0,0,0,0,0,0,0,NA
SIPSEY,HWY14,2022,S8,33.040556,-88.113611,1991.700857,40-60_4,Equilibrium,Amblemini,APLI,0,0,0,0,0,0,0,0,0,0,0,0,0,0,0,0,0,0,0,0,0,0,0,0,0,0,0,NA
SIPSEY,HWY14,2022,S8,33.040556,-88.113611,1991.700857,40-60_4,Equilibrium,Pleurobemini,REBE,0,0,0,0,0,0,0,0,0,0,0,0,0,0,0,0,0,0,0,0,0,0,0,0,0,0,0,NA
SIPSEY,HWY14,2022,S8,33.040556,-88.113611,1991.700857,40-60_4,Equilibrium,Quadrulini,QQUA,0,0,0,0,0,0,0,0,0,0,0,0,0,0,0,0,0,0,0,0,0,0,0,0,0,0,0,NA
SIPSEY,HWY14,2022,S8,33.040556,-88.113611,1991.700857,40-60_4,Opportunistic,Lampsilini,TDON,0.056881119,0.047791516,0.860430725,0.052400231,0.808030494,0.056833158,0.04775122,0.859949968,0.052370953,0.807579015,0.100191747,0.100122173,0.817120097,0.816660954,0.02844056,0.023895758,0.430215362,0.026200116,0.404015247,0.028416579,0.02387561,0.429974984,0.026185477,0.403789508,0.050095874,0.050061086,0.408560048,0.408330477
SIPSEY,HWY14,2022,S8,33.040556,-88.113611,1991.700857,40-60_4,Equilibrium,Quadrulini,MNER,0,0,0,0,0,0,0,0,0,0,0,0,0,0,0,0,0,0,0,0,0,0,0,0,0,0,0,NA
SIPSEY,HWY14,2022,S8,33.040556,-88.113611,1991.700857,40-60_4,Periodic,Lampsilini,LLIE,0,0,0,0,0,0,0,0,0,0,0,0,0,0,0,0,0,0,0,0,0,0,0,0,0,0,0,NA
SIPSEY,HWY14,2022,S8,33.040556,-88.113611,1991.700857,40-60_4,Periodic,Lampsilini,ELIN,0.645028856,0.541953244,12.84904303,0.782506721,12.06653631,0.120891093,0.101572696,2.562845194,0.156077272,2.406767922,1.324459965,0.257649969,12.16961192,2.426086319,0.322514428,0.270976622,6.424521516,0.39125336,6.033268155,0.060445547,0.050786348,1.281422597,0.078038636,1.203383961,0.662229983,0.128824984,6.084805961,1.213043159
SIPSEY,HWY14,2022,S8,33.040556,-88.113611,1991.700857,40-60_4,Opportunistic,Lampsilini,PFRA,0,0,0,0,0,0,0,0,0,0,0,0,0,0,0,0,0,0,0,0,0,0,0,0,0,0,0,NA
SIPSEY,HWY14,2022,S8,33.040556,-88.113611,1991.700857,40-60_4,Opportunistic,Lampsilini,LREC,0,0,0,0,0,0,0,0,0,0,0,0,0,0,0,0,0,0,0,0,0,0,0,0,0,0,0,NA
SIPSEY,HWY14,2022,S8,33.040556,-88.113611,1991.700857,40-60_4,Periodic,Lampsilini,OARK,0,0,0,0,0,0,0,0,0,0,0,0,0,0,0,0,0,0,0,0,0,0,0,0,0,0,0,NA
SIPSEY,HWY14,2022,S8,33.040556,-88.113611,1991.700857,40-60_4,Opportunistic,Lampsilini,PINF,0,0,0,0,0,0,0,0,0,0,0,0,0,0,0,0,0,0,0,0,0,0,0,0,0,0,0,NA
SIPSEY,HWY14,2022,S8,33.040556,-88.113611,1991.700857,40-60_4,Equilibrium,Pleurobemini,PPER,0,0,0,0,0,0,0,0,0,0,0,0,0,0,0,0,0,0,0,0,0,0,0,0,0,0,0,NA
SIPSEY,HWY14,2022,S8,33.040556,-88.113611,1991.700857,40-60_4,Opportunistic,Lampsilini,LTER,0,0,0,0,0,0,0,0,0,0,0,0,0,0,0,0,0,0,0,0,0,0,0,0,0,0,0,NA
SIPSEY,HWY14,2022,S8,33.040556,-88.113611,1991.700857,40-60_4,Periodic,Alasmodontini,SSUB,0,0,0,0,0,0,0,0,0,0,0,0,0,0,0,0,0,0,0,0,0,0,0,0,0,0,0,NA
SIPSEY,HWY14,2022,S8,33.040556,-88.113611,1991.700857,40-60_4,Opportunistic,Lampsilini,TPAR,0,0,0,0,0,0,0,0,0,0,0,0,0,0,0,0,0,0,0,0,0,0,0,0,0,0,0,NA
SIPSEY,HWY14,2022,S8,33.040556,-88.113611,1991.700857,40-60_4,Opportunistic,Lampsilini,PPUR,0,0,0,0,0,0,0,0,0,0,0,0,0,0,0,0,0,0,0,0,0,0,0,0,0,0,0,NA
SIPSEY,HWY14,2022,S8,33.040556,-88.113611,1991.700857,40-60_4,Periodic,Lampsilini,HPER,0,0,0,0,0,0,0,0,0,0,0,0,0,0,0,0,0,0,0,0,0,0,0,0,0,0,0,NA
SIPSEY,HWY14,2022,S8,33.040556,-88.113611,1991.700857,40-60_4,Periodic,Lampsilini,VVIB,0,0,0,0,0,0,0,0,0,0,0,0,0,0,0,0,0,0,0,0,0,0,0,0,0,0,0,NA
SIPSEY,HWY14,2022,S8,33.040556,-88.113611,1991.700857,40-60_4,Periodic,Pleurobemini,ECRA,0,0,0,0,0,0,0,0,0,0,0,0,0,0,0,0,0,0,0,0,0,0,0,0,0,0,0,NA
SIPSEY,HWY14,2022,S8,33.040556,-88.113611,1991.700857,40-60_4,Opportunistic,Lampsilini,TTRU,0,0,0,0,0,0,0,0,0,0,0,0,0,0,0,0,0,0,0,0,0,0,0,0,0,0,0,NA
SIPSEY,HWY14,2022,S8,33.040556,-88.113611,1991.700857,40-60_4,NA,Lampsilini,LAMP,0,0,0,0,0,0,0,0,0,0,0,0,0,0,0,0,0,0,0,0,0,0,0,0,0,0,0,NA
SIPSEY,HWY14,2022,S8,33.040556,-88.113611,1991.700857,40-60_4,Periodic,Anodontini,LCOM,0,0,0,0,0,0,0,0,0,0,0,0,0,0,0,0,0,0,0,0,0,0,0,0,0,0,0,NA
SIPSEY,HWY14,2022,S8,33.040556,-88.113611,1991.700857,60-80_10,NA,Corbicula,CFLU,0.029716947,0.019628875,0.782876501,0.022781706,0.760094795,0.029716947,0.019628875,0.782876501,0.022781706,0.760094795,0.042410582,0.042410582,0.770182867,0.770182867,0.013207532,0.008723945,0.347945112,0.010125203,0.337819909,0.013207532,0.008723945,0.347945112,0.010125203,0.337819909,0.018849147,0.018849147,0.342303496,0.342303496
SIPSEY,HWY14,2022,S8,33.040556,-88.113611,1991.700857,60-80_10,Equilibrium,Pleurobemini,FCER,0.393799777,0.347506897,17.16737628,0.896137042,16.27123924,0.091992529,0.078583996,3.592902883,0.18754953,3.405353352,1.243643939,0.266133527,16.31753212,3.418761885,0.175022123,0.15444751,7.629945014,0.39828313,7.231661884,0.040885568,0.034926221,1.596845726,0.083355347,1.513490379,0.55273064,0.118281567,7.252236497,1.519449727
SIPSEY,HWY14,2022,S8,33.040556,-88.113611,1991.700857,60-80_10,Opportunistic,Lampsilini,LORN,6.592577697,4.986368544,77.44915687,8.96086745,68.48828942,0.472061034,0.365031269,5.867514984,0.678871484,5.188643501,13.94723599,1.043902753,70.09449857,5.295673265,2.930034532,2.216163797,34.4218475,3.982607756,30.43923974,0.209804904,0.16223612,2.607784437,0.301720659,2.306063778,6.198771553,0.463956779,31.15311048,2.353632562
SIPSEY,HWY14,2022,S8,33.040556,-88.113611,1991.700857,60-80_10,Periodic,Lampsilini,OREF,0,0,0,0,0,0,0,0,0,0,0,0,0,0,0,0,0,0,0,0,0,0,0,0,0,0,0,NA
SIPSEY,HWY14,2022,S8,33.040556,-88.113611,1991.700857,60-80_10,Equilibrium,Pleurobemini,PDEC,1.41217054,1.165069391,77.45275067,4.236665462,73.21608521,0.123025212,0.102597554,6.778876808,0.370804561,6.408072247,5.401734853,0.473402115,73.46318636,6.428499905,0.627631351,0.517808618,34.42344474,1.882962427,32.54048232,0.054677872,0.045598913,3.012834137,0.164802027,2.84803211,2.400771046,0.21040094,32.65030505,2.857111069
SIPSEY,HWY14,2022,S8,33.040556,-88.113611,1991.700857,60-80_10,Equilibrium,Quadrulini,PKIE,3.372862911,2.995019562,123.6803693,9.226555549,114.4538137,0.363690302,0.323106132,13.2445637,0.988044452,12.25651925,12.22157511,1.311150584,114.8316571,12.29710342,1.499050183,1.331119805,54.96905302,4.100691355,50.86836166,0.161640134,0.143602725,5.886472756,0.439130868,5.447341888,5.431811161,0.582733593,51.03629204,5.465379297
SIPSEY,HWY14,2022,S8,33.040556,-88.113611,1991.700857,60-80_10,Periodic,Lampsilini,LSTR,0,0,0,0,0,0,0,0,0,0,0,0,0,0,0,0,0,0,0,0,0,0,0,0,0,0,0,NA
SIPSEY,HWY14,2022,S8,33.040556,-88.113611,1991.700857,60-80_10,Periodic,Lampsilini,MACU,0.014466634,0.01035472,0.183358854,0.010799837,0.172559018,0.014466634,0.01035472,0.183358854,0.010799837,0.172559018,0.021154556,0.021154556,0.176670932,0.176670932,0.006429615,0.004602098,0.081492824,0.004799927,0.076692897,0.006429615,0.004602098,0.081492824,0.004799927,0.076692897,0.009402025,0.009402025,0.078520414,0.078520414
SIPSEY,HWY14,2022,S8,33.040556,-88.113611,1991.700857,60-80_10,Periodic,Lampsilini,OUNI,1.674288316,1.311870279,70.22066137,4.192173484,66.02848788,0.168036547,0.130686114,6.892313521,0.411471117,6.480842404,5.504043763,0.542157231,66.39090592,6.518192837,0.74412814,0.583053457,31.20918283,1.863188215,29.34599461,0.07468291,0.058082717,3.063250454,0.182876052,2.880374402,2.446241672,0.240958769,29.5070693,2.896974594
SIPSEY,HWY14,2022,S8,33.040556,-88.113611,1991.700857,60-80_10,Equilibrium,Quadrulini,QVER,0,0,0,0,0,0,0,0,0,0,0,0,0,0,0,0,0,0,0,0,0,0,0,0,0,0,0,NA
SIPSEY,HWY14,2022,S8,33.040556,-88.113611,1991.700857,60-80_10,Periodic,Pleurobemini,EARC,0,0,0,0,0,0,0,0,0,0,0,0,0,0,0,0,0,0,0,0,0,0,0,0,0,0,0,NA
SIPSEY,HWY14,2022,S8,33.040556,-88.113611,1991.700857,60-80_10,Equilibrium,Amblemini,APLI,0,0,0,0,0,0,0,0,0,0,0,0,0,0,0,0,0,0,0,0,0,0,0,0,0,0,0,NA
SIPSEY,HWY14,2022,S8,33.040556,-88.113611,1991.700857,60-80_10,Equilibrium,Pleurobemini,REBE,0,0,0,0,0,0,0,0,0,0,0,0,0,0,0,0,0,0,0,0,0,0,0,0,0,0,0,NA
SIPSEY,HWY14,2022,S8,33.040556,-88.113611,1991.700857,60-80_10,Equilibrium,Quadrulini,QQUA,0,0,0,0,0,0,0,0,0,0,0,0,0,0,0,0,0,0,0,0,0,0,0,0,0,0,0,NA
SIPSEY,HWY14,2022,S8,33.040556,-88.113611,1991.700857,60-80_10,Opportunistic,Lampsilini,TDON,0.004072512,0.003421724,0.05635795,0.003432199,0.052925751,0.004072512,0.003421724,0.05635795,0.003432199,0.052925751,0.006853924,0.006853924,0.053576538,0.053576538,0.001810005,0.001520766,0.025047978,0.001525422,0.023522556,0.001810005,0.001520766,0.025047978,0.001525422,0.023522556,0.003046188,0.003046188,0.023811795,0.023811795
SIPSEY,HWY14,2022,S8,33.040556,-88.113611,1991.700857,60-80_10,Equilibrium,Quadrulini,MNER,0,0,0,0,0,0,0,0,0,0,0,0,0,0,0,0,0,0,0,0,0,0,0,0,0,0,0,NA
SIPSEY,HWY14,2022,S8,33.040556,-88.113611,1991.700857,60-80_10,Periodic,Lampsilini,LLIE,0,0,0,0,0,0,0,0,0,0,0,0,0,0,0,0,0,0,0,0,0,0,0,0,0,0,0,NA
SIPSEY,HWY14,2022,S8,33.040556,-88.113611,1991.700857,60-80_10,Periodic,Lampsilini,ELIN,0,0,0,0,0,0,0,0,0,0,0,0,0,0,0,0,0,0,0,0,0,0,0,0,0,0,0,NA
SIPSEY,HWY14,2022,S8,33.040556,-88.113611,1991.700857,60-80_10,Opportunistic,Lampsilini,PFRA,0,0,0,0,0,0,0,0,0,0,0,0,0,0,0,0,0,0,0,0,0,0,0,0,0,0,0,NA
SIPSEY,HWY14,2022,S8,33.040556,-88.113611,1991.700857,60-80_10,Opportunistic,Lampsilini,LREC,0,0,0,0,0,0,0,0,0,0,0,0,0,0,0,0,0,0,0,0,0,0,0,0,0,0,0,NA
SIPSEY,HWY14,2022,S8,33.040556,-88.113611,1991.700857,60-80_10,Periodic,Lampsilini,OARK,0,0,0,0,0,0,0,0,0,0,0,0,0,0,0,0,0,0,0,0,0,0,0,0,0,0,0,NA
SIPSEY,HWY14,2022,S8,33.040556,-88.113611,1991.700857,60-80_10,Opportunistic,Lampsilini,PINF,0,0,0,0,0,0,0,0,0,0,0,0,0,0,0,0,0,0,0,0,0,0,0,0,0,0,0,NA
SIPSEY,HWY14,2022,S8,33.040556,-88.113611,1991.700857,60-80_10,Equilibrium,Pleurobemini,PPER,0,0,0,0,0,0,0,0,0,0,0,0,0,0,0,0,0,0,0,0,0,0,0,0,0,0,0,NA
SIPSEY,HWY14,2022,S8,33.040556,-88.113611,1991.700857,60-80_10,Opportunistic,Lampsilini,LTER,0,0,0,0,0,0,0,0,0,0,0,0,0,0,0,0,0,0,0,0,0,0,0,0,0,0,0,NA
SIPSEY,HWY14,2022,S8,33.040556,-88.113611,1991.700857,60-80_10,Periodic,Alasmodontini,SSUB,0,0,0,0,0,0,0,0,0,0,0,0,0,0,0,0,0,0,0,0,0,0,0,0,0,0,0,NA
SIPSEY,HWY14,2022,S8,33.040556,-88.113611,1991.700857,60-80_10,Opportunistic,Lampsilini,TPAR,0,0,0,0,0,0,0,0,0,0,0,0,0,0,0,0,0,0,0,0,0,0,0,0,0,0,0,NA
SIPSEY,HWY14,2022,S8,33.040556,-88.113611,1991.700857,60-80_10,Opportunistic,Lampsilini,PPUR,0,0,0,0,0,0,0,0,0,0,0,0,0,0,0,0,0,0,0,0,0,0,0,0,0,0,0,NA
SIPSEY,HWY14,2022,S8,33.040556,-88.113611,1991.700857,60-80_10,Periodic,Lampsilini,HPER,0,0,0,0,0,0,0,0,0,0,0,0,0,0,0,0,0,0,0,0,0,0,0,0,0,0,0,NA
SIPSEY,HWY14,2022,S8,33.040556,-88.113611,1991.700857,60-80_10,Periodic,Lampsilini,VVIB,0,0,0,0,0,0,0,0,0,0,0,0,0,0,0,0,0,0,0,0,0,0,0,0,0,0,0,NA
SIPSEY,HWY14,2022,S8,33.040556,-88.113611,1991.700857,60-80_10,Periodic,Pleurobemini,ECRA,0,0,0,0,0,0,0,0,0,0,0,0,0,0,0,0,0,0,0,0,0,0,0,0,0,0,0,NA
SIPSEY,HWY14,2022,S8,33.040556,-88.113611,1991.700857,60-80_10,Opportunistic,Lampsilini,TTRU,0,0,0,0,0,0,0,0,0,0,0,0,0,0,0,0,0,0,0,0,0,0,0,0,0,0,0,NA
SIPSEY,HWY14,2022,S8,33.040556,-88.113611,1991.700857,60-80_10,NA,Lampsilini,LAMP,0,0,0,0,0,0,0,0,0,0,0,0,0,0,0,0,0,0,0,0,0,0,0,0,0,0,0,NA
SIPSEY,HWY14,2022,S8,33.040556,-88.113611,1991.700857,60-80_10,Periodic,Anodontini,LCOM,0,0,0,0,0,0,0,0,0,0,0,0,0,0,0,0,0,0,0,0,0,0,0,0,0,0,0,NA
SIPSEY,HWY14,2022,S8,33.040556,-88.113611,1991.700857,60-80_15,NA,Corbicula,CFLU,0.031773975,0.024147251,1.178832737,0.034304033,1.144528704,0.019697043,0.015414036,0.784469154,0.022828052,0.761641101,0.058451284,0.038242088,1.152155428,0.765924109,0.018156557,0.013798429,0.673618707,0.019602304,0.654016402,0.011255453,0.00880802,0.448268088,0.013044601,0.435223487,0.033400734,0.021852622,0.65837453,0.437670919
SIPSEY,HWY14,2022,S8,33.040556,-88.113611,1991.700857,60-80_15,Equilibrium,Pleurobemini,FCER,0.943877009,0.806808331,37.13426526,1.938408647,35.19585661,0.039312874,0.032404406,1.368473313,0.071434307,1.297039006,2.745216977,0.103838713,35.33292529,1.303947473,0.539358291,0.461033332,21.21958015,1.107662084,20.11191806,0.022464499,0.018516804,0.78198475,0.040819604,0.741165146,1.568695416,0.059336408,20.19024302,0.745112842
SIPSEY,HWY14,2022,S8,33.040556,-88.113611,1991.700857,60-80_15,Opportunistic,Lampsilini,LORN,0,0,0,0,0,0,0,0,0,0,0,0,0,0,0,0,0,0,0,0,0,0,0,0,0,0,0,NA
SIPSEY,HWY14,2022,S8,33.040556,-88.113611,1991.700857,60-80_15,Periodic,Lampsilini,OREF,3.795018305,3.222408093,167.5340054,6.902401021,160.6316043,0.004785505,0.003991305,0.194943683,0.00803168,0.186912004,10.12480911,0.012022985,161.2042145,0.187706204,2.168581888,1.841376053,95.73371735,3.944229155,91.78948819,0.002734574,0.002280746,0.111396391,0.004589531,0.106806859,5.785605208,0.006870277,92.11669403,0.107260688
SIPSEY,HWY14,2022,S8,33.040556,-88.113611,1991.700857,60-80_15,Equilibrium,Pleurobemini,PDEC,0.078804858,0.067381862,4.389338087,0.240096793,4.149241294,0.055381929,0.04710153,3.077635232,0.168346647,2.909288585,0.307478656,0.215448177,4.160664289,2.917568984,0.045031347,0.038503921,2.508193193,0.137198168,2.370995025,0.031646816,0.02691516,1.758648704,0.096198084,1.66245062,0.175702089,0.123113244,2.377522451,1.667182276
SIPSEY,HWY14,2022,S8,33.040556,-88.113611,1991.700857,60-80_15,Equilibrium,Quadrulini,PKIE,1.898539345,1.688971546,67.72979163,5.052642455,62.67714917,0.135634523,0.121776749,4.261114061,0.317879109,3.943234952,6.741614001,0.439655858,62.88671697,3.957092726,1.084879626,0.965126598,38.70273807,2.88722426,35.81551381,0.077505442,0.069586714,2.434922321,0.181645205,2.253277116,3.852350858,0.251231919,35.93526684,2.261195843
SIPSEY,HWY14,2022,S8,33.040556,-88.113611,1991.700857,60-80_15,Periodic,Lampsilini,LSTR,0,0,0,0,0,0,0,0,0,0,0,0,0,0,0,0,0,0,0,0,0,0,0,0,0,0,0,NA
SIPSEY,HWY14,2022,S8,33.040556,-88.113611,1991.700857,60-80_15,Periodic,Lampsilini,MACU,0.002863161,0.001968747,0.036580745,0.002154606,0.03442614,0.002863161,0.001968747,0.036580745,0.002154606,0.03442614,0.004123353,0.004123353,0.035320553,0.035320553,0.001636092,0.001124998,0.020903283,0.001231203,0.01967208,0.001636092,0.001124998,0.020903283,0.001231203,0.01967208,0.002356201,0.002356201,0.020183173,0.020183173
SIPSEY,HWY14,2022,S8,33.040556,-88.113611,1991.700857,60-80_15,Periodic,Lampsilini,OUNI,0.182304328,0.136053409,6.601943819,0.394136046,6.207807773,0.062378494,0.048025525,2.46788556,0.147332768,2.320552792,0.530189455,0.195358293,6.254058692,2.334905761,0.104173902,0.077744805,3.772539325,0.225220598,3.547318728,0.035644854,0.027443157,1.41022032,0.084190153,1.326030167,0.302965403,0.11163331,3.573747824,1.334231864
SIPSEY,HWY14,2022,S8,33.040556,-88.113611,1991.700857,60-80_15,Equilibrium,Quadrulini,QVER,0,0,0,0,0,0,0,0,0,0,0,0,0,0,0,0,0,0,0,0,0,0,0,0,0,0,0,NA
SIPSEY,HWY14,2022,S8,33.040556,-88.113611,1991.700857,60-80_15,Periodic,Pleurobemini,EARC,0,0,0,0,0,0,0,0,0,0,0,0,0,0,0,0,0,0,0,0,0,0,0,0,0,0,0,NA
SIPSEY,HWY14,2022,S8,33.040556,-88.113611,1991.700857,60-80_15,Equilibrium,Amblemini,APLI,0,0,0,0,0,0,0,0,0,0,0,0,0,0,0,0,0,0,0,0,0,0,0,0,0,0,0,NA
SIPSEY,HWY14,2022,S8,33.040556,-88.113611,1991.700857,60-80_15,Equilibrium,Pleurobemini,REBE,0,0,0,0,0,0,0,0,0,0,0,0,0,0,0,0,0,0,0,0,0,0,0,0,0,0,0,NA
SIPSEY,HWY14,2022,S8,33.040556,-88.113611,1991.700857,60-80_15,Equilibrium,Quadrulini,QQUA,0,0,0,0,0,0,0,0,0,0,0,0,0,0,0,0,0,0,0,0,0,0,0,0,0,0,0,NA
SIPSEY,HWY14,2022,S8,33.040556,-88.113611,1991.700857,60-80_15,Opportunistic,Lampsilini,TDON,0.007317132,0.006147854,0.105617343,0.006432096,0.099185247,0.007317132,0.006147854,0.105617343,0.006432096,0.099185247,0.01257995,0.01257995,0.100354524,0.100354524,0.004181218,0.003513059,0.060352767,0.003675484,0.056677284,0.004181218,0.003513059,0.060352767,0.003675484,0.056677284,0.007188543,0.007188543,0.057345442,0.057345442
SIPSEY,HWY14,2022,S8,33.040556,-88.113611,1991.700857,60-80_15,Equilibrium,Quadrulini,MNER,0,0,0,0,0,0,0,0,0,0,0,0,0,0,0,0,0,0,0,0,0,0,0,0,0,0,0,NA
SIPSEY,HWY14,2022,S8,33.040556,-88.113611,1991.700857,60-80_15,Periodic,Lampsilini,LLIE,0,0,0,0,0,0,0,0,0,0,0,0,0,0,0,0,0,0,0,0,0,0,0,0,0,0,0,NA
SIPSEY,HWY14,2022,S8,33.040556,-88.113611,1991.700857,60-80_15,Periodic,Lampsilini,ELIN,0.273175868,0.229522364,5.115626045,0.311541626,4.804084419,0.120912652,0.10159081,2.381646179,0.145042252,2.236603926,0.54106399,0.246633063,4.847737922,2.255925768,0.156100496,0.131155637,2.923214883,0.178023786,2.745191096,0.069092944,0.058051892,1.360940674,0.082881287,1.278059387,0.309179423,0.140933179,2.770135956,1.289100439
SIPSEY,HWY14,2022,S8,33.040556,-88.113611,1991.700857,60-80_15,Opportunistic,Lampsilini,PFRA,0,0,0,0,0,0,0,0,0,0,0,0,0,0,0,0,0,0,0,0,0,0,0,0,0,0,0,NA
SIPSEY,HWY14,2022,S8,33.040556,-88.113611,1991.700857,60-80_15,Opportunistic,Lampsilini,LREC,0,0,0,0,0,0,0,0,0,0,0,0,0,0,0,0,0,0,0,0,0,0,0,0,0,0,0,NA
SIPSEY,HWY14,2022,S8,33.040556,-88.113611,1991.700857,60-80_15,Periodic,Lampsilini,OARK,0,0,0,0,0,0,0,0,0,0,0,0,0,0,0,0,0,0,0,0,0,0,0,0,0,0,0,NA
SIPSEY,HWY14,2022,S8,33.040556,-88.113611,1991.700857,60-80_15,Opportunistic,Lampsilini,PINF,0,0,0,0,0,0,0,0,0,0,0,0,0,0,0,0,0,0,0,0,0,0,0,0,0,0,0,NA
SIPSEY,HWY14,2022,S8,33.040556,-88.113611,1991.700857,60-80_15,Equilibrium,Pleurobemini,PPER,0,0,0,0,0,0,0,0,0,0,0,0,0,0,0,0,0,0,0,0,0,0,0,0,0,0,0,NA
SIPSEY,HWY14,2022,S8,33.040556,-88.113611,1991.700857,60-80_15,Opportunistic,Lampsilini,LTER,0,0,0,0,0,0,0,0,0,0,0,0,0,0,0,0,0,0,0,0,0,0,0,0,0,0,0,NA
SIPSEY,HWY14,2022,S8,33.040556,-88.113611,1991.700857,60-80_15,Periodic,Alasmodontini,SSUB,0,0,0,0,0,0,0,0,0,0,0,0,0,0,0,0,0,0,0,0,0,0,0,0,0,0,0,NA
SIPSEY,HWY14,2022,S8,33.040556,-88.113611,1991.700857,60-80_15,Opportunistic,Lampsilini,TPAR,0,0,0,0,0,0,0,0,0,0,0,0,0,0,0,0,0,0,0,0,0,0,0,0,0,0,0,NA
SIPSEY,HWY14,2022,S8,33.040556,-88.113611,1991.700857,60-80_15,Opportunistic,Lampsilini,PPUR,0,0,0,0,0,0,0,0,0,0,0,0,0,0,0,0,0,0,0,0,0,0,0,0,0,0,0,NA
SIPSEY,HWY14,2022,S8,33.040556,-88.113611,1991.700857,60-80_15,Periodic,Lampsilini,HPER,3.013434383,2.32828964,54.64369857,3.333265613,51.31043295,0,0,0,0,0,5.661555253,0,51.9955777,0,1.721962505,1.330451223,31.22497061,1.904723207,29.3202474,0,0,0,0,0,3.23517443,0,29.71175868,0
SIPSEY,HWY14,2022,S8,33.040556,-88.113611,1991.700857,60-80_15,Periodic,Lampsilini,VVIB,0,0,0,0,0,0,0,0,0,0,0,0,0,0,0,0,0,0,0,0,0,0,0,0,0,0,0,NA
SIPSEY,HWY14,2022,S8,33.040556,-88.113611,1991.700857,60-80_15,Periodic,Pleurobemini,ECRA,0,0,0,0,0,0,0,0,0,0,0,0,0,0,0,0,0,0,0,0,0,0,0,0,0,0,0,NA
SIPSEY,HWY14,2022,S8,33.040556,-88.113611,1991.700857,60-80_15,Opportunistic,Lampsilini,TTRU,0,0,0,0,0,0,0,0,0,0,0,0,0,0,0,0,0,0,0,0,0,0,0,0,0,0,0,NA
SIPSEY,HWY14,2022,S8,33.040556,-88.113611,1991.700857,60-80_15,NA,Lampsilini,LAMP,0,0,0,0,0,0,0,0,0,0,0,0,0,0,0,0,0,0,0,0,0,0,0,0,0,0,0,NA
SIPSEY,HWY14,2022,S8,33.040556,-88.113611,1991.700857,60-80_15,Periodic,Anodontini,LCOM,0,0,0,0,0,0,0,0,0,0,0,0,0,0,0,0,0,0,0,0,0,0,0,0,0,0,0,NA
SIPSEY,HWY14,2022,S8,33.040556,-88.113611,1991.700857,60-80_18,NA,Corbicula,CFLU,0.017866009,0.012056212,0.495556153,0.014420684,0.481135469,0.017866009,0.012056212,0.495556153,0.014420684,0.481135469,0.026476896,0.026476896,0.486945266,0.486945266,0.011910673,0.008037474,0.330370768,0.009613789,0.320756979,0.011910673,0.008037474,0.330370768,0.009613789,0.320756979,0.017651264,0.017651264,0.324630177,0.324630177
SIPSEY,HWY14,2022,S8,33.040556,-88.113611,1991.700857,60-80_18,Equilibrium,Pleurobemini,FCER,0,0,0,0,0,0,0,0,0,0,0,0,0,0,0,0,0,0,0,0,0,0,0,0,0,0,0,NA
SIPSEY,HWY14,2022,S8,33.040556,-88.113611,1991.700857,60-80_18,Opportunistic,Lampsilini,LORN,1.88435576,1.502584629,14.18703432,1.641439871,12.54559445,0.530840458,0.386489018,6.249493025,0.723066343,5.526426682,3.1440245,1.109555361,12.92736558,5.670778121,1.256237174,1.001723086,9.45802288,1.094293247,8.363729633,0.353893639,0.257659346,4.166328683,0.482044229,3.684284454,2.096016333,0.739703574,8.618243721,3.780518747
SIPSEY,HWY14,2022,S8,33.040556,-88.113611,1991.700857,60-80_18,Periodic,Lampsilini,OREF,0,0,0,0,0,0,0,0,0,0,0,0,0,0,0,0,0,0,0,0,0,0,0,0,0,0,0,NA
SIPSEY,HWY14,2022,S8,33.040556,-88.113611,1991.700857,60-80_18,Equilibrium,Pleurobemini,PDEC,0.292205553,0.243470471,16.09502743,0.880398001,15.21462943,0.061256531,0.050794515,3.367018113,0.184175891,3.182842222,1.123868472,0.234970406,15.26336452,3.193304238,0.194803702,0.162313648,10.73001829,0.586932,10.14308629,0.040837687,0.03386301,2.244678742,0.122783927,2.121894815,0.749245648,0.156646937,10.17557634,2.128869492
SIPSEY,HWY14,2022,S8,33.040556,-88.113611,1991.700857,60-80_18,Equilibrium,Quadrulini,PKIE,2.826481497,2.511585997,102.964632,7.68116155,95.28347049,0.312597515,0.277053096,11.64414284,0.868653056,10.77548978,10.19274755,1.145706152,95.59836599,10.8110342,1.884320998,1.674390665,68.64308803,5.120774367,63.52231366,0.208398343,0.184702064,7.762761891,0.579102037,7.183659854,6.795165031,0.763804101,63.73224399,7.207356133
SIPSEY,HWY14,2022,S8,33.040556,-88.113611,1991.700857,60-80_18,Periodic,Lampsilini,LSTR,0,0,0,0,0,0,0,0,0,0,0,0,0,0,0,0,0,0,0,0,0,0,0,0,0,0,0,NA
SIPSEY,HWY14,2022,S8,33.040556,-88.113611,1991.700857,60-80_18,Periodic,Lampsilini,MACU,0.00652721,0.0047534,0.082438984,0.004855656,0.077583328,0.00652721,0.0047534,0.082438984,0.004855656,0.077583328,0.009609056,0.009609056,0.079357138,0.079357138,0.004351473,0.003168933,0.054959323,0.003237104,0.051722219,0.004351473,0.003168933,0.054959323,0.003237104,0.051722219,0.006406037,0.006406037,0.052904759,0.052904759
SIPSEY,HWY14,2022,S8,33.040556,-88.113611,1991.700857,60-80_18,Periodic,Lampsilini,OUNI,0.62170135,0.487078917,26.01206801,1.55292046,24.45914755,0.058246457,0.047350721,2.708468352,0.161695561,2.546772791,2.039999377,0.209046281,24.59376998,2.557668527,0.414467567,0.324719278,17.34137867,1.035280307,16.30609836,0.038830971,0.031567147,1.805645568,0.10779704,1.697848528,1.359999585,0.139364188,16.39584665,1.705112352
SIPSEY,HWY14,2022,S8,33.040556,-88.113611,1991.700857,60-80_18,Equilibrium,Quadrulini,QVER,3.551830743,3.049807168,108.3206054,6.650885172,101.6697202,0.138954835,0.144314446,4.157349055,0.255261232,3.902087823,9.700692339,0.399575678,102.1717438,3.896728212,2.367887162,2.033204778,72.21373693,4.433923448,67.77981349,0.092636557,0.096209631,2.771566036,0.170174155,2.601391882,6.467128226,0.266383785,68.11449587,2.597818808
SIPSEY,HWY14,2022,S8,33.040556,-88.113611,1991.700857,60-80_18,Periodic,Pleurobemini,EARC,0,0,0,0,0,0,0,0,0,0,0,0,0,0,0,0,0,0,0,0,0,0,0,0,0,0,0,NA
SIPSEY,HWY14,2022,S8,33.040556,-88.113611,1991.700857,60-80_18,Equilibrium,Amblemini,APLI,0,0,0,0,0,0,0,0,0,0,0,0,0,0,0,0,0,0,0,0,0,0,0,0,0,0,0,NA
SIPSEY,HWY14,2022,S8,33.040556,-88.113611,1991.700857,60-80_18,Equilibrium,Pleurobemini,REBE,0,0,0,0,0,0,0,0,0,0,0,0,0,0,0,0,0,0,0,0,0,0,0,0,0,0,0,NA
SIPSEY,HWY14,2022,S8,33.040556,-88.113611,1991.700857,60-80_18,Equilibrium,Quadrulini,QQUA,0,0,0,0,0,0,0,0,0,0,0,0,0,0,0,0,0,0,0,0,0,0,0,0,0,0,0,NA
SIPSEY,HWY14,2022,S8,33.040556,-88.113611,1991.700857,60-80_18,Opportunistic,Lampsilini,TDON,0,0,0,0,0,0,0,0,0,0,0,0,0,0,0,0,0,0,0,0,0,0,0,0,0,0,0,NA
SIPSEY,HWY14,2022,S8,33.040556,-88.113611,1991.700857,60-80_18,Equilibrium,Quadrulini,MNER,0,0,0,0,0,0,0,0,0,0,0,0,0,0,0,0,0,0,0,0,0,0,0,0,0,0,0,NA
SIPSEY,HWY14,2022,S8,33.040556,-88.113611,1991.700857,60-80_18,Periodic,Lampsilini,LLIE,0,0,0,0,0,0,0,0,0,0,0,0,0,0,0,0,0,0,0,0,0,0,0,0,0,0,0,NA
SIPSEY,HWY14,2022,S8,33.040556,-88.113611,1991.700857,60-80_18,Periodic,Lampsilini,ELIN,0,0,0,0,0,0,0,0,0,0,0,0,0,0,0,0,0,0,0,0,0,0,0,0,0,0,0,NA
SIPSEY,HWY14,2022,S8,33.040556,-88.113611,1991.700857,60-80_18,Opportunistic,Lampsilini,PFRA,0,0,0,0,0,0,0,0,0,0,0,0,0,0,0,0,0,0,0,0,0,0,0,0,0,0,0,NA
SIPSEY,HWY14,2022,S8,33.040556,-88.113611,1991.700857,60-80_18,Opportunistic,Lampsilini,LREC,0,0,0,0,0,0,0,0,0,0,0,0,0,0,0,0,0,0,0,0,0,0,0,0,0,0,0,NA
SIPSEY,HWY14,2022,S8,33.040556,-88.113611,1991.700857,60-80_18,Periodic,Lampsilini,OARK,0,0,0,0,0,0,0,0,0,0,0,0,0,0,0,0,0,0,0,0,0,0,0,0,0,0,0,NA
SIPSEY,HWY14,2022,S8,33.040556,-88.113611,1991.700857,60-80_18,Opportunistic,Lampsilini,PINF,0,0,0,0,0,0,0,0,0,0,0,0,0,0,0,0,0,0,0,0,0,0,0,0,0,0,0,NA
SIPSEY,HWY14,2022,S8,33.040556,-88.113611,1991.700857,60-80_18,Equilibrium,Pleurobemini,PPER,0,0,0,0,0,0,0,0,0,0,0,0,0,0,0,0,0,0,0,0,0,0,0,0,0,0,0,NA
SIPSEY,HWY14,2022,S8,33.040556,-88.113611,1991.700857,60-80_18,Opportunistic,Lampsilini,LTER,0,0,0,0,0,0,0,0,0,0,0,0,0,0,0,0,0,0,0,0,0,0,0,0,0,0,0,NA
SIPSEY,HWY14,2022,S8,33.040556,-88.113611,1991.700857,60-80_18,Periodic,Alasmodontini,SSUB,0,0,0,0,0,0,0,0,0,0,0,0,0,0,0,0,0,0,0,0,0,0,0,0,0,0,0,NA
SIPSEY,HWY14,2022,S8,33.040556,-88.113611,1991.700857,60-80_18,Opportunistic,Lampsilini,TPAR,0,0,0,0,0,0,0,0,0,0,0,0,0,0,0,0,0,0,0,0,0,0,0,0,0,0,0,NA
SIPSEY,HWY14,2022,S8,33.040556,-88.113611,1991.700857,60-80_18,Opportunistic,Lampsilini,PPUR,0,0,0,0,0,0,0,0,0,0,0,0,0,0,0,0,0,0,0,0,0,0,0,0,0,0,0,NA
SIPSEY,HWY14,2022,S8,33.040556,-88.113611,1991.700857,60-80_18,Periodic,Lampsilini,HPER,0,0,0,0,0,0,0,0,0,0,0,0,0,0,0,0,0,0,0,0,0,0,0,0,0,0,0,NA
SIPSEY,HWY14,2022,S8,33.040556,-88.113611,1991.700857,60-80_18,Periodic,Lampsilini,VVIB,0,0,0,0,0,0,0,0,0,0,0,0,0,0,0,0,0,0,0,0,0,0,0,0,0,0,0,NA
SIPSEY,HWY14,2022,S8,33.040556,-88.113611,1991.700857,60-80_18,Periodic,Pleurobemini,ECRA,0,0,0,0,0,0,0,0,0,0,0,0,0,0,0,0,0,0,0,0,0,0,0,0,0,0,0,NA
SIPSEY,HWY14,2022,S8,33.040556,-88.113611,1991.700857,60-80_18,Opportunistic,Lampsilini,TTRU,0,0,0,0,0,0,0,0,0,0,0,0,0,0,0,0,0,0,0,0,0,0,0,0,0,0,0,NA
SIPSEY,HWY14,2022,S8,33.040556,-88.113611,1991.700857,60-80_18,NA,Lampsilini,LAMP,0,0,0,0,0,0,0,0,0,0,0,0,0,0,0,0,0,0,0,0,0,0,0,0,0,0,0,NA
SIPSEY,HWY14,2022,S8,33.040556,-88.113611,1991.700857,60-80_18,Periodic,Anodontini,LCOM,0,0,0,0,0,0,0,0,0,0,0,0,0,0,0,0,0,0,0,0,0,0,0,0,0,0,0,NA
SIPSEY,HWY14,2022,S8,33.040556,-88.113611,1991.700857,60-80_4,NA,Corbicula,CFLU,0.034996817,0.024808694,1.093175461,0.031811406,1.061364055,0.022919885,0.016075478,0.698811878,0.020335426,0.678476452,0.056620099,0.036410904,1.071552178,0.685320858,0.015554141,0.011026086,0.48585576,0.014138403,0.471717358,0.010186615,0.007144657,0.310583057,0.009037967,0.30154509,0.025164489,0.016182624,0.476245413,0.304587048
SIPSEY,HWY14,2022,S8,33.040556,-88.113611,1991.700857,60-80_4,Equilibrium,Pleurobemini,FCER,0.096882523,0.089975593,4.979352909,0.259922222,4.719430687,0.05794258,0.05259052,2.751970152,0.143652842,2.60831731,0.349897815,0.196243362,4.726337616,2.61366937,0.043058899,0.039989153,2.213045737,0.115520987,2.09752475,0.025752258,0.023373565,1.223097845,0.063845708,1.159252138,0.15551014,0.087219272,2.100594496,1.161630831
SIPSEY,HWY14,2022,S8,33.040556,-88.113611,1991.700857,60-80_4,Opportunistic,Lampsilini,LORN,0,0,0,0,0,0,0,0,0,0,0,0,0,0,0,0,0,0,0,0,0,0,0,0,0,0,0,NA
SIPSEY,HWY14,2022,S8,33.040556,-88.113611,1991.700857,60-80_4,Periodic,Lampsilini,OREF,0,0,0,0,0,0,0,0,0,0,0,0,0,0,0,0,0,0,0,0,0,0,0,0,0,0,0,NA
SIPSEY,HWY14,2022,S8,33.040556,-88.113611,1991.700857,60-80_4,Equilibrium,Pleurobemini,PDEC,0.540083643,0.447349515,29.67256131,1.623089103,28.0494722,0.066114964,0.054779703,3.63285075,0.198716936,3.434133814,2.070438619,0.253496639,28.14220633,3.445469076,0.240037175,0.198822007,13.18780503,0.721372935,12.46643209,0.029384429,0.024346535,1.614600334,0.088318638,1.526281695,0.920194942,0.112665173,12.50764726,1.531319589
SIPSEY,HWY14,2022,S8,33.040556,-88.113611,1991.700857,60-80_4,Equilibrium,Quadrulini,PKIE,1.907565285,1.692584575,70.56601993,5.264225087,65.30179484,0.226210493,0.201330838,8.087782784,0.603348596,7.484434189,6.956809661,0.804679434,65.51677555,7.509313843,0.847806793,0.752259811,31.36267552,2.339655594,29.02301993,0.100537997,0.089480373,3.594570126,0.268154931,3.326415195,3.091915405,0.357635304,29.11856691,3.337472819
SIPSEY,HWY14,2022,S8,33.040556,-88.113611,1991.700857,60-80_4,Periodic,Lampsilini,LSTR,0,0,0,0,0,0,0,0,0,0,0,0,0,0,0,0,0,0,0,0,0,0,0,0,0,0,0,NA
SIPSEY,HWY14,2022,S8,33.040556,-88.113611,1991.700857,60-80_4,Periodic,Lampsilini,MACU,0.008237884,0.006097263,0.103706958,0.00610834,0.097598619,0.008237884,0.006097263,0.103706958,0.00610834,0.097598619,0.012205603,0.012205603,0.099739239,0.099739239,0.003661282,0.002709895,0.046091982,0.002714818,0.043377164,0.003661282,0.002709895,0.046091982,0.002714818,0.043377164,0.005424712,0.005424712,0.044328551,0.044328551
SIPSEY,HWY14,2022,S8,33.040556,-88.113611,1991.700857,60-80_4,Periodic,Lampsilini,OUNI,0.413467856,0.312161121,15.51544911,0.926272312,14.5891768,0.117076665,0.090492368,4.696389353,0.280374444,4.416014908,1.238433433,0.370866812,14.69048353,4.442599205,0.183763491,0.138738276,6.89575516,0.411676583,6.484078577,0.052034073,0.04021883,2.087284157,0.124610864,1.962673293,0.550414859,0.164829694,6.529103792,1.974488536
SIPSEY,HWY14,2022,S8,33.040556,-88.113611,1991.700857,60-80_4,Equilibrium,Quadrulini,QVER,0.188426755,0.086134307,6.082311441,0.373453922,5.708857519,0.138935242,0.069155108,4.442903213,0.272794257,4.170108956,0.459588229,0.341949365,5.811149967,4.23988909,0.083745224,0.038281914,2.703249529,0.165979521,2.537270008,0.061748997,0.030735604,1.97462365,0.121241892,1.853381758,0.204261435,0.151977496,2.582733319,1.884395151
SIPSEY,HWY14,2022,S8,33.040556,-88.113611,1991.700857,60-80_4,Periodic,Pleurobemini,EARC,0.372798268,0.309893872,10.61845508,0.524551681,10.0939034,0.135974121,0.113210153,4.23071745,0.208997442,4.021720008,0.834445553,0.322207595,10.1568078,4.044483976,0.165688119,0.13773061,4.719313371,0.233134081,4.48617929,0.060432943,0.050315624,1.880318867,0.092887752,1.787431115,0.37086469,0.143203376,4.514136799,1.797548434
SIPSEY,HWY14,2022,S8,33.040556,-88.113611,1991.700857,60-80_4,Equilibrium,Amblemini,APLI,0,0,0,0,0,0,0,0,0,0,0,0,0,0,0,0,0,0,0,0,0,0,0,0,0,0,0,NA
SIPSEY,HWY14,2022,S8,33.040556,-88.113611,1991.700857,60-80_4,Equilibrium,Pleurobemini,REBE,0,0,0,0,0,0,0,0,0,0,0,0,0,0,0,0,0,0,0,0,0,0,0,0,0,0,0,NA
SIPSEY,HWY14,2022,S8,33.040556,-88.113611,1991.700857,60-80_4,Equilibrium,Quadrulini,QQUA,0,0,0,0,0,0,0,0,0,0,0,0,0,0,0,0,0,0,0,0,0,0,0,0,0,0,0,NA
SIPSEY,HWY14,2022,S8,33.040556,-88.113611,1991.700857,60-80_4,Opportunistic,Lampsilini,TDON,0.004072512,0.003421724,0.05635795,0.003432199,0.052925751,0.004072512,0.003421724,0.05635795,0.003432199,0.052925751,0.006853924,0.006853924,0.053576538,0.053576538,0.001810005,0.001520766,0.025047978,0.001525422,0.023522556,0.001810005,0.001520766,0.025047978,0.001525422,0.023522556,0.003046188,0.003046188,0.023811795,0.023811795
SIPSEY,HWY14,2022,S8,33.040556,-88.113611,1991.700857,60-80_4,Equilibrium,Quadrulini,MNER,0,0,0,0,0,0,0,0,0,0,0,0,0,0,0,0,0,0,0,0,0,0,0,0,0,0,0,NA
SIPSEY,HWY14,2022,S8,33.040556,-88.113611,1991.700857,60-80_4,Periodic,Lampsilini,LLIE,0,0,0,0,0,0,0,0,0,0,0,0,0,0,0,0,0,0,0,0,0,0,0,0,0,0,0,NA
SIPSEY,HWY14,2022,S8,33.040556,-88.113611,1991.700857,60-80_4,Periodic,Lampsilini,ELIN,0.197420691,0.165872864,3.611645725,0.219949225,3.3916965,0.106594311,0.08956054,2.040287565,0.124253513,1.916034052,0.385822089,0.213814053,3.423244327,1.933067823,0.087742529,0.073721273,1.605175878,0.097755211,1.507420667,0.047375249,0.039804684,0.906794473,0.055223783,0.85157069,0.171476484,0.095028468,1.521441923,0.859141255
SIPSEY,HWY14,2022,S8,33.040556,-88.113611,1991.700857,60-80_4,Opportunistic,Lampsilini,PFRA,0,0,0,0,0,0,0,0,0,0,0,0,0,0,0,0,0,0,0,0,0,0,0,0,0,0,0,NA
SIPSEY,HWY14,2022,S8,33.040556,-88.113611,1991.700857,60-80_4,Opportunistic,Lampsilini,LREC,0,0,0,0,0,0,0,0,0,0,0,0,0,0,0,0,0,0,0,0,0,0,0,0,0,0,0,NA
SIPSEY,HWY14,2022,S8,33.040556,-88.113611,1991.700857,60-80_4,Periodic,Lampsilini,OARK,0,0,0,0,0,0,0,0,0,0,0,0,0,0,0,0,0,0,0,0,0,0,0,0,0,0,0,NA
SIPSEY,HWY14,2022,S8,33.040556,-88.113611,1991.700857,60-80_4,Opportunistic,Lampsilini,PINF,0,0,0,0,0,0,0,0,0,0,0,0,0,0,0,0,0,0,0,0,0,0,0,0,0,0,0,NA
SIPSEY,HWY14,2022,S8,33.040556,-88.113611,1991.700857,60-80_4,Equilibrium,Pleurobemini,PPER,0,0,0,0,0,0,0,0,0,0,0,0,0,0,0,0,0,0,0,0,0,0,0,0,0,0,0,NA
SIPSEY,HWY14,2022,S8,33.040556,-88.113611,1991.700857,60-80_4,Opportunistic,Lampsilini,LTER,0,0,0,0,0,0,0,0,0,0,0,0,0,0,0,0,0,0,0,0,0,0,0,0,0,0,0,NA
SIPSEY,HWY14,2022,S8,33.040556,-88.113611,1991.700857,60-80_4,Periodic,Alasmodontini,SSUB,0,0,0,0,0,0,0,0,0,0,0,0,0,0,0,0,0,0,0,0,0,0,0,0,0,0,0,NA
SIPSEY,HWY14,2022,S8,33.040556,-88.113611,1991.700857,60-80_4,Opportunistic,Lampsilini,TPAR,0,0,0,0,0,0,0,0,0,0,0,0,0,0,0,0,0,0,0,0,0,0,0,0,0,0,0,NA
SIPSEY,HWY14,2022,S8,33.040556,-88.113611,1991.700857,60-80_4,Opportunistic,Lampsilini,PPUR,0,0,0,0,0,0,0,0,0,0,0,0,0,0,0,0,0,0,0,0,0,0,0,0,0,0,0,NA
SIPSEY,HWY14,2022,S8,33.040556,-88.113611,1991.700857,60-80_4,Periodic,Lampsilini,HPER,0,0,0,0,0,0,0,0,0,0,0,0,0,0,0,0,0,0,0,0,0,0,0,0,0,0,0,NA
SIPSEY,HWY14,2022,S8,33.040556,-88.113611,1991.700857,60-80_4,Periodic,Lampsilini,VVIB,0,0,0,0,0,0,0,0,0,0,0,0,0,0,0,0,0,0,0,0,0,0,0,0,0,0,0,NA
SIPSEY,HWY14,2022,S8,33.040556,-88.113611,1991.700857,60-80_4,Periodic,Pleurobemini,ECRA,0,0,0,0,0,0,0,0,0,0,0,0,0,0,0,0,0,0,0,0,0,0,0,0,0,0,0,NA
SIPSEY,HWY14,2022,S8,33.040556,-88.113611,1991.700857,60-80_4,Opportunistic,Lampsilini,TTRU,0,0,0,0,0,0,0,0,0,0,0,0,0,0,0,0,0,0,0,0,0,0,0,0,0,0,0,NA
SIPSEY,HWY14,2022,S8,33.040556,-88.113611,1991.700857,60-80_4,NA,Lampsilini,LAMP,0,0,0,0,0,0,0,0,0,0,0,0,0,0,0,0,0,0,0,0,0,0,0,0,0,0,0,NA
SIPSEY,HWY14,2022,S8,33.040556,-88.113611,1991.700857,60-80_4,Periodic,Anodontini,LCOM,0,0,0,0,0,0,0,0,0,0,0,0,0,0,0,0,0,0,0,0,0,0,0,0,0,0,0,NA
